id,name,tags,mod
TR_m3_voicebottle21,"""???""",,TR_Mainland
TR_m3_voicebottle7,"""Ashlander Wise Woman""",,TR_Mainland
TR_m3_voicebottle17,"""Charles the Plant""",,TR_Mainland
TR_m3_voicebottle14,"""Colovian Farmer""",,TR_Mainland
TR_m3_voicebottle10,"""Dunmer Seductress""",,TR_Mainland
TR_m3_voicebottle22,"""Im-Leet""",,TR_Mainland
TR_m3_voicebottle24,"""Indoril Squeak""",,TR_Mainland
TR_m3_voicebottle8,"""Inebriated Orc""",,TR_Mainland
tr_m3_voicebottle16,"""Mad Telvanni Wizard""",,TR_Mainland
TR_m3_voicebottle19,"""Nord Windtalker""",,TR_Mainland
TR_m3_voicebottle23,"""Rolf the Nord""",,TR_Mainland
TR_m2_q_32_fake_coherer,"""Royal"" Dwemer Coherer",,TR_Mainland
TR_m3_voicebottle20,"""Sky Render""",,TR_Mainland
TR_m3_voicebottle13,"""Sload Drug Lord""",,TR_Mainland
TR_m3_voicebottle15,"""The Wolf Queen""",,TR_Mainland
TR_m3_voicebottle18,"""Tsaeci Selective""",,TR_Mainland
TR_m3_voicebottle9,"""Zurin Arctus""",,TR_Mainland
TR_m7_Ns_IL_4_Package,'Prulius Sudatian' Package,,TR_Mainland
T_Imp_Painting_Fort,A Fort Between Umbrella Trees,,Tamriel_Data
key_hircine1,A Glowing Key,key,Bloodmoon
key_hircine2,A Glowing Key,key,Bloodmoon
key_hircine3,A Glowing Key,key,Bloodmoon
TR_m3_Kha_Key_00,A Glowing Key,key,TR_Mainland
TR_m3_Kha_Key_01,A Glowing Key,key,TR_Mainland
TR_m3_Kha_Key_02,A Glowing Key,key,TR_Mainland
TR_m3_Kha_Key_03,A Glowing Key,key,TR_Mainland
TR_m3_Kha_Key_04,A Glowing Key,key,TR_Mainland
TR_m3_Kha_Key_05,A Glowing Key,key,TR_Mainland
TR_m3_Kha_Key_06,A Glowing Key,key,TR_Mainland
TR_m4_VM_Daedric_Ruin_1_key,A Key To Somewhere,key,TR_Mainland
T_Imp_Painting_Fount,A Peculiar Fountain,,Tamriel_Data
T_Imp_Painting_Tree,A Pelican on the Driftwood,,Tamriel_Data
TR_TV2_Cave4_Key,A Rusty Key,key,TR_Mainland
key_gshipwreck,A Simple Key,key,Morrowind
key_oritius,A Small Key,key,Morrowind
T_Imp_Painting_Pier,A Small Pier by the Rocky Beach,,Tamriel_Data
TR_m3_key_Tollbridge,A Worn Key,key,TR_Mainland
TR_m2_ITO_HE_KeyPawnbroker,Aarlen Lleranoth's Key,key,TR_Mainland
AB_Misc_Abacus,Abacus,,OAAB_Data
T_De_Abacus_01,Abacus,,Tamriel_Data
TR_m7_Sharai_KeyAbandApartment,Abandoned Apartment Key,key,TR_Mainland
TR_m7_Sharai_KeyAbandonedStore,Abandoned Store Key,key,TR_Mainland
key_abebaalslaves_01,Abebaal Slave Key,key,Morrowind
key_elmussadamori,Abebaal Slave Key,key,Morrowind
TR_m7_KeyVadarynAcarynel,Acarynel's Room Key,key,TR_Mainland
TR_m4_RR_Cave_3_key,Adammuburtu Key,key,TR_Mainland
TR_m7_Sharai_KeyFaryon,Adavas Faryon's Key,key,TR_Mainland
TR_m7_AdavrinMineKeySlave,Adavrin Mine Slave Key,key,TR_Mainland
TR_m7_Adavrin_KeyManor,Adavrin Plantation Manor Key,key,TR_Mainland
TR_m7_Adavrin_KeySlave,Adavrin Plantation Slave Key,key,TR_Mainland
TR_m7_Adavrin_KeyVault1,Adavrin Plantation Vault Key 1,key,TR_Mainland
TR_m7_Adavrin_KeyVault2,Adavrin Plantation Vault Key 2,key,TR_Mainland
TR_m4_AA_AddaiSlaveKey,Addai Ebony Mine Slave Key,key,TR_Mainland
key_addamasartusslaves_01,Addamasartus Slave Key,key,Morrowind
key_slave_addamasartus,Addamasartus Slave Key,key,Morrowind
TR_m4_key_adhuhartis_slave,Adhuhartis Slave Key,key,TR_Mainland
TR_m1_ITO_FW_KeyNavyBase01,Admiral Kuvir's Key,key,TR_Mainland
TR_m1_ITO_FW_KeyCollege05,Adrieldan's Key,key,TR_Mainland
T_De_Music_Adun,Adun,,Tamriel_Data
key_aharunartusslaves_01,Aharunartus Slave Key,key,Morrowind
TR_m2-344_key_slave,Ahhesha Slave Key,key,TR_Mainland
key_ahnassi,Ahnassi's key,key,Morrowind
TR_m3_Aim_LighthouseKey,Aimrah Lighthouse Key,key,TR_Mainland
TR_m3_key_AimrahInnSlave,Aimrah Sailors' Inn Slave Key,key,TR_Mainland
TR_m3_key_AimrahWarehouseKey,Aimrah Warehouse Key,key,TR_Mainland
TR_m7_Narsis_KeyAinat,Ainat Vesuri's Key,key,TR_Mainland
TR_i2-66_key_DD08,Akamora Jail Key,key,TR_Mainland
TR_m3_key_Akindal,Akintal's Key,key,TR_Mainland
TR_NecMQ_ANirolKey,Alcedo Nirol's Key,key,TR_Mainland
AB_Misc_AlchJarEmpty01,Alchemical Jar,,OAAB_Data
AB_Misc_AlchJarEmpty02,Alchemical Jar,,OAAB_Data
TR_m7_AI_KeyCounil,Ald Iuval Council Hall Key,key,TR_Mainland
TR_m7_AI_KeyKogotel,Ald Iuval Kogotel Key,key,TR_Mainland
TR_m7_AI_KeyTemple,Ald Iuval Temple Key,key,TR_Mainland
TR_m7_AI_KeyVault,Ald Iuval Vault Key,key,TR_Mainland
TR_m7_AM_KeyArmory,Ald Marak Armory Key,key,TR_Mainland
TR_m7_AM_KeyKogotel,Ald Marak Kogotel Key,key,TR_Mainland
TR_m7_AM_KeyVault,Ald Marak Vault Key,key,TR_Mainland
TR_m7_Narsis_KeyAldyna,Aldyna Delms' Key,key,TR_Mainland
TR_m1_key_slave_alendu,Alendu Plantation Slave Key,key,TR_Mainland
TR_m1_ITO_AL_KeyIcebreaker01,Allia Aberus' Key,key,TR_Mainland
TR_m3_AT_Key_Temple,Almas Thirr Temple Key,key,TR_Mainland
TR_m2_plans_i2-307,Altered Dwemer Centurion Plans,,TR_Mainland
T_De_Index_Althandas,Althandas Propylon Index,,Tamriel_Data
TR_m4_key_AlverSlave,Alver Farmhouse Slave Key,key,TR_Mainland
TR_m4_Bd_Alvur_key,Alvur Nirano's Key,key,TR_Mainland
key_alvur,Alvur's Key,key,Morrowind
TR_m2_key_ayemar_jail,Ammar Jail Key,key,TR_Mainland
T_Imp_Painting_Archein,An Archein Bureaucrat,,Tamriel_Data
key_Senim_tomb,An old tomb key,key,Morrowind
key_marvani_tomb,"An old, ashy key",key,Morrowind
TR_m4_Om_AncientBowl,Ancient Bowl,bowl,TR_Mainland
T_Imp_ColBarrowBowl_01,Ancient Bronze Bowl,bowl,Tamriel_Data
T_Imp_ColBarrowChalice_01,Ancient Bronze Chalice,,Tamriel_Data
T_Imp_ColBarrowGoblet_01,Ancient Bronze Goblet,cup,Tamriel_Data
T_Imp_ColBarrowPlatter_01,Ancient Bronze Platter,,Tamriel_Data
T_Imp_ColBarrowClayBowl_01,Ancient Clay Bowl,bowl,Tamriel_Data
T_Imp_ColBarrowClayCup_01,Ancient Clay Cup,cup,Tamriel_Data
T_Imp_ColBarrowClayFlask_01,Ancient Clay Flask,bottle,Tamriel_Data
T_Imp_ColBarrowClayPitcher_01,Ancient Clay Pitcher,cup,Tamriel_Data
T_Imp_ColBarrowClayPlate_01,Ancient Clay Plate,plate,Tamriel_Data
T_Imp_ColBarrowClayPlatter_01,Ancient Clay Platter,,Tamriel_Data
key_ashalmawia_prisoncell,Ancient daedric Key,key,Morrowind
key_ashurninibi,Ancient daedric Key,key,Morrowind
key_Forge of Rolamus,Ancient daedric Key,key,Morrowind
TR_m3_harrumatKey,Ancient Daedric Key,key,TR_Mainland
TR_m4_AA_Dae_2_Key,Ancient Daedric Key,key,TR_Mainland
TR_m7_Kalk_Vault_Key_01,Ancient Daedric Key,key,TR_Mainland
TR_m7_TV4_Mhas_Key,Ancient Daedric Key,key,TR_Mainland
key_fg_nchur,Ancient Dwemer Door Key,key,Morrowind
TR_m3-278_key-ancient,Ancient Dwemer Key,key,TR_Mainland
TR_i3-591_RaathimLichgateKey,Ancient Key,key,TR_Mainland
TR_m2_i274_key_daegrottochest,Ancient Key,key,TR_Mainland
T_Nor_CoinBarrowCopper_01,Ancient Nord Copper Coin,,Tamriel_Data
T_Nor_CoinBarrowIron_01,Ancient Nord Iron Coin,,Tamriel_Data
T_Nor_CoinBarrowSilver_01,Ancient Nord Silver Coin,,Tamriel_Data
TR_m3_OE_FG_LenwSkel,Ancient Skeleton,,TR_Mainland
TR_m3_OE_FG_q_ConstSkelet,Ancient Skeleton,,TR_Mainland
key_ashurninibi_lost,"Ancient, rusted Daedric Key",key,Morrowind
key_ibardad_tomb,"Ancient, rusted Daedric Key",key,Morrowind
TR_m4_key_AndasGuestSuite,Andas Estate Guest Suite Key,key,TR_Mainland
TR_m4_Andoth_AndasSewerKey,Andas Estate Sewer Key,key,TR_Mainland
TR_m4_key_AndasSlave,Andas Estate Slave Key,key,TR_Mainland
TR_m4_key_AndasVault,Andas Estate Vault Key,key,TR_Mainland
TR_m4_key_AndasManor,Andas Manor Key,key,TR_Mainland
index_andra,Andasreth Propylon Index,,Morrowind
TR_m3_AT_Key_Andrano,Andrano Apartment Key,key,TR_Mainland
T_De_Index_Andvaryon,Andvaryon Propylon Index,,Tamriel_Data
TR_m7_Narsis_KeyAnel,Anel Ralaal' Key,key,TR_Mainland
key_anja,Anja's Key,key,Morrowind
TR_m3_AT_Key_Anmoleth,Anmoleth's Key,key,TR_Mainland
TR_m7_HK_key_annalina,Annalina Conrel's Key,key,TR_Mainland
TR_m3_AT_Key_Dreloth,Ano Dreloth's Key,key,TR_Mainland
T_Nor_Antler_01,Antler,,Tamriel_Data
T_Nor_Antler_02,Antler,,Tamriel_Data
T_Nor_Antler_03,Antler,,Tamriel_Data
TR_m1_ITO_FW_KeyAntoni,Antoni Manor Key,key,TR_Mainland
TR_m7_HK_key_tiger_antonius,Antonius Rato's Key,key,TR_Mainland
misc_dwrv_artifact30,Anumidium Plans,,Morrowind
TR_m7_VtowerBsmtKey,Apartments' Basement Key,key,TR_Mainland
TR_m3_OE_MG_AquariumKey,Aquarium Key,key,TR_Mainland
TR_m2_q_27_slavekey,Aravel-Senim Slave Key,key,TR_Mainland
TR_m2_q_27_slavekeystatic,Aravel-Senim Slave Key,key,TR_Mainland
TR_m7_Narsis_KeyMGArch,Arch-Mage's Chamber Key,key,TR_Mainland
key_archcanon_private,Archcanon's Private Key,key,Morrowind
TR_m7_Narsis_KeyArdi,Ardi Oaken-Cave's Key,key,TR_Mainland
TR_m7_KeyArenFarm,Aren Farm Key,key,TR_Mainland
key_vivec_arena_cell,Arena Cell Key,key,Morrowind
TR_m7_Ns_ArenaEbonyScale,Arena Ebony Scale,,TR_Mainland
TR_m7_Ns_ArenaGoldScale,Arena Gold Scale,,TR_Mainland
TR_m7_Narsis_KeyArenaCells,Arena Holding Cells Key,key,TR_Mainland
TR_m7_Ns_ArenaIronScale,Arena Iron Scale,,TR_Mainland
TR_m7_Ns_ArenaSilvScale,Arena Silver Scale,,TR_Mainland
key_Arenim,Arenim burial key,key,Morrowind
T_Com_SkullArgonian_01,Argonian Skull,,Tamriel_Data
T_Com_SkullArgonian_02,Argonian Skull,,Tamriel_Data
TR_m3_q_IL_mortuary_key,Arkay's Tower Undercroft Key,key,TR_Mainland
key_armigers_stronghold,Armigers Stronghold dungeon key,key,Morrowind
key_arobarmanorguard_01,Arobar Manor Guard's Key,key,Morrowind
key_arobarmanor_01,Arobar Manor Key,key,Morrowind
TR_m7_Narsis_KeyArtalamel,Artalamel's Key,key,TR_Mainland
key_arvs-drelen_cell,Arvs-Drelen Cell Key,key,Morrowind
TR_m4_Bal_ArvsShadanKey,Arvs-Shadan Slave Key,key,TR_Mainland
key_chest_aryniorethi_01,Aryni Orethi's Key,key,Morrowind
TR_m7_HO_AsaniSerdimapalKey,Asani Serdimapal's Key,key,TR_Mainland
T_De_6th_Sleeper_Skull_01,Ascended Sleeper Skull,,Tamriel_Data
AB_Misc_BoneSkelSkullGhoul,Ash Ghoul Skull,,OAAB_Data
misc_6th_ash_statue_01,Ash Statue,,Morrowind
AB_Misc_6thAshStatue02,Ash Statue,,OAAB_Data
AB_Misc_6thAshStatue04,Ash Statue,,OAAB_Data
AB_Misc_6thAshStatue07,Ash Statue,,OAAB_Data
AB_Misc_6thAshStatue13,Ash Statue,,OAAB_Data
TR_m4_HH_GavrosStatue,Ash Statue,,TR_Mainland
TR_M7_SH1_Tomb_1_Andrus,Ashes of Andrus Hlaalu,,TR_Mainland
devote_Nan_Dust_00,Ashes of D. Bryant,,Morrowind
TR_m1_C_Eyeball88_Devote,Ashes of D. McRae,,TR_Mainland
TR_m1_Voun_AshesUNI01,Ashes of Dram,,TR_Mainland
TR_m2_necrom_enduur_uni,Ashes of En-Duur,,TR_Mainland
TR_m3_TT_RIP_fedura_ash,Ashes of Fedura Ovav,,TR_Mainland
devote_Lyngas_Dust_00,Ashes of G. Lyngas,,Morrowind
devote_Brinne_Dust_00,Ashes of Lord Brinne,,Morrowind
TR_NecMQ_NerevarAshes,Ashes of Lord Indoril Nerevar,,TR_Mainland
TR_m1_Voun_AshesUNI02,Ashes of Maelo Tranem,,TR_Mainland
TR_m4_q_Mervur_ashes,Ashes of Mervur Moryn,,TR_Mainland
TR_ow09_tomb02_OreynAsh,Ashes of Oreyn Bearclaw,,TR_Mainland
TR_m1_Voun_AshesUNI04,Ashes of Relor Hlaalu,,TR_Mainland
TR_M7_SH1_Tomb_1_Sevus,Ashes of Sevus Hlaalu,,TR_Mainland
TR_m1_Voun_AshesUNI05,Ashes of Sulori Veno,,TR_Mainland
TR_M7_SH1_Tomb_1_Tharel,Ashes of Tharel Hlaalu,,TR_Mainland
TR_M7_SH1_Tomb_1_Varusea,Ashes of Varusea Hlaalu,,TR_Mainland
TR_m1_Voun_AshesUNI03,Ashes of Vasinu Dreloth,,TR_Mainland
TR_m7_AshishibishiSlaveKey,Ashishibishi Slave Key,key,TR_Mainland
AB_w_AshlEbonyArrow10x,Ashlander Ebony Arrow (10),,OAAB_Data
AB_Misc_AshlFlute,Ashlander Flute,,OAAB_Data
AB_Mus_AshlFlute,Ashlander Flute,,OAAB_Data
AB_w_AshlGlassArrow10x,Ashlander Glass Arrow (10),,OAAB_Data
key_assarnudslaves_01,Assarnud Slave Key,key,Morrowind
key_assi,Assi's Key,key,Morrowind
T_Com_Astrolabe_01,Astrolabe,,Tamriel_Data
TR_m7_HO_WharfsEndKey,At Wharf's End Key,key,TR_Mainland
TR_m7_Narsis_KeyPawnbrokerFQ,Atestas Cinti's Key,key,TR_Mainland
TR_m7_TV10_KeyAthilTomb,Athil Tomb Key,key,TR_Mainland
T_De_Painting_UNI_FFF,Athires Hlaalu,,Tamriel_Data
T_De_Painting_UNI_Oran,Atran Oran,,Tamriel_Data
TR_m4_Ando_ManorE_Key_01,Atrius Manor Servant Key,key,TR_Mainland
TR_m4_Ando_ManorE_Key_02,Atrius Manor Vault Key,key,TR_Mainland
T_Com_ShellAuger_01,Auger Shell,shell,Tamriel_Data
T_Com_ShellAuger_02,Auger Shell,shell,Tamriel_Data
T_Com_ShellAuger_03,Auger Shell,shell,Tamriel_Data
T_Com_ShellAuger_04,Auger Shell,shell,Tamriel_Data
key_aurane1,Aurane Frernis' Key,key,Morrowind
T_Ayl_Goblet_01,Ayleid Goblet,cup,Tamriel_Data
T_Ayl_Hook_01,Ayleid Hook,,Tamriel_Data
T_Ayl_Key_01,Ayleid Keystone,,Tamriel_Data
T_Ayl_Knife_01,Ayleid Knife,knife,Tamriel_Data
T_Ayl_Plate_01,Ayleid Plate,plate,Tamriel_Data
T_Ayl_Scrollcase_01,Ayleid Scroll Case,,Tamriel_Data
T_Ayl_Statuette_01,Ayleid Statuette,,Tamriel_Data
Misc_SoulGem_Azura,Azura's Star,,Morrowind
TR_m7_Narsis_KeyBackwater,Backwater Key,key,TR_Mainland
TR_m4_AA_UvaynJewelryBag_01,Bag of Balvene Uvayn's Jewelry,,TR_Mainland
TR_m4-445_misc_seeds,Bag Of Seeds,,TR_Mainland
TR_m4-114_TreasuryKey_03,Bal Foyen Archives Key,key,TR_Mainland
TR_m4_key_AndoCouncilClub,Bal Foyen Council Club Key,key,TR_Mainland
TR_m4-114_TreasuryKey_04,Bal Foyen Council Vault I Key,key,TR_Mainland
TR_m4-114_TreasuryKey_05,Bal Foyen Council Vault II Key,key,TR_Mainland
TR_m4-114_TreasuryKey_06,Bal Foyen Council Vault III Key,key,TR_Mainland
TR_m4-114_TreasuryKey_07,Bal Foyen Council Vault IV Key,key,TR_Mainland
TR_m4_AndoG_key3,Bal Foyen Court Evidence Key,key,TR_Mainland
TR_m4_AndoG_key1,Bal Foyen Court Record Key,key,TR_Mainland
TR_m4_AndoG_key4,Bal Foyen Court Vault Key,key,TR_Mainland
TR_m4_andoport_records,Bal Foyen Port Authority Key,key,TR_Mainland
TR_m4_AndoG_key2,Bal Foyen Prison Key,key,TR_Mainland
TR_m4_And_Temple_Coff_Key,Bal Foyen Temple Coffers Key,key,TR_Mainland
TR_m4_And_Temple_Key,Bal Foyen Temple Key,key,TR_Mainland
TR_m4-114_TreasuryKey_01,Bal Foyen Treasury Key #1,key,TR_Mainland
TR_m4-114_TreasuryKey_02,Bal Foyen Treasury Key #2,key,TR_Mainland
TR_m4_Ando_Key_WharfHideout,Bal Foyen Wharf Hideout Key,key,TR_Mainland
TR_m1_BO_DungeonKey,Bal Oyra Dungeon Key,key,TR_Mainland
TR_m3_key_BalathrenSlaveKey,Balathren Farmstead Slave Key,key,TR_Mainland
TR_m7_Narsis_KeyBalonas,Balonas Nothro's Key,key,TR_Mainland
T_Imp_NibPipeBamb_01,Bamboo Pipe,,Tamriel_Data
key_shushishi,Bandit's Key,key,Morrowind
TR_m4_VM_Cave_5_key,Barbarian's Key,key,TR_Mainland
T_De_Index_Barendreth,Barendreth Propylon Index,,Tamriel_Data
TR_m3_OE_key_barristers,Barristers' Guild Key,key,TR_Mainland
TR_m4_q_EuphoriaKey,Barunal Slave Key,key,TR_Mainland
TR_m7_KeyBaryonPlantationManor,Baryon Plantation Manor Key,key,TR_Mainland
TR_m7_KeyBaryonPlantationSlave,Baryon Plantation Slave Key,key,TR_Mainland
TR_m4-349_Key,Barzamthuand Brass Key,key,TR_Mainland
TR_m4_Basan-Dur_key,Basan-Dur Key,key,TR_Mainland
key_balmorag_tong_01,Basement Key,key,Morrowind
key_gro-bagrat,Basement Key,key,Morrowind
TR_m3_Kha_1_Basement_Key,Basement key,key,TR_Mainland
TR_m7_NarsisTower54_BasementKey,Basement Key,key,TR_Mainland
T_We_Basiliskhide_01,Basilisk Hide,,Tamriel_Data
misc_com_basket_02,Basket,basket,Bloodmoon
misc_de_basket_01,Basket,basket,Bloodmoon
misc_com_basket_01,Basket,basket,Morrowind
misc_com_basket_02,Basket,basket,Morrowind
misc_de_basket_01,Basket,basket,Morrowind
T_Bre_Basket_01,Basket,basket,Tamriel_Data
T_Bre_Basket_02,Basket,basket,Tamriel_Data
T_Bre_Basket_03,Basket,basket,Tamriel_Data
T_He_Basket_01,Basket,basket,Tamriel_Data
T_He_Basket_02,Basket,basket,Tamriel_Data
T_He_Basket_03,Basket,basket,Tamriel_Data
T_He_Basket_04,Basket,basket,Tamriel_Data
T_Kha_Basket_01,Basket,basket,Tamriel_Data
T_Kha_Basket_02,Basket,basket,Tamriel_Data
T_Nor_Basket_01,Basket,basket,Tamriel_Data
T_Nor_Basket_02,Basket,basket,Tamriel_Data
T_Nor_Basket_03,Basket,basket,Tamriel_Data
T_Nor_Basket_04,Basket,basket,Tamriel_Data
T_Rga_Basket_01,Basket,basket,Tamriel_Data
T_Rga_Basket_02,Basket,basket,Tamriel_Data
T_Rga_Basket_03,Basket,basket,Tamriel_Data
T_Rga_Basket_04,Basket,basket,Tamriel_Data
T_Rga_Basket_05,Basket,basket,Tamriel_Data
T_Rga_Basket_06,Basket,basket,Tamriel_Data
misc_beaker_01,Beaker,,Bloodmoon
misc_beaker_01,Beaker,,Morrowind
key_desele,Bedroom Key,key,Morrowind
TR_key_m3-695-Ind,Bedroom Key,key,TR_Mainland
TR_m3_OE_MG_BedroomKey,Bedroom Key,key,TR_Mainland
TR_m7_IndomaranoBedroomKey,Bedroom Key,key,TR_Mainland
T_Com_Tankard_01,Beer Mug,,Tamriel_Data
TR_m3_AT_Key_Dralam,Belas Dralami's House Key,key,TR_Mainland
misc_de_bellows10,Bellows,,Bloodmoon
misc_de_bellows10,Bellows,,Morrowind
misc_Beluelle_silver_bowl,Beluelle's Silver bowl,bowl,Morrowind
TR_m7_Narsis_KeyBelvin,Belvin Uvalas' Key,key,TR_Mainland
TR_m7_HO_BelvisDarethranKey,Belvis Darethran's Key,key,TR_Mainland
index_beran,Berandas Propylon Index,,Morrowind
TR_i2_key_i340_slaves,Berantus Slave Key,key,TR_Mainland
TR_m7_HO_BeronOmoranKey,Beron Omoran's Key,key,TR_Mainland
TR_m7_KeyBessarnamidan,Bessarnamidan Sanctum Key,key,TR_Mainland
TR_m1_ITO_FW_KeyBrazenMaiden,Bidsi Vidryon's Key,key,TR_Mainland
TR_m7_KeyBileruVeren,Bileru Veren's Key,key,TR_Mainland
T_De_Index_Bisandryon,Bisandryon Propylon Index,,Tamriel_Data
artifact_bittercup_01,Bittercup,,Morrowind
key_bivaleteneran_01,Bivale Teneran's Key,key,Morrowind
TR_m3_essrose_i3-128-ind,Black Rose Essential Oil,,TR_Mainland
AB_Misc_SoulGemBlack,Black Soul Gem,,OAAB_Data
AB_Misc_ComPaintCanvas01,Blank Canvas,,OAAB_Data
AB_Misc_ComPaintCanvas01g,Blank Canvas,,OAAB_Data
AB_Misc_ComPaintCanvas02,Blank Canvas,,OAAB_Data
AB_Misc_ComPaintCanvas02g,Blank Canvas,,OAAB_Data
AB_Misc_ComPaintCanvas03,Blank Canvas,,OAAB_Data
TR_m3_q_bloodstone,Bloodstone,,TR_Mainland
TR_m3_q_bloodstone_actv,Bloodstone,,TR_Mainland
TR_m3_OE_MGGemReward,Bloodstone of Daedric Inference,,TR_Mainland
TR_m4_q_bloodybone,Bloody Bone,,TR_Mainland
TR_m4_q_bloodybone_mi,Bloody Bone,,TR_Mainland
TR_m4_q_bloodyskull,Bloody Skull,,TR_Mainland
AB_Misc_Blotter,Blotter,,OAAB_Data
T_De_CandleBlue_01,Blue Candle,,Tamriel_Data
T_He_BlueCeladonBowl_01,Blue Celadon Bowl,bowl,Tamriel_Data
T_He_BlueCeladonCup_01,Blue Celadon Cup,cup,Tamriel_Data
T_He_BlueCeladonPlate_01,Blue Celadon Plate,plate,Tamriel_Data
T_He_BlueCeladonPlatter_01,Blue Celadon Platter,,Tamriel_Data
T_He_BlueCeladonPot_01,Blue Celadon Pot,pot,Tamriel_Data
T_He_BlueCeladonTeapot_01,Blue Celadon Teapot,teapot,Tamriel_Data
T_He_BlueCeladonVase_01,Blue Celadon Vase,,Tamriel_Data
T_He_BlueCeladonVase_02,Blue Celadon Vase,,Tamriel_Data
T_He_BlueCeladonVase_03,Blue Celadon Vase,,Tamriel_Data
misc_de_pot_blue_02,Blue Clay Pot,pot,Morrowind
AB_Misc_DeBlueGlass_01,Blue Glass,,OAAB_Data
T_De_BlueGlassGlass_01,Blue Glass,,Tamriel_Data
T_De_BlueGlassBowel_01,Blue Glass Bowel,,Tamriel_Data
AB_Misc_DeBlueGlassBowl_01,Blue Glass Bowl,bowl,OAAB_Data
T_De_BlueGlassBowl_01,Blue Glass Bowl,bowl,Tamriel_Data
AB_Misc_DeBlueGlassCup_01,Blue Glass Cup,cup,OAAB_Data
T_De_BlueGlassCup_01,Blue Glass Cup,cup,Tamriel_Data
AB_Misc_DeBluePlate_01,Blue Glass Plate,plate,OAAB_Data
misc_de_pot_blue_01,Blue Glass Pot,pot,Morrowind
T_Com_PaintpotB_01,Blue Paint Pot,pot,Tamriel_Data
T_Com_PaintpotB_02,Blue Paint Pot,pot,Tamriel_Data
T_Com_TileBlue_01,Blue Tile,,Tamriel_Data
T_He_BluewareBowl_01,Blueware Bowl,bowl,Tamriel_Data
T_He_BluewareCup_01,Blueware Cup,cup,Tamriel_Data
T_He_BluewarePitcher_01,Blueware Pitcher,cup,Tamriel_Data
T_He_BluewarePlate_01,Blueware Plate,plate,Tamriel_Data
T_He_BluewarePlatter_01,Blueware Platter,,Tamriel_Data
T_He_BluewarePot_01,Blueware Pot,pot,Tamriel_Data
T_He_BluewarePot_02,Blueware Pot,pot,Tamriel_Data
T_He_BluewareVase_01,Blueware Vase,,Tamriel_Data
T_He_BluewareVase_02,Blueware Vase,,Tamriel_Data
AB_Misc_Bobbin_01,Bobbin,,OAAB_Data
AB_Misc_Bobbin_02,Bobbin,,OAAB_Data
AB_Misc_Bobbin_03,Bobbin,,OAAB_Data
AB_Misc_Bobbin_04,Bobbin,,OAAB_Data
AB_Misc_Bobbin_05,Bobbin,,OAAB_Data
key_bolayn,Bolayne's chest key,key,Morrowind
misc_clothbolt_01,Bolt of Cloth,cloth,Morrowind
misc_clothbolt_02,Bolt of Cloth,cloth,Morrowind
misc_clothbolt_03,Bolt of Cloth,cloth,Morrowind
AB_Misc_ComClothCurtain01,Bolt of Cloth,cloth,OAAB_Data
AB_Misc_ComClothCurtain02,Bolt of Cloth,cloth,OAAB_Data
AB_Misc_ComClothCurtain03,Bolt of Cloth,cloth,OAAB_Data
AB_Misc_ComClothCurtain04,Bolt of Cloth,cloth,OAAB_Data
T_Bre_Clothbolt_01,Bolt of Cloth,cloth,Tamriel_Data
T_Bre_Clothbolt_02,Bolt of Cloth,cloth,Tamriel_Data
T_Bre_Clothbolt_03,Bolt of Cloth,cloth,Tamriel_Data
T_He_Clothbolt_01,Bolt of Cloth,cloth,Tamriel_Data
T_He_Clothbolt_02,Bolt of Cloth,cloth,Tamriel_Data
T_He_Clothbolt_03,Bolt of Cloth,cloth,Tamriel_Data
T_Imp_Clothbolt_01,Bolt of Cloth,cloth,Tamriel_Data
T_Imp_Clothbolt_02,Bolt of Cloth,cloth,Tamriel_Data
T_Imp_Clothbolt_03,Bolt of Cloth,cloth,Tamriel_Data
T_Nor_Clothbolt_01,Bolt of Cloth,cloth,Tamriel_Data
T_Nor_Clothbolt_02,Bolt of Cloth,cloth,Tamriel_Data
T_Nor_Clothbolt_03,Bolt of Cloth,cloth,Tamriel_Data
T_Imp_Silkbolt_01,Bolt of Moth-Silk,,Tamriel_Data
T_Imp_Silkbolt_02,Bolt of Moth-Silk,,Tamriel_Data
T_Imp_Silkbolt_03,Bolt of Moth-Silk,,Tamriel_Data
T_Imp_Silkbolt_04,Bolt of Moth-Silk,,Tamriel_Data
T_Imp_Silkbolt_05,Bolt of Moth-Silk,,Tamriel_Data
AB_Misc_Bone,Bone,,OAAB_Data
T_Com_Bone,Bone,,Tamriel_Data
TR_m2_Gilan_Bones,Bone,,TR_Mainland
AB_w_BoneArrow10x,Bone Arrow (10),,OAAB_Data
devote_bone_Pop00,Bone from Pop Je,,Morrowind
T_Com_Key_01,Bone Key,key,Tamriel_Data
TR_m3-725_bone_key,Bone Key,key,TR_Mainland
TR_m7_LA6_Tomb_1_Key_Bone,Bone Key,key,TR_Mainland
TR_m7_DA_Nam_BoneTraitor,Bone of a Traitor,,TR_Mainland
AB_w_BonemoldArrow10x,Bonemold Arrow (10),,OAAB_Data
T_We_BonewareBottle_01,Boneware Bottle,bottle,Tamriel_Data
T_We_BonewareBowl_01,Boneware Bowl,bowl,Tamriel_Data
T_We_BonewareCup_01,Boneware Cup,cup,Tamriel_Data
T_We_BonewareFlask_01,Boneware Flask,bottle,Tamriel_Data
T_We_BonewareFork_01,Boneware Fork,fork,Tamriel_Data
T_We_BonewareKnife_01,Boneware Knife,knife,Tamriel_Data
T_We_BonewarePipe_01,Boneware Pipe,,Tamriel_Data
T_We_BonewarePlate_01,Boneware Plate,plate,Tamriel_Data
T_We_BonewareSpoon_01,Boneware Spoon,spoon,Tamriel_Data
T_We_BonewareTankard_01,Boneware Tankard,cup,Tamriel_Data
T_Com_BookendPoor_01,Bookend,,Tamriel_Data
T_Com_BookendRich_01,Bookend,,Tamriel_Data
T_De_BookendPoor_01,Bookend,,Tamriel_Data
T_De_BookendRich_01,Bookend,,Tamriel_Data
T_He_BookendPoor_01,Bookend,,Tamriel_Data
misc_com_bottle_01,Bottle,bottle,Bloodmoon
misc_com_bottle_02,Bottle,bottle,Bloodmoon
Misc_Com_Bottle_04,Bottle,bottle,Bloodmoon
misc_com_bottle_05,Bottle,bottle,Bloodmoon
misc_com_bottle_06,Bottle,bottle,Bloodmoon
Misc_Com_Bottle_08,Bottle,bottle,Bloodmoon
misc_com_bottle_09,Bottle,bottle,Bloodmoon
misc_com_bottle_10,Bottle,bottle,Bloodmoon
misc_com_bottle_11,Bottle,bottle,Bloodmoon
Misc_Com_Bottle_14,Bottle,bottle,Bloodmoon
misc_com_bottle_15,Bottle,bottle,Bloodmoon
misc_com_bottle_01,Bottle,bottle,Morrowind
misc_com_bottle_02,Bottle,bottle,Morrowind
Misc_Com_Bottle_04,Bottle,bottle,Morrowind
misc_com_bottle_05,Bottle,bottle,Morrowind
misc_com_bottle_06,Bottle,bottle,Morrowind
Misc_Com_Bottle_08,Bottle,bottle,Morrowind
misc_com_bottle_09,Bottle,bottle,Morrowind
misc_com_bottle_10,Bottle,bottle,Morrowind
misc_com_bottle_11,Bottle,bottle,Morrowind
misc_com_bottle_13,Bottle,bottle,Morrowind
Misc_Com_Bottle_14,Bottle,bottle,Morrowind
misc_com_bottle_14_float,Bottle,bottle,Morrowind
misc_com_bottle_15,Bottle,bottle,Morrowind
AB_Misc_ComBottleR01,Bottle,bottle,OAAB_Data
AB_Misc_ComBottleR02,Bottle,bottle,OAAB_Data
AB_Misc_ComBottleR03,Bottle,bottle,OAAB_Data
AB_Misc_ComBottleR04,Bottle,bottle,OAAB_Data
AB_Misc_ComBottleR06,Bottle,bottle,OAAB_Data
AB_Misc_ComBottle_01,Bottle,bottle,OAAB_Data
AB_Misc_ComBottle_02,Bottle,bottle,OAAB_Data
AB_Misc_ComBottle_03,Bottle,bottle,OAAB_Data
T_Bre_Bottle_01,Bottle,bottle,Tamriel_Data
T_Bre_Bottle_02,Bottle,bottle,Tamriel_Data
T_Bre_Bottle_05,Bottle,bottle,Tamriel_Data
T_Bre_Bottle_06,Bottle,bottle,Tamriel_Data
T_Bre_Bottle_09,Bottle,bottle,Tamriel_Data
T_Bre_Bottle_10,Bottle,bottle,Tamriel_Data
T_Bre_Bottle_13,Bottle,bottle,Tamriel_Data
T_Bre_Bottle_14,Bottle,bottle,Tamriel_Data
T_Com_BottleRed_01,Bottle,bottle,Tamriel_Data
T_Com_BottleRed_02,Bottle,bottle,Tamriel_Data
T_Com_BottleRed_03,Bottle,bottle,Tamriel_Data
T_Com_BottleRed_04,Bottle,bottle,Tamriel_Data
T_He_Bottle_01,Bottle,bottle,Tamriel_Data
T_He_Bottle_02,Bottle,bottle,Tamriel_Data
T_He_Bottle_03,Bottle,bottle,Tamriel_Data
T_He_Bottle_04,Bottle,bottle,Tamriel_Data
T_He_Bottle_06,Bottle,bottle,Tamriel_Data
T_He_Bottle_07,Bottle,bottle,Tamriel_Data
T_He_Bottle_08,Bottle,bottle,Tamriel_Data
T_He_Bottle_09,Bottle,bottle,Tamriel_Data
T_He_Bottle_11,Bottle,bottle,Tamriel_Data
T_He_Bottle_12,Bottle,bottle,Tamriel_Data
T_He_Bottle_13,Bottle,bottle,Tamriel_Data
T_He_Bottle_14,Bottle,bottle,Tamriel_Data
T_Qy_Bottle_01a,Bottle,bottle,Tamriel_Data
T_Qy_Bottle_01b,Bottle,bottle,Tamriel_Data
T_Qy_Bottle_01c,Bottle,bottle,Tamriel_Data
T_Qy_Bottle_01d,Bottle,bottle,Tamriel_Data
T_Qy_Bottle_02a,Bottle,bottle,Tamriel_Data
T_Qy_Bottle_02b,Bottle,bottle,Tamriel_Data
T_Qy_Bottle_02c,Bottle,bottle,Tamriel_Data
T_Qy_Bottle_02d,Bottle,bottle,Tamriel_Data
T_Rga_Bottle_01,Bottle,bottle,Tamriel_Data
T_Rga_Bottle_02,Bottle,bottle,Tamriel_Data
T_Rga_Bottle_03,Bottle,bottle,Tamriel_Data
T_Rga_Bottle_04,Bottle,bottle,Tamriel_Data
T_Rga_Bottle_07,Bottle,bottle,Tamriel_Data
T_Rga_Bottle_09,Bottle,bottle,Tamriel_Data
T_Rga_Bottle_11,Bottle,bottle,Tamriel_Data
T_Rga_Bottle_12,Bottle,bottle,Tamriel_Data
T_Rga_Bottle_13,Bottle,bottle,Tamriel_Data
T_Rga_Bottle_14,Bottle,bottle,Tamriel_Data
T_Rga_Bottle_17,Bottle,bottle,Tamriel_Data
T_Rga_Bottle_19,Bottle,bottle,Tamriel_Data
T_Yne_Bottle_01a,Bottle,bottle,Tamriel_Data
T_Yne_Bottle_01b,Bottle,bottle,Tamriel_Data
T_Yne_Bottle_01c,Bottle,bottle,Tamriel_Data
T_Yne_Bottle_01d,Bottle,bottle,Tamriel_Data
T_Yne_Bottle_02a,Bottle,bottle,Tamriel_Data
T_Yne_Bottle_02b,Bottle,bottle,Tamriel_Data
T_Yne_Bottle_02c,Bottle,bottle,Tamriel_Data
T_Yne_Bottle_02d,Bottle,bottle,Tamriel_Data
TR_m3_Sanguine_Bottle02,Bottle,bottle,TR_Mainland
TR_m3_Sanguine_Bottle05,Bottle,bottle,TR_Mainland
TR_m3_Sanguine_Bottle06,Bottle,bottle,TR_Mainland
TR_m3_blood_i1-453-aun,Bottle Of Dry Blood,bottle,TR_Mainland
misc_com_wood_bowl_02,Bowl,bowl,Bloodmoon
misc_com_redware_bowl,Bowl,bowl,Morrowind
misc_com_redware_bowl_01,Bowl,bowl,Morrowind
Misc_Com_Wood_Bowl_01,Bowl,bowl,Morrowind
misc_com_wood_bowl_02,Bowl,bowl,Morrowind
misc_com_wood_bowl_03,Bowl,bowl,Morrowind
misc_com_wood_bowl_04,Bowl,bowl,Morrowind
Misc_Com_Wood_Bowl_05,Bowl,bowl,Morrowind
misc_de_bowl_01,Bowl,bowl,Morrowind
misc_de_bowl_white_01,Bowl,bowl,Morrowind
AB_Misc_ComPewterBowl01,Bowl,bowl,OAAB_Data
AB_Misc_ComPewterBowl02,Bowl,bowl,OAAB_Data
T_Bre_WoodBowl_01,Bowl,bowl,Tamriel_Data
T_Bre_WoodBowl_02,Bowl,bowl,Tamriel_Data
T_Bre_WoodBowl_03,Bowl,bowl,Tamriel_Data
T_Bre_WoodBowl_04,Bowl,bowl,Tamriel_Data
T_Com_WoodBowl_a01,Bowl,bowl,Tamriel_Data
T_Com_WoodBowl_a02,Bowl,bowl,Tamriel_Data
T_Com_WoodBowl_b01,Bowl,bowl,Tamriel_Data
T_Com_WoodBowl_b02,Bowl,bowl,Tamriel_Data
T_Com_WoodBowl_c01,Bowl,bowl,Tamriel_Data
T_Com_WoodBowl_c02,Bowl,bowl,Tamriel_Data
T_Com_WoodBowl_c03,Bowl,bowl,Tamriel_Data
T_Imp_ColClayBowl_01,Bowl,bowl,Tamriel_Data
T_Rga_BlackwareBowl_01,Bowl,bowl,Tamriel_Data
T_Rga_RedwareBowl_01,Bowl,bowl,Tamriel_Data
key_brallion,Brallion's Key,key,Morrowind
T_Bre_BrassCandlestick_01,Brass Candlestick,,Tamriel_Data
T_Com_CandleStickBrass_01,Brass Candlestick,,Tamriel_Data
T_Com_Dodecahedron_01,Brass Implement,,Tamriel_Data
T_Com_Key_31,Brass Key,key,Tamriel_Data
TR_m1_key_FW_kitchen,Brass Key,key,TR_Mainland
T_Com_Key_11,Brass Puzzle Key,key,Tamriel_Data
AB_Misc_ScalesBrass,Brass Scales,,OAAB_Data
AB_Misc_ScalesBrassSkew,Brass Scales,,OAAB_Data
T_Com_ScalesBrass_01,Brass Scales,,Tamriel_Data
T_Com_ScalesBrass_02,Brass Scales,,Tamriel_Data
TR_m3_q_OE_tokenbrass,Brass Token,,TR_Mainland
AB_Misc_scalesBrassWght,Brass Weight,,OAAB_Data
AB_Misc_scalesBrassWghtBig,Brass Weight,,OAAB_Data
T_Com_Breadpaddle_01a,Bread Paddle,,Tamriel_Data
T_Com_Breadpaddle_01b,Bread Paddle,,Tamriel_Data
TR_m7_Narsis_KeyBrevurAbandoned,Brevur Heights Apartment Key,key,TR_Mainland
TR_m7_Narsis_KeyBrevurHeights,Brevur Heights Key,key,TR_Mainland
TR_m3_BrewChestKey,Brewers' Hall Chest Key,key,TR_Mainland
TR_m7_AHPicnicLute,Breynard's Lute,,TR_Mainland
TR_m1_ITO_FW_KeyBriricca,Briricca Vaults Key (Firewatch),key,TR_Mainland
TR_m7_Narsis_KeyBriricca,Briricca Vaults Key (Narsis),key,TR_Mainland
AB_Misc_BottleBrkBluBot,Broken Bottle,bottle,OAAB_Data
AB_Misc_BottleBrkBluTop,Broken Bottle,bottle,OAAB_Data
AB_Misc_BottleBrkBrwBot,Broken Bottle,bottle,OAAB_Data
AB_Misc_BottleBrkBrwTop,Broken Bottle,bottle,OAAB_Data
AB_Misc_BottleBrkGrnBot,Broken Bottle,bottle,OAAB_Data
AB_Misc_BottleBrkGrnTop,Broken Bottle,bottle,OAAB_Data
AB_Misc_BottleBrkRedBot,Broken Bottle,bottle,OAAB_Data
AB_Misc_BottleBrkRedTop,Broken Bottle,bottle,OAAB_Data
T_Com_BrokenBottle_01,Broken Bottle,bottle,Tamriel_Data
T_Com_BrokenBottle_02,Broken Bottle,bottle,Tamriel_Data
T_Com_BrokenBottle_03,Broken Bottle,bottle,Tamriel_Data
T_Com_BrokenBottle_04,Broken Bottle,bottle,Tamriel_Data
T_Com_BrokenBottle_05,Broken Bottle,bottle,Tamriel_Data
T_Com_BrokenBottle_06,Broken Bottle,bottle,Tamriel_Data
T_Com_BrokenBottle_07,Broken Bottle,bottle,Tamriel_Data
T_Com_BrokenBottle_08,Broken Bottle,bottle,Tamriel_Data
T_Imp_Legion_BroadswordBroken01,Broken Broadsword,,Tamriel_Data
T_He_DirenniFlask_01b,Broken Direnni Flask,bottle,Tamriel_Data
T_He_DirenniFlask_01c,Broken Direnni Flask,bottle,Tamriel_Data
T_He_DirenniFlask_02b,Broken Direnni Flask,bottle,Tamriel_Data
T_He_DirenniFlask_02c,Broken Direnni Flask,bottle,Tamriel_Data
T_He_DirenniFlask_03b,Broken Direnni Flask,bottle,Tamriel_Data
T_He_DirenniFlask_03c,Broken Direnni Flask,bottle,Tamriel_Data
T_He_DirenniFlask_05b,Broken Direnni Flask,bottle,Tamriel_Data
T_He_DirenniFlask_05c,Broken Direnni Flask,bottle,Tamriel_Data
T_He_DirenniFlask_06b,Broken Direnni Flask,bottle,Tamriel_Data
T_He_DirenniFlask_06c,Broken Direnni Flask,bottle,Tamriel_Data
T_He_DirenniFlask_06d,Broken Direnni Flask,bottle,Tamriel_Data
T_He_DirenniFlask_06e,Broken Direnni Flask,bottle,Tamriel_Data
AB_Misc_DwrvLanternBroken,Broken Dwemer Lantern,,OAAB_Data
T_Com_BrokenWeapon_03,Broken Imperial Broadsword,,Tamriel_Data
T_Com_BrokenWeapon_02,Broken Imperial Shortsword,,Tamriel_Data
TR_m2_q_6_BadShovel,Broken Muck Shovel,,TR_Mainland
TR_m3_q_OE_Urien_sword_01,Broken Poralia Family Sword,,TR_Mainland
T_Imp_Legion_ShortswordBroken01,Broken Shortsword,,Tamriel_Data
T_Com_BrokenWeapon_01,Broken Silver Dagger,,Tamriel_Data
AB_Misc_BoneSkelTorsoBroken,Broken Torso,,OAAB_Data
T_Qy_BronzeBowl_01,Bronze Bowl,bowl,Tamriel_Data
T_Qy_BronzeBowl_02,Bronze Bowl,bowl,Tamriel_Data
T_Qy_BronzeBowl_03,Bronze Bowl,bowl,Tamriel_Data
T_Qy_BronzeCup_01,Bronze Cup,cup,Tamriel_Data
T_Qy_BronzeCup_02,Bronze Cup,cup,Tamriel_Data
T_Qy_BronzeFork,Bronze Fork,fork,Tamriel_Data
T_Com_MetalPieceBronze_01,Bronze Ingot,,Tamriel_Data
T_Com_Key_12,Bronze Key,key,Tamriel_Data
TR_i3-721-CHESTS,Bronze Key,key,TR_Mainland
TR_i3-775-Imp_key,Bronze Key,key,TR_Mainland
T_Qy_BronzeKnife,Bronze Knife,knife,Tamriel_Data
T_Qy_BronzeLadel,Bronze Ladel,,Tamriel_Data
T_Qy_BronzePitcher_01,Bronze Pitcher,cup,Tamriel_Data
T_Qy_BronzePlate_01,Bronze Plate,plate,Tamriel_Data
T_Qy_BronzePlate_02,Bronze Plate,plate,Tamriel_Data
T_Qy_BronzePlatter,Bronze Platter,,Tamriel_Data
T_Qy_BronzeSpoon,Bronze Spoon,spoon,Tamriel_Data
T_Qy_BronzeVase_01,Bronze Vase,,Tamriel_Data
T_Qy_BronzeVase_02,Bronze Vase,,Tamriel_Data
T_Qy_BronzeVase_03,Bronze Vase,,Tamriel_Data
misc_com_broom_01,Broom,,Bloodmoon
misc_com_broom_01,Broom,,Morrowind
T_Com_FireplaceBroom_01,Broom,,Tamriel_Data
AB_Misc_Brush,Brush,,OAAB_Data
T_Com_Brush_01,Brush,,Tamriel_Data
TR_M2_bthangthmuzand_key,Bthangthamuzand Entry Key,key,TR_Mainland
misc_com_bucket_01,Bucket,bucket,Bloodmoon
misc_com_bucket_01,Bucket,bucket,Morrowind
misc_com_bucket_01_float,Bucket,bucket,Morrowind
misc_com_bucket_boe_UNI,Bucket,bucket,Morrowind
misc_com_bucket_boe_UNIa,Bucket,bucket,Morrowind
misc_com_bucket_boe_UNIb,Bucket,bucket,Morrowind
AB_Misc_ComBucket01Hang,Bucket,bucket,OAAB_Data
T_Bre_Bucket_01,Bucket,bucket,Tamriel_Data
T_Com_Bucket_01_Hang,Bucket,bucket,Tamriel_Data
T_Com_Bucket_02,Bucket,bucket,Tamriel_Data
T_Com_Bucket_02_Hang,Bucket,bucket,Tamriel_Data
T_Nor_Bucket_01,Bucket,bucket,Tamriel_Data
T_Rga_Bucket_01,Bucket,bucket,Tamriel_Data
TR_m7_NVA1_4_bucket_01,Bucket,bucket,TR_Mainland
TR_m7_NVA5_bucket_01,Bucket,bucket,TR_Mainland
TR_m7_NVA8_bucket_01,Bucket,bucket,TR_Mainland
key_cell_buckmoth_01,Buckmoth Prison Cell Key,key,Morrowind
AB_Misc_WickwheatBundle,Bundle of Wickwheat,,OAAB_Data
T_Com_Book_Burned_01,Burned Book,,Tamriel_Data
key_cabin,Cabin Key,key,Morrowind
key_caius_cosades,Caius Cosades' Key,key,Morrowind
TR_m7_Narsis_KeyCalaril,Calaril Comet Key,key,TR_Mainland
key_calderaslaves_01,Caldera Slave Key,key,Morrowind
T_Com_Worms_01,Can of Worms,,Tamriel_Data
TR_m3_AT_key_slaves,Canalworks Slave Pen Door Key,key,TR_Mainland
T_Com_Snuffer,Candle Snuffer,,Tamriel_Data
TR_m7_Narsis_KeyCanyonInn,Canyon Air Key,key,TR_Mainland
TR_m7_Narsis_KeyCanyonKeep,Canyon Keep Contraband Key,key,TR_Mainland
T_Imp_Painting_UNI_Cape,Cape Craesa,,Tamriel_Data
TR_m1_ITO_FW_KeyGalleon,Captain Garz's Key,key,TR_Mainland
TR_m3_Bosmoracap_key,Captain of the Guards' Key,key,TR_Mainland
TR_m7_Sharai_KeyCaravanserai1,Caravanserai Storage 1 Key,key,TR_Mainland
TR_m7_Sharai_KeyCaravanserai2,Caravanserai Storage 2 Key,key,TR_Mainland
TR_m7_Sharai_KeyCaravanserai3,Caravanserai Storage 3 Key,key,TR_Mainland
key_caryarel,Caryarel's Key,key,Morrowind
TR_m7_Casimor_Key01,Casimor Key,key,TR_Mainland
TR_m7_Narsis_KeyCatCatchers,Cat-Catchers Key,key,TR_Mainland
TR_m1_q_RR_MQ_BossKey,Catacombs Chamber Key,key,TR_Mainland
TR_m4_Menaan_int4_cellkey,Cell Key,key,TR_Mainland
TR_m7_Number_Room_Jail_Key,Cell Key,key,TR_Mainland
TR_m7_Vandirelyon_Cell_Key,Cell Key,key,TR_Mainland
TR_m3_ATPrison_cellkey,Cell Key ,key,TR_Mainland
TR_m3-711_key_wine_cellar,Cellar Key,key,TR_Mainland
TR_m3_OE_MG_CellarKey,Cellar Key,key,TR_Mainland
TR_m1_ITO_FW_KeyC&E,Census & Excise Key (Firewatch),key,TR_Mainland
TR_m2_ITO_HE_KeyC&E,Census and Excise Key (Helnim),key,TR_Mainland
TR_m3_OE_key_ETCensus,Census Treasury Key,key,TR_Mainland
T_Dwe_Schematic03,Centurion Sphere Schematics,,Tamriel_Data
T_Arg_CeramicBottle_01,Ceramic Bottle,bottle,Tamriel_Data
T_Arg_CeramicBottle_02,Ceramic Bottle,bottle,Tamriel_Data
misc_de_bowl_orange_green_01,Ceramic Bowl,bowl,Bloodmoon
misc_de_bowl_orange_green_01,Ceramic Bowl,bowl,Morrowind
T_Nor_CeramicBowl_01,Ceramic Bowl,bowl,Tamriel_Data
T_Nor_CeramicBowl_02,Ceramic Bowl,bowl,Tamriel_Data
T_Nor_CeramicBowl_03,Ceramic Bowl,bowl,Tamriel_Data
T_QyK_CeramicBowl_01,Ceramic Bowl,bowl,Tamriel_Data
T_QyK_CeramicBowl_02,Ceramic Bowl,bowl,Tamriel_Data
T_QyK_CeramicBowl_03,Ceramic Bowl,bowl,Tamriel_Data
AB_Misc_DeCeramicCup_01,Ceramic Cup,cup,OAAB_Data
T_Arg_CeramicCup_01,Ceramic Cup,cup,Tamriel_Data
T_Arg_CeramicCup_02,Ceramic Cup,cup,Tamriel_Data
T_De_OrangeGreenCup_01,Ceramic Cup,cup,Tamriel_Data
T_QyK_CeramicCup_01,Ceramic Cup,cup,Tamriel_Data
T_QyK_CeramicCup_02,Ceramic Cup,cup,Tamriel_Data
AB_Misc_DeCeramicFlask_01,Ceramic Flask,bottle,OAAB_Data
T_Arg_CeramicFlask_01,Ceramic Flask,bottle,Tamriel_Data
T_Arg_CeramicFlask_02,Ceramic Flask,bottle,Tamriel_Data
T_Arg_CeramicFlask_03,Ceramic Flask,bottle,Tamriel_Data
T_De_OrangeGreenFlask_01,Ceramic Flask,bottle,Tamriel_Data
T_QyK_CeramicFork,Ceramic Fork,fork,Tamriel_Data
T_Arg_CeramicJug_01,Ceramic Jug,cup,Tamriel_Data
T_Arg_CeramicJug_02,Ceramic Jug,cup,Tamriel_Data
T_QyK_CeramicKnife,Ceramic Knife,knife,Tamriel_Data
T_Arg_CeramicPitcher_01,Ceramic Pitcher,cup,Tamriel_Data
T_Arg_CeramicPitcher_02,Ceramic Pitcher,cup,Tamriel_Data
T_QyK_CeramicPitcher,Ceramic Pitcher,cup,Tamriel_Data
AB_Misc_DeCeramicPlate_01,Ceramic Plate,plate,OAAB_Data
T_Arg_CeramicPlate_01,Ceramic Plate,plate,Tamriel_Data
T_Arg_CeramicPlate_02,Ceramic Plate,plate,Tamriel_Data
T_QyK_CeramicPlate_01,Ceramic Plate,plate,Tamriel_Data
T_QyK_CeramicPlate_02,Ceramic Plate,plate,Tamriel_Data
T_QyK_CeramicPlatter,Ceramic Platter,,Tamriel_Data
AB_Misc_DeCeramicPot_01,Ceramic Pot,pot,OAAB_Data
T_Arg_CeramicPot_01,Ceramic Pot,pot,Tamriel_Data
T_Arg_CeramicPot_02,Ceramic Pot,pot,Tamriel_Data
T_De_OrangeGreenPot_01,Ceramic Pot,pot,Tamriel_Data
AB_Misc_scalesDeCeram,Ceramic Scales,,OAAB_Data
AB_Misc_scalesDeCeramSkew,Ceramic Scales,,OAAB_Data
T_QyK_CeramicSpoon,Ceramic Spoon,spoon,Tamriel_Data
AB_Misc_DeCeramicCup_02,Ceramic Tea Cup,cup,OAAB_Data
AB_Misc_CeramicTeapot01,Ceramic Teapot,teapot,OAAB_Data
AB_Misc_CeramicTeapot01Hang,Ceramic Teapot,teapot,OAAB_Data
T_QyK_CeramicVase_01,Ceramic Vase,,Tamriel_Data
T_QyK_CeramicVase_02,Ceramic Vase,,Tamriel_Data
AB_Misc_KettleCeremonial,Ceremonial Teapot,teapot,OAAB_Data
TR_m7_Sharai_KeyCervo,Cervo Cantaber's Key,key,TR_Mainland
TR_m7_Narsis_KeyChanis,Chanis Manor Key,key,TR_Mainland
TR_m7_Narsis_KeyChanisVault,Chanis Manor Vault Key,key,TR_Mainland
misc_lw_bowl_chapel,Chapel Limeware Bowl,bowl,Morrowind
TR_m2_q_22_lw_platter,Chapel Limeware Platter,,TR_Mainland
TR_m2_q_22_lw_platter2,Chapel Limeware Platter,,TR_Mainland
TR_m7_UdHleryn_Dibella_Key1,Chapel of Dibella Key,key,TR_Mainland
TR_m1_ITO_FW_KeyArmorer,Chatal Mendor's Key,key,TR_Mainland
TR_m4_TG_GlassVase,Cheap Glass Vase,,TR_Mainland
TR_m7_Chenud_Key,Chenud Key,key,TR_Mainland
key_ald_redaynia,Chest Key,key,Morrowind
key_standard_darius_chest,Chest Key,key,Morrowind
TR_key_i4_517_chest,Chest Key,key,TR_Mainland
TR_m1_Ebonyblade_Chest_Key,Chest Key,key,TR_Mainland
TR_m7_Narsis_KeyMHClerkOff,Chief Clerk's Office Key,key,TR_Mainland
T_Com_Chisel_01,Chisel,,Tamriel_Data
T_Com_Chisel_02,Chisel,,Tamriel_Data
T_Com_Chisel_03,Chisel,,Tamriel_Data
AB_w_ChitinArrow10x,Chitin Arrow (10),,OAAB_Data
key_ciennesintieve_01,Cienne Sintieve's Key,key,Morrowind
TR_m7_Narsis_KeyCiralirand,Ciralirand's Key,key,TR_Mainland
T_Com_ShellClam_01,Clam Shell,shell,Tamriel_Data
T_Com_ShellClam_01Open,Clam Shell,shell,Tamriel_Data
T_Com_ShellClam_02a,Clam Shell,shell,Tamriel_Data
T_Com_ShellClam_02aOpen,Clam Shell,shell,Tamriel_Data
T_Com_ShellClam_02b,Clam Shell,shell,Tamriel_Data
T_Com_ShellClam_02bOpen,Clam Shell,shell,Tamriel_Data
AB_Misc_DeClayBowl_01,Clay Bowl,bowl,OAAB_Data
T_Ayl_ClayBowl_01,Clay Bowl,bowl,Tamriel_Data
T_Ayl_ClayBowl_02,Clay Bowl,bowl,Tamriel_Data
T_Ayl_ClayBowl_03,Clay Bowl,bowl,Tamriel_Data
T_Bre_ClayBowl_01,Clay Bowl,bowl,Tamriel_Data
T_Bre_ClayBowl_02,Clay Bowl,bowl,Tamriel_Data
T_De_ClayBowl01,Clay Bowl,bowl,Tamriel_Data
T_He_ClayBowl_01,Clay Bowl,bowl,Tamriel_Data
T_He_ClayBowl_02,Clay Bowl,bowl,Tamriel_Data
T_Rga_ClayBowl_01,Clay Bowl,bowl,Tamriel_Data
T_Rga_ClayBowl_02,Clay Bowl,bowl,Tamriel_Data
T_Rga_ClayBowl_03,Clay Bowl,bowl,Tamriel_Data
T_Yne_ClayBowl_01,Clay Bowl,bowl,Tamriel_Data
T_Yne_ClayBowl_02,Clay Bowl,bowl,Tamriel_Data
T_Yne_ClayBowl_03,Clay Bowl,bowl,Tamriel_Data
T_Yne_ClayChopstick,Clay Chopstick,,Tamriel_Data
AB_Misc_DeClayCup_01,Clay Cup,cup,OAAB_Data
T_Ayl_ClayCup_01,Clay Cup,cup,Tamriel_Data
T_Bre_ClayCup_01,Clay Cup,cup,Tamriel_Data
T_Bre_ClayCup_02,Clay Cup,cup,Tamriel_Data
T_De_ClayCup01,Clay Cup,cup,Tamriel_Data
T_He_ClayCup_01,Clay Cup,cup,Tamriel_Data
T_He_ClayCup_02,Clay Cup,cup,Tamriel_Data
T_Rga_ClayCup_01,Clay Cup,cup,Tamriel_Data
T_Rga_ClayCup_02,Clay Cup,cup,Tamriel_Data
T_Rga_ClayCup_03,Clay Cup,cup,Tamriel_Data
T_Yne_ClayCup,Clay Cup,cup,Tamriel_Data
AB_Misc_DeClayFlask_01,Clay Flask,bottle,OAAB_Data
AB_Misc_DeClayFlask_02,Clay Flask,bottle,OAAB_Data
T_De_ClayFlask01,Clay Flask,bottle,Tamriel_Data
T_Rga_ClayFlask_01,Clay Flask,bottle,Tamriel_Data
T_Rga_ClayCutlery_02,Clay Fork,fork,Tamriel_Data
T_Ayl_ClayJar_01,Clay Jar,,Tamriel_Data
T_Ayl_ClayJar_02,Clay Jar,,Tamriel_Data
T_Bre_ClayJug_01,Clay Jug,cup,Tamriel_Data
T_Rga_ClayCutlery_03,Clay Knife,knife,Tamriel_Data
T_Yne_ClayKnife,Clay Knife,knife,Tamriel_Data
T_Yne_ClayLadel,Clay Ladle,ladle,Tamriel_Data
T_Bre_ClayPitcher_01,Clay Pitcher,cup,Tamriel_Data
T_He_ClayPitcher_01,Clay Pitcher,cup,Tamriel_Data
T_Rga_ClayPitcher_01,Clay Pitcher,cup,Tamriel_Data
T_Yne_ClayPitcher,Clay Pitcher,cup,Tamriel_Data
T_Bre_ClayPlate_01,Clay Plate,plate,Tamriel_Data
T_He_ClayPlate_01,Clay Plate,plate,Tamriel_Data
T_He_ClayPlate_02,Clay Plate,plate,Tamriel_Data
T_Rga_ClayPlate_01,Clay Plate,plate,Tamriel_Data
T_Rga_ClayPlate_02,Clay Plate,plate,Tamriel_Data
T_Rga_ClayPlate_03,Clay Plate,plate,Tamriel_Data
T_Rga_ClayPlatter_01,Clay Plate,plate,Tamriel_Data
T_Yne_ClayPlate_01,Clay Plate,plate,Tamriel_Data
T_Yne_ClayPlate_02,Clay Plate,plate,Tamriel_Data
T_Bre_ClayPlatter_01,Clay Platter,,Tamriel_Data
T_He_ClayPlatter_01,Clay Platter,,Tamriel_Data
T_He_ClayPlatter_02,Clay Platter,,Tamriel_Data
T_Yne_ClayPlatter,Clay Platter,,Tamriel_Data
misc_de_pot_mottled_01,Clay Pot,pot,Bloodmoon
misc_de_pot_mottled_01,Clay Pot,pot,Morrowind
T_Ayl_ClayPot_01,Clay Pot,pot,Tamriel_Data
T_Ayl_ClayPot_02,Clay Pot,pot,Tamriel_Data
T_He_ClayPot_01,Clay Pot,pot,Tamriel_Data
T_Nor_ClayPot_01,Clay Pot,pot,Tamriel_Data
T_Nor_ClayPot_02,Clay Pot,pot,Tamriel_Data
T_Rga_ClayPot_01,Clay Pot,pot,Tamriel_Data
T_Rga_ClayCutlery_01,Clay Spoon,spoon,Tamriel_Data
T_Yne_ClaySpoon,Clay Spoon,spoon,Tamriel_Data
T_Yne_ClayTeapot,Clay Teapot,teapot,Tamriel_Data
T_Imp_ColBarrowJar_01,Clay Urn,,Tamriel_Data
T_Imp_ColBarrowJar_02,Clay Urn,,Tamriel_Data
T_Bre_ClayVase_01,Clay Vase,,Tamriel_Data
T_He_ClayVase_01,Clay Vase,,Tamriel_Data
T_He_ClayVase_02,Clay Vase,,Tamriel_Data
T_Yne_ClayVase_01,Clay Vase,,Tamriel_Data
T_Yne_ClayVase_02,Clay Vase,,Tamriel_Data
T_Yne_ClayVase_03,Clay Vase,,Tamriel_Data
T_Yne_ClayVase_04,Clay Vase,,Tamriel_Data
T_Com_Cleet_01,Cleet,,Tamriel_Data
AB_Misc_BoneRacerSkull,Cliff Racer Skull,,OAAB_Data
misc_de_cloth10,Cloth,cloth,Morrowind
misc_de_cloth11,Cloth,cloth,Morrowind
AB_Misc_DeCloth01Large,Cloth,cloth,OAAB_Data
AB_Misc_DeCloth01Small,Cloth,cloth,OAAB_Data
AB_Misc_DeCloth02Large,Cloth,cloth,OAAB_Data
AB_Misc_DeCloth02Small,Cloth,cloth,OAAB_Data
T_Com_ClothBrownFolded_01,Cloth,cloth,Tamriel_Data
T_Com_ClothBrown_01,Cloth,cloth,Tamriel_Data
T_Com_ClothGreenFolded_01,Cloth,cloth,Tamriel_Data
T_Com_ClothGreen_01,Cloth,cloth,Tamriel_Data
T_Com_ClothPlain_01,Cloth,cloth,Tamriel_Data
T_Com_ClothPlain_02,Cloth,cloth,Tamriel_Data
T_Com_ClothPurpleFolded_01,Cloth,cloth,Tamriel_Data
T_Com_ClothPurple_01,Cloth,cloth,Tamriel_Data
T_Com_ClothRedFolded_01,Cloth,cloth,Tamriel_Data
T_Com_ClothRed_01,Cloth,cloth,Tamriel_Data
T_Com_ClothYellowFolded_01,Cloth,cloth,Tamriel_Data
T_Com_ClothYellow_01,Cloth,cloth,Tamriel_Data
T_Com_Sheet_01,Cloth,cloth,Tamriel_Data
T_Com_Sheet_02,Cloth,cloth,Tamriel_Data
T_Com_Sheet_03,Cloth,cloth,Tamriel_Data
T_Com_Sheet_04,Cloth,cloth,Tamriel_Data
T_Com_Sheet_05,Cloth,cloth,Tamriel_Data
T_Com_Sheet_06,Cloth,cloth,Tamriel_Data
T_He_Sheet_01,Cloth,cloth,Tamriel_Data
T_He_Sheet_02,Cloth,cloth,Tamriel_Data
T_He_Sheet_03,Cloth,cloth,Tamriel_Data
T_He_Sheet_04,Cloth,cloth,Tamriel_Data
T_He_Sheet_05,Cloth,cloth,Tamriel_Data
T_He_Sheet_06,Cloth,cloth,Tamriel_Data
TR_m7_NVA6_Com_ClothPlain_01,Cloth,cloth,TR_Mainland
TR_m7_NVA8_Com_ClothPlain_01,Cloth,cloth,TR_Mainland
T_He_PillowCloth_01,Cloth Pillow,cloth,Tamriel_Data
T_He_PillowCloth_02,Cloth Pillow,cloth,Tamriel_Data
T_He_PillowCloth_03,Cloth Pillow,cloth,Tamriel_Data
T_He_PillowCloth_04,Cloth Pillow,cloth,Tamriel_Data
TR_m3_OE_SvarrCloth,Cloth with S'varr's blood,cloth,TR_Mainland
AB_Misc_Clothespin,Clothespin,,OAAB_Data
AB_Misc_ClothespinOpen,Clothespin,,OAAB_Data
T_Com_FireplaceShovel_01,Coal Shovel,,Tamriel_Data
T_Com_CoatofArms_01,Coat of Arms,,Tamriel_Data
T_Imp_ColPipeCob_01,Cob Pipe,,Tamriel_Data
T_Com_ShellCockle_01,Cockle Shell,shell,Tamriel_Data
T_Com_ShellCockle_02,Cockle Shell,shell,Tamriel_Data
T_Com_ShellCockle_03,Cockle Shell,shell,Tamriel_Data
T_Com_ShellCockle_04,Cockle Shell,shell,Tamriel_Data
T_Com_ShellCockle_05,Cockle Shell,shell,Tamriel_Data
T_Com_ShellCockle_06,Cockle Shell,shell,Tamriel_Data
T_Com_ShellCockleFragment_01,Cockle Shell Fragment,shell,Tamriel_Data
T_Com_ShellCockleFragment_02,Cockle Shell Fragment,shell,Tamriel_Data
T_Com_ShellCockleFragment_03,Cockle Shell Fragment,shell,Tamriel_Data
T_Com_ShellCockleFragment_04,Cockle Shell Fragment,shell,Tamriel_Data
T_Com_ShellCockleFragment_05,Cockle Shell Fragment,shell,Tamriel_Data
T_Com_ShellCockleFragment_06,Cockle Shell Fragment,shell,Tamriel_Data
T_Com_CoconutBowl_01,Coconut Bowl,bowl,Tamriel_Data
T_Com_CoconutBowl_02,Coconut Bowl,bowl,Tamriel_Data
T_Com_CoconutBowl_03,Coconut Bowl,bowl,Tamriel_Data
T_Com_CoconutCup_01,Coconut Cup,cup,Tamriel_Data
T_Com_CoconutCup_02,Coconut Cup,cup,Tamriel_Data
T_Com_CoconutPlate_01,Coconut Plate,plate,Tamriel_Data
T_Com_CoconutPlate_02,Coconut Plate,plate,Tamriel_Data
key_chest_coduscallonus_01,Codus Callonus' Key,key,Morrowind
AB_Misc_PurseCoin,Coin Purse,,OAAB_Data
AB_Misc_ChiselCold,Cold Chisel,,OAAB_Data
T_Imp_ColBarrowBloodvial_01,Colovian Blood Reliquary,,Tamriel_Data
T_Imp_Painting_Bridge,Colovian Highlands Landscape,,Tamriel_Data
T_Imp_ColBarrowBoneFemur_01,Colovian Relic,,Tamriel_Data
T_Imp_ColBarrowBoneHand_01,Colovian Relic,,Tamriel_Data
AB_Misc_HairSilverComb,Comb,,OAAB_Data
misc_com_plate_02_tgrc,Commemorative Plate,plate,Morrowind
misc_com_plate_06_tgrc,Commemorative Plate,plate,Morrowind
AB_Misc_DePillowL_01,Common Pillow,,OAAB_Data
AB_Misc_DePillowL_02,Common Pillow,,OAAB_Data
AB_Misc_DePillowL_03,Common Pillow,,OAAB_Data
AB_Misc_DePillowS_01,Common Pillow,,OAAB_Data
AB_Misc_DePillowS_02,Common Pillow,,OAAB_Data
AB_Misc_DePillowS_03,Common Pillow,,OAAB_Data
Misc_SoulGem_Common,Common Soul Gem,,Morrowind
TR_m2_q_14_CommonSoulGem,Common Soul Gem,,TR_Mainland
TR_m7_hlan_trade_vault_key,Company Vault Key,key,TR_Mainland
T_Com_Compass_01,Compass,,Tamriel_Data
T_Com_Compass_02,Compass,,Tamriel_Data
T_Com_ShellConch,Conch Shell,shell,Tamriel_Data
TR_m7_Ns_q_ConsecratedRemains,Consecrated Remains,,TR_Mainland
TR_m7_Narsis_KeyConsBasem,Consulate Basement Key,key,TR_Mainland
TR_m7_Narsis_KeyConsDisplays,Consulate Display Case Key,key,TR_Mainland
TR_m3_AT_Key_Contraband,Contraband Warehouse Key,key,TR_Mainland
TR_m4_key_teyn_contraband,Contraband Warehouse Key,key,TR_Mainland
AB_Misc_ComCopperKettle01,Copper Kettle,,OAAB_Data
T_Com_CopperKettle_01,Copper Kettle,,Tamriel_Data
T_Com_Key_04,Copper Key,key,Tamriel_Data
TR_key_i4_284,Copper Key,key,TR_Mainland
TR_M2_key_i352_priest,Copper Key,key,TR_Mainland
AB_Misc_ComCopperPan01,Copper Pan,,OAAB_Data
T_Com_CopperPan_01,Copper Pan,,Tamriel_Data
AB_Misc_ComCopperPot01,Copper Pot,pot,OAAB_Data
AB_Misc_ComCopperPot02,Copper Pot,pot,OAAB_Data
AB_Misc_ComCopperPot02Hang,Copper Pot,pot,OAAB_Data
T_Com_CopperPot_01,Copper Pot,pot,Tamriel_Data
T_Nor_CopperTankard,Copper Tankard,cup,Tamriel_Data
T_Com_CoppetTeapot_01,Copper Teapot,teapot,Tamriel_Data
TR_m1_key_spzGreenEyes,Coppery Key,key,TR_Mainland
T_Nor_CordedBowl_01,Corded Bowl,bowl,Tamriel_Data
T_Nor_CordedBowl_02,Corded Bowl,bowl,Tamriel_Data
T_Nor_CordedCup_01,Corded Cup,cup,Tamriel_Data
T_Nor_CordedJug_01,Corded Jug,cup,Tamriel_Data
T_Nor_CordedPitcher_01,Corded Pitcher,cup,Tamriel_Data
T_Nor_CordedPot_01,Corded Pot,pot,Tamriel_Data
T_Nor_CordedPot_02,Corded Pot,pot,Tamriel_Data
AB_Misc_Cork,Cork,,OAAB_Data
T_Com_Cork,Cork,,Tamriel_Data
AB_w_CorkbulbArrow10x,Corkbulb Arrow (10),,OAAB_Data
AB_Misc_Corkscrew,Corkscrew,,OAAB_Data
T_Com_Corkscrew,Corkscrew,,Tamriel_Data
TR_m3_OE_MG_CorridorKey,Corridor Key,key,TR_Mainland
T_Com_Key_17,Corroded Key,key,Tamriel_Data
TR_i3-287_key_wall,Corroded Key,key,TR_Mainland
TR_m1_ITO_FW_KeySewersUQ,Corroded Key,key,TR_Mainland
TR_m3_tombkey_i3-472-ind,Corroded Key,key,TR_Mainland
TR_m7_HK_key_corter,Corter's Key,key,TR_Mainland
TR_m7_HO_CouncilClubKey,Council Club Key,key,TR_Mainland
TR_m7_Narsis_KeyCouncil,Council Club Key,key,TR_Mainland
TR_m7_HO_CouncilClubOfficeKey,Council Club Office Key,key,TR_Mainland
TR_m7_HO_TradehouseKey,Council Company Tradehouse Key,key,TR_Mainland
TR_m7_Narsis_KeySpire139_01,Council Guard Captain's key,key,TR_Mainland
TR_m7_Narsis_keyCQSewerSlaves,Council Sewers Slave Key,key,TR_Mainland
TR_m7_Narsis_KeyGarnet,Council Spire Garnet Key,key,TR_Mainland
TR_m7_Narsis_KeyRuby,Council Spire Ruby Key,key,TR_Mainland
TR_m7_Narsis_KeySpireSapphire,Council Spire Sapphire Key,key,TR_Mainland
TR_m7_Narsis_KeyCrabKnight,Crab Knight Key,key,TR_Mainland
T_Rga_Crucible_01,Crucible,,Tamriel_Data
mamaea cell key,Crude Bronze Key,key,Morrowind
TR_m7_KeySadrenoGoblin,Crude Grave Maggot Key,key,TR_Mainland
AB_Misc_PaperCrumpled,Crumpled Paper,,OAAB_Data
TR_Necro_Crypt_Key_01,Crypt Key,key,TR_Mainland
T_Com_CrystalBall_01,Crystal Ball,,Tamriel_Data
T_Com_CrystalBallStand_01,Crystal Ball Stand,,Tamriel_Data
AB_Misc_DeCrGlassBowl_01,Crystal Glass Bowl,bowl,OAAB_Data
AB_Misc_DeCrGlassCup_01,Crystal Glass Cup,cup,OAAB_Data
AB_Misc_DeCrGlassFlask_01,Crystal Glass Flask,bottle,OAAB_Data
AB_Misc_DeCrGlassPlate_01,Crystal Glass Plate,plate,OAAB_Data
AB_Misc_DeCrGlassPot_01,Crystal Glass Pot,pot,OAAB_Data
AB_Misc_ComCard08,Cuhlecain,,OAAB_Data
T_Imp_Card_08,Cuhlecain,,Tamriel_Data
misc_com_wood_cup_01,Cup,cup,Bloodmoon
misc_com_wood_cup_02,Cup,cup,Bloodmoon
Misc_Com_Redware_Cup,Cup,cup,Morrowind
misc_com_wood_cup_01,Cup,cup,Morrowind
misc_com_wood_cup_02,Cup,cup,Morrowind
AB_Misc_ComPewterCup01,Cup,cup,OAAB_Data
AB_Misc_DeBlueCup_01,Cup,cup,OAAB_Data
T_Bre_WoodCup_01,Cup,cup,Tamriel_Data
T_Bre_WoodCup_02,Cup,cup,Tamriel_Data
T_Com_WoodCup_a01,Cup,cup,Tamriel_Data
T_Com_WoodCup_a02,Cup,cup,Tamriel_Data
T_Com_WoodCup_c01,Cup,cup,Tamriel_Data
T_Com_WoodCup_c02,Cup,cup,Tamriel_Data
T_Imp_ColClayCup_01,Cup,cup,Tamriel_Data
T_Rga_BlackwareCup_01,Cup,cup,Tamriel_Data
T_Rga_RedwareCup_01,Cup,cup,Tamriel_Data
T_Rga_RedwareCup_02,Cup,cup,Tamriel_Data
T_Rga_RedwareCup_03,Cup,cup,Tamriel_Data
T_Com_Nails_02,Cup of Nails,cup,Tamriel_Data
TR_m7_DA_Nam_CupEmpty,Cup of Passage,cup,TR_Mainland
TR_m3_OE_CuriaVaultKey,Curia Treasury Vault Key,key,TR_Mainland
T_Com_DisplayCushion_01,Cushion,,Tamriel_Data
T_Com_CuttingBoard_01,Cutting Board,,Tamriel_Data
T_Com_CuttingBoard_02,Cutting Board,,Tamriel_Data
T_Com_CuttingBoard_03,Cutting Board,,Tamriel_Data
TR_m7_Narsis_KeyCyrtumirServant,Cyrtumir Manor Servant Key,key,TR_Mainland
TR_m7_Narsis_KeyCyrtumirManor,Cyrtumir's Key,key,TR_Mainland
TR_m4-501_key_trapdoor,Dadrys Ancestral Tomb Key,key,TR_Mainland
AB_w_DaedricArrow10x,Daedric Arrow (10),,OAAB_Data
AB_Misc_DaeGoblet_01,Daedric Goblet,cup,OAAB_Data
AB_Misc_DaeRunestone_01,Daedric Runestone,,OAAB_Data
AB_Misc_DaeRunestone_02,Daedric Runestone,,OAAB_Data
AB_Misc_DaeRunestone_03,Daedric Runestone,,OAAB_Data
AB_Misc_DaeSigilstone_01,Daedric Sigilstone,,OAAB_Data
TR_m1_bandit_key_i1_23,Dagorda Cavern Key,key,TR_Mainland
TR_m1_slave_key_i1_23,Dagorda Cavern Slave Key,key,TR_Mainland
key_fals,Dagoth Fals's Key,key,Morrowind
key_galmis,Dagoth Galmis's Key,key,Morrowind
key_odros,Dagoth Odros's Key,key,Morrowind
key_tureynul,Dagoth Tureynul's key,key,Morrowind
TR_m7_Narsis_KeyDalomo,Dalomo Residence Key,key,TR_Mainland
TR_m4_AA_SehutuDamageScrapMetal,Damaged Dwemer Scrap Metal,,TR_Mainland
TR_m7_Narsis_KeyDappledDreugh,Dappled Dreugh Hold Key,key,TR_Mainland
TR_m3_AT_Key_Navur,Darane Navur's Key,key,TR_Mainland
TR_m7_Narsis_KeyDarane,Darane Sadralo's Key,key,TR_Mainland
TR_m7_Ns_StageFright_DaraSkull,Darathes Soril's Remains,,TR_Mainland
key_standard_01_darvam hlaren,Darvam Hlaren's Key,key,Morrowind
TR_m3_AT_Key_Darvu,Darvu Apartment Key,key,TR_Mainland
TR_m4-435_key,Dassur-Kur Lookout Key,key,TR_Mainland
TR_m7_KeyDaviliaSlaves,Davilia Tareni's Slave Key,key,TR_Mainland
T_Com_SandDollarDead,Dead Sea Biscuit,,Tamriel_Data
AB_Misc_ComCardDeck01,Deck of Cards,,OAAB_Data
AB_Misc_ComCardDeck02,Deck of Cards,,OAAB_Data
T_Imp_Card_Deck_01,Deck of Cards,,Tamriel_Data
T_Imp_Card_Deck_02,Deck of Cards,,Tamriel_Data
AB_Misc_ComCardDeck04,Deck of Imperator Cards,,OAAB_Data
T_Imp_Card_Deck_04,Deck of Imperator Cards,,Tamriel_Data
AB_Misc_ComCardDeck03,Deck of Marked Cards,,OAAB_Data
T_Imp_Card_Deck_03,Deck of Marked Cards,,Tamriel_Data
misc_de_bowl_bugdesign_01,Decorative Bowl,bowl,Morrowind
T_Nor_DecorativeBowl_01,Decorative Bowl,bowl,Tamriel_Data
T_Nor_DecorativeBowl_02,Decorative Bowl,bowl,Tamriel_Data
T_Nor_DecorativeBowl_03,Decorative Bowl,bowl,Tamriel_Data
T_Rga_GlasswareBowl_01,Decorative Bowl,bowl,Tamriel_Data
T_Rga_GlasswareBowl_02,Decorative Bowl,bowl,Tamriel_Data
T_Rga_PillowDec_01,Decorative Pillow,,Tamriel_Data
T_Rga_PillowDec_02,Decorative Pillow,,Tamriel_Data
T_Rga_PillowDec_03,Decorative Pillow,,Tamriel_Data
T_Rga_GlasswarePlate_01,Decorative Plate,plate,Tamriel_Data
AB_Misc_DeBugTeapot,Decorative Teapot,teapot,OAAB_Data
T_We_Deerhide_01,Deer Hide,,Tamriel_Data
T_Nor_DeerskinDrum_01,Deerskin Drum,,Tamriel_Data
TR_m3_LlothinChestKey,Delasi Llothin's Key,key,TR_Mainland
TR_m2_Key_DelathTomb,Delath Tomb Key,key,TR_Mainland
TR_m7_AM_KeyLlethri,Delis Llethri's Key,key,TR_Mainland
TR_m7_HO_DrissaVendilKey,Delmus Dalis' Key,key,TR_Mainland
TR_m4_key_dels_storage,Dels Ravyn's Storage Key,key,TR_Mainland
TR_m3_Sa_KeyDelvas,Delvas Manor Key,key,TR_Mainland
TR_m7_KeyDermysBelothan,Dermys Belothan's Key,key,TR_Mainland
TR_m4_Ando_i4-87_ChKey,Dervara Dion's Chest Key,key,TR_Mainland
TR_m4_Ando_i4-87_DoorKey,Dervara Diron's Door Key,key,TR_Mainland
TR_m7_Narsis_KeyCourtesan,Desert Rose Bordello Key,key,TR_Mainland
TR_m1_ITO_FW_KeyJeweler,Destarmion's Key,key,TR_Mainland
TR_m7_HK_key_cutter,Diamond Dancer Key,key,TR_Mainland
TR_m1_q_DiamondSample,Diamond Sample,,TR_Mainland
TR_m2_q_32_DiamondSample,Diamond Sample,,TR_Mainland
AB_Misc_Dice,Dice,,OAAB_Data
T_Com_Dice_01,Dice,,Tamriel_Data
TR_m7_NVA6_Com_Dice_01,Dice,,TR_Mainland
AB_Misc_DiceSingle,Die,,OAAB_Data
T_Com_Die_01,Die,,Tamriel_Data
TR_m3_AT_key_Nelan,Dinara Nelan's House Key,key,TR_Mainland
TR_m3_RD_key_Diranya,Diranya's Key,key,TR_Mainland
T_He_DirenniBowl_01,Direnni Bowl,bowl,Tamriel_Data
T_He_DirenniCoin_01,Direnni Coin,,Tamriel_Data
T_He_DirenniCup_01,Direnni Cup,cup,Tamriel_Data
T_He_DirenniCup_02,Direnni Cup,cup,Tamriel_Data
T_He_DirenniFlask_01a,Direnni Flask,bottle,Tamriel_Data
T_He_DirenniFlask_02a,Direnni Flask,bottle,Tamriel_Data
T_He_DirenniFlask_03a,Direnni Flask,bottle,Tamriel_Data
T_He_DirenniFlask_04a,Direnni Flask,bottle,Tamriel_Data
T_He_DirenniFlask_05a,Direnni Flask,bottle,Tamriel_Data
T_He_DirenniFlask_06a,Direnni Flask,bottle,Tamriel_Data
T_He_DirenniFlask_07a,Direnni Flask,bottle,Tamriel_Data
T_He_DirenniFlask_07b,Direnni Flask,bottle,Tamriel_Data
T_He_DirenniFlask_06f,Direnni Flask Stand,bottle,Tamriel_Data
T_He_DirenniFlask_07c,Direnni Flask Stand,bottle,Tamriel_Data
T_He_DirenniFork_01,Direnni Fork,fork,Tamriel_Data
T_He_DirenniGoblet_01,Direnni Goblet,cup,Tamriel_Data
T_He_DirenniKnife_01,Direnni Knife,knife,Tamriel_Data
T_He_DirenniPitcher_01,Direnni Pitcher,cup,Tamriel_Data
T_He_DirenniPlate_01,Direnni Plate,plate,Tamriel_Data
T_He_DirenniPot_01,Direnni Pot,pot,Tamriel_Data
T_He_DirenniPot_02,Direnni Pot,pot,Tamriel_Data
T_He_DirenniPot_03,Direnni Pot,pot,Tamriel_Data
T_He_DirenniPot_04,Direnni Pot,pot,Tamriel_Data
T_He_DirenniScales_01,Direnni Scales,,Tamriel_Data
T_He_DirenniShears_01,Direnni Shears,,Tamriel_Data
T_He_DirenniSpoon_01,Direnni Spoon,spoon,Tamriel_Data
T_He_DirenniVase_01,Direnni Vase,,Tamriel_Data
TR_m7_Yandaran_KeySaharkhan,Diruabanam's Key,key,TR_Mainland
TR_m2_ITO_HE_KeyZBC01,Disela's Key,key,TR_Mainland
key_divayth_fyr,Divayth Fyr's Key,key,Morrowind
key_divayth05,Divayth's 1008th Key,key,Morrowind
key_divayth06,Divayth's 1092nd Key,key,Morrowind
key_divayth07,Divayth's 1155th Key,key,Morrowind
TR_key_divayth01,Divayth's 567th Key,key,TR_Mainland
TR_key_divayth02,Divayth's 590th Key,key,TR_Mainland
TR_key_divayth03,Divayth's 601st Key,key,TR_Mainland
key_divayth00,Divayth's 637th Key,key,Morrowind
key_divayth01,Divayth's 678th Key,key,Morrowind
TR_key_divayth05,Divayth's 700th Key,key,TR_Mainland
key_divayth02,Divayth's 738th Key,key,Morrowind
key_divayth03,Divayth's 802nd Key,key,Morrowind
key_divayth04,Divayth's 897th Key,key,Morrowind
TR_key_divayth04,Divayth's 899th Key,key,TR_Mainland
TR_m7_HO_WarehouseKey,Docks Warehouse Key,key,TR_Mainland
TR_i2_445_SealingSkull,Dolesi Rothalor's Skull,,TR_Mainland
TR_m7_Narsis_KeyDolmyn,Dolmyn Sadri's Key,key,TR_Mainland
TR_m7_Sharai_KeyDolovas,Dolovas Residence Key,key,TR_Mainland
TR_m7_Narsis_KeyDomican,Domican Vitresius' Key,key,TR_Mainland
TR_m7_Dorlene_Key,Dorlene's Chest Key,key,TR_Mainland
TR_m7_Narsis_KeyDovis,Dovis Radreno's Key,key,TR_Mainland
TR_m1_ITO_FW_KeyDrakelightBeaco,Drakelight Beacon Key,key,TR_Mainland
TR_m7_Narsis_KeyDralas,Dralas Damori's Key,key,TR_Mainland
key_redoran_treasury,Dralor Treasury Key,key,Morrowind
TR_m7_KeyDralsFarm,Drals Farm Key,key,TR_Mainland
TR_m7_HO_DralsHlerKey,Drals Hler's Key,key,TR_Mainland
AB_Misc_CoinDram001,Dram,,OAAB_Data
AB_Misc_CoinDram010,Dram (10),,OAAB_Data
AB_Misc_CoinDram100,Dram (100),,OAAB_Data
AB_Misc_CoinDram025,Dram (25),,OAAB_Data
AB_Misc_CoinDram005,Dram (5),,OAAB_Data
TR_m7_HK_key_dramis,Dramis Vendal's Key,key,TR_Mainland
TR_m7_Narsis_KeyDravosVault,Dravos Turil's Vault Key,key,TR_Mainland
AB_Misc_WoodDrawKnife,Draw Knife,knife,OAAB_Data
TR_m7_Narsis_KeyDrawbridge,Drawbridge Key,key,TR_Mainland
TR_m7_HL_FG_Q5_SlaveKey,Dread Minotaur Slave Key,key,TR_Mainland
TR_m7_Narsis_KeyDrelis,Drelis Githrano's Key,key,TR_Mainland
key_drenplantationslaves_01,Dren Plantation Slave Key,key,Morrowind
key_dren_manor,Dren's Manor Key,key,Morrowind
key_dren_storage,Dren's Storage Sack Key,key,Morrowind
TR_m7_Narsis_KeyDrerith,Drerith Residence Key,key,TR_Mainland
T_De_CardHortDres_02,Dres Broker: Nomarch,,Tamriel_Data
T_De_CardMiscDres_02,Dres Broker: Nomarch,,Tamriel_Data
T_De_CardHortDres_05,Dres Craftsman: Conjurer,,Tamriel_Data
T_De_CardMiscDres_05,Dres Craftsman: Conjurer,,Tamriel_Data
T_De_CardHortDres_06,Dres Laborer: Handler,,Tamriel_Data
T_De_CardMiscDres_06,Dres Laborer: Handler,,Tamriel_Data
T_De_CardHortDres_01,Dres Noble: Suzerain,,Tamriel_Data
T_De_CardMiscDres_01,Dres Noble: Suzerain,,Tamriel_Data
T_De_CardHortDres_03,Dres Servant: Chap-thil,,Tamriel_Data
T_De_CardMiscDres_03,Dres Servant: Chap-thil,,Tamriel_Data
T_De_CardHortDres_04,Dres Warrior: Overseer,,Tamriel_Data
T_De_CardMiscDres_04,Dres Warrior: Overseer,,Tamriel_Data
AB_w_DreughArrow10x,Dreugh Arrow (10),,OAAB_Data
TR_m7_q_DanrilkDShell,Dreugh Carapace Fragment,,TR_Mainland
key_dreynos,Dreynos Elvul's Key,key,Morrowind
TR_m4_key_DreynosHelviHouse,Dreynos Helvi's Key,key,TR_Mainland
T_Com_Drill_01,Drill,,Tamriel_Data
misc_dwrv_artifact_ils,Drinar Varyon's Dwemer Tube,,Morrowind
key_chest_drinarvaryon_01,Drinar Varyon's Key,key,Morrowind
T_Nor_DrinkingHorn_01,Drinking Horn,,Tamriel_Data
T_Nor_DrinkingHorn_02,Drinking Horn,,Tamriel_Data
T_Nor_DrinkingHorn_03,Drinking Horn,,Tamriel_Data
TR_m7_MG_Teloseras_Ball,Dro'Jaaban's Crystal Ball,,TR_Mainland
TR_m2_DrolarManor_key,Drolar Manor Key,key,TR_Mainland
TR_m7_sad_key_droryn,Droryn Residence Key,key,TR_Mainland
TR_m3_Kha_SY_hand,Drothril Hand,,TR_Mainland
misc_de_drum_01,Drum,,Bloodmoon
misc_de_drum_01,Drum,,Morrowind
T_Imp_Drum_01,Drum,,Tamriel_Data
T_Imp_Drum_02,Drum,,Tamriel_Data
T_Imp_Drum_03,Drum,,Tamriel_Data
T_Imp_Drum_04,Drum,,Tamriel_Data
T_Rga_Drum_01,Drum,,Tamriel_Data
T_Imp_Painting_UNI_Vaynth,Duchess Bredami Vaynth,,Tamriel_Data
TR_m1_ITO_FW_KeyEmberKeep01,Duchess Jandacia's Key,key,TR_Mainland
T_Imp_Painting_UNI_Perulia,Duchess Perulia Jandacia,,Tamriel_Data
T_De_Painting_UNI_Dren,Duke Vedam Dren,,Tamriel_Data
key_dumbuk_strongbox,Dumbuk's Strongbox Key,key,Morrowind
TR_m2_q_A9_6_skull,Dunmer Skull,,TR_Mainland
key_Dura_gra-Bol,Dura gra-Bol's Key,key,Morrowind
TR_m3_Er_Balvel,Duram Balvel's Key,key,TR_Mainland
misc_dwarfbone_unique,Dwarven Bone,,Morrowind
"TR_m1_key_(33,21)DwemerKey",Dwarven key,key,TR_Mainland
misc_dwrv_artifact20,Dwemer Airship Plans,,Morrowind
TR_m2_kmlz_Chef_Key1,Dwemer Cell Door Key,key,TR_Mainland
T_Dwe_ExplodoEye_01,Dwemer Centurion Eye,,Tamriel_Data
T_Dwe_ExplodoBody_01,Dwemer Centurion Parts,,Tamriel_Data
T_Dwe_ExplodoFlaps_01,Dwemer Centurion Parts,,Tamriel_Data
T_Dwe_ExplodoRotors_01,Dwemer Centurion Parts,,Tamriel_Data
misc_dwrv_artifact80,Dwemer Centurion Plans,,Morrowind
AB_Misc_DwrvToolClamp,Dwemer Clamp Tool,,OAAB_Data
misc_dwrv_artifact50,Dwemer Coherer,,Morrowind
TR_m2_kmlz_ChefB_Coherer,Dwemer Coherer,,TR_Mainland
AB_Misc_DwrvCoil00,Dwemer Coil,,OAAB_Data
T_Dwe_Coil_01,Dwemer Coil,,Tamriel_Data
misc_dwrv_coin00,Dwemer Coin,,Morrowind
misc_dwrv_cursed_coin00,Dwemer Coin,,Morrowind
AB_Misc_DwrvToolCrank,Dwemer Crank Tool,,OAAB_Data
misc_dwrv_artifact00,Dwemer Cylinder,,Morrowind
AB_Misc_DwrvDisk00,Dwemer Disk,,OAAB_Data
T_Dwe_Disk_01,Dwemer Disk,,Tamriel_Data
TR_m4-471_key_door,Dwemer door key,key,TR_Mainland
AB_Misc_DwrvToolFork,Dwemer Fork Tool,fork,OAAB_Data
AB_Misc_DwrvToolCutGlobe,Dwemer Globe Tool,,OAAB_Data
key_Mudan_Dragon,Dwemer Guardian Key,key,Morrowind
AB_Misc_DwGyro00,Dwemer Gyro,,OAAB_Data
key_table_Mudan00,Dwemer key to table in Mudan,key,Morrowind
misc_dwrv_mug00,Dwemer Mug,,Morrowind
TR_m4_AndothDweRuinMug01,Dwemer Mug,,TR_Mainland
TR_m3_dwemeroreprobe,Dwemer Ore Probe,,TR_Mainland
AB_Misc_DwrvParchmentBlank01,Dwemer Parchment,,OAAB_Data
AB_Misc_DwrvParchmentBlank02,Dwemer Parchment,,OAAB_Data
AB_Misc_DwrvParchmentBlankRoll,Dwemer Parchment,,OAAB_Data
T_Dwe_ParchmentRoll_Blnk01,Dwemer Parchment,,Tamriel_Data
T_Dwe_Parchment_Blnk01,Dwemer Parchment,,Tamriel_Data
T_Dwe_Parchment_Blnk02,Dwemer Parchment,,Tamriel_Data
misc_dwrv_ark_cube00,Dwemer puzzle box,,Morrowind
AB_Misc_DwrvRubber,Dwemer Rubber,,OAAB_Data
T_Dwe_Rubber_01,Dwemer Rubber,,Tamriel_Data
misc_dwrv_artifact10,Dwemer Scarab Plans,,Morrowind
misc_dwrv_artifact40,Dwemer Scarab Schematics,,Morrowind
misc_dwrv_artifact70,Dwemer Schematic,,Morrowind
TR_i2_445_schematic,Dwemer Schematic,,TR_Mainland
TR_m2_dwrv_artifact70_01,Dwemer Schematic,,TR_Mainland
misc_dwrv_artifact60,Dwemer Tube,,Morrowind
TR_m1_q_AttackPiece4,Dwemer Tube,,TR_Mainland
AB_Misc_DwWire,Dwemer Wire,,OAAB_Data
T_Dwe_Wire_01,Dwemer Wire,,Tamriel_Data
T_Com_Paper_Blue_01,Dyed Paper,,Tamriel_Data
T_Com_Paper_Green_01,Dyed Paper,,Tamriel_Data
T_Com_Paper_Purple_01,Dyed Paper,,Tamriel_Data
T_Com_Paper_Red_01,Dyed Paper,,Tamriel_Data
TR_m3_EbonTower1PrisonKey,Ebon Tower Prison Level 1 Key,key,TR_Mainland
TR_m3_EbonTower2PrisonKey,Ebon Tower Prison Level 2 Key,key,TR_Mainland
TR_m3_EbonTower3PrisonKey,Ebon Tower Prison Level 3 Key,key,TR_Mainland
TR_m3_q_IL_sewer_key,Ebon Tower Sewers Key,key,TR_Mainland
T_Imp_EbonBowl_01,Ebonware Bowl,bowl,Tamriel_Data
T_Imp_EbonBowl_02,Ebonware Bowl,bowl,Tamriel_Data
T_Imp_EbonCandlestick_01,Ebonware Candlestick,,Tamriel_Data
T_Imp_EbonCup01,Ebonware Cup,cup,Tamriel_Data
T_Imp_EbonCup02,Ebonware Cup,cup,Tamriel_Data
T_Imp_EbonFork01,Ebonware Fork,fork,Tamriel_Data
T_Imp_EbonKnife_01,Ebonware Knife,knife,Tamriel_Data
T_Imp_EbonPitcher_01,Ebonware Pitcher,cup,Tamriel_Data
T_Imp_EbonPlate_01,Ebonware Plate,plate,Tamriel_Data
T_Imp_EbonPlate_02,Ebonware Plate,plate,Tamriel_Data
T_Imp_EbonPlatter_01,Ebonware Platter,,Tamriel_Data
T_Imp_EbonSpoon_01,Ebonware Spoon,spoon,Tamriel_Data
T_Imp_EbonTray_01,Ebonware Tray,,Tamriel_Data
T_Imp_EbonVase_01,Ebonware Vase,,Tamriel_Data
AB_w_EbonyArrow10x,Ebony Arrow (10),,OAAB_Data
T_De_Ebony_Bowl_01,Ebony Bowl,bowl,Tamriel_Data
T_De_Ebony_Bowl_02,Ebony Bowl,bowl,Tamriel_Data
T_De_Ebony_Cup_01,Ebony Cup,cup,Tamriel_Data
T_De_Ebony_Flask_01,Ebony Flask,bottle,Tamriel_Data
T_De_Ebony_Fork_01,Ebony Fork,fork,Tamriel_Data
T_De_EbonyInkwell_01,Ebony Inkwell,,Tamriel_Data
T_De_Ebony_Knife_01,Ebony Knife,knife,Tamriel_Data
T_De_Ebony_Plate_01,Ebony Plate,plate,Tamriel_Data
T_De_Ebony_Platter_01,Ebony Platter,,Tamriel_Data
T_De_ScalesEbony_01,Ebony Scales,,Tamriel_Data
T_De_ScalesEbony_02,Ebony Scales,,Tamriel_Data
T_De_Ebony_Spoon_01,Ebony Spoon,spoon,Tamriel_Data
TR_m1_ITO_DU_KeyEbunammidan,Ebunammidan Key,key,TR_Mainland
TR_m7_key_EdalvelSlaveKey,Edalvel Plantation Slave Key,key,TR_Mainland
TR_m1_ITO_FW_KeyBookseller,Edheldur's Key,key,TR_Mainland
TR_m2_key_Edhryn,Edhryn Farothran's Key,key,TR_Mainland
TR_m3_q_6_key,Edryon's Room Key,key,TR_Mainland
TR_m7_Narsis_KeyEdrys,Edrys Nethalen's Key,key,TR_Mainland
TR_m7_Narsis_KeyEEC,EEC Warehouse Key,key,TR_Mainland
TR_m7_Narsis_keyBoneTemple,Eight-Bones Temple Key,key,TR_Mainland
TR_m3_AT_Key_Tilvani,Elanu Tilvani's House Key,key,TR_Mainland
TR_m4_key_Elar_Fandas,Elar Fandas' Key,key,TR_Mainland
TR_m1_ITO_AL_KeyElfmaid,Elfmaid Key,key,TR_Mainland
TR_m3_ET10_ElsEmbassyKey,Elsweyr Embassy Key,key,TR_Mainland
TR_m7_AM_KeyTradehouse,Elval Tradehouse Key,key,TR_Mainland
TR_m7_AM_KeyTradehouse_Slave,Elval Tradehouse Slave Key,key,TR_Mainland
TR_m7_KeyElvulFarm,Elvul Farm Key,key,TR_Mainland
TR_m7_Narsis_KeyElyn,Elyn Farenim's Key,key,TR_Mainland
T_Com_EmbalmingScissor_01,Embalming Scissors,,Tamriel_Data
TR_m1_ITO_FW_KeyEmberKeep03,Ember Keep Staff Key,key,TR_Mainland
TR_m1_ITO_FW_KeyEmberKeep06,Ember Keep Treasure Chamber Key,key,TR_Mainland
TR_m4_emmurbalpitu_dawn_key,Emmurbalpitu Dawn Key,key,TR_Mainland
TR_m4_emmurbalpitu_dusk_key,Emmurbalpitu Dusk Key,key,TR_Mainland
AB_Misc_DrinkCyroBrandy,Empty Bottle,bottle,OAAB_Data
AB_Misc_DrinkFlin,Empty Bottle,bottle,OAAB_Data
TR_m2_q_9_FlinBottle,Empty Bottle of Flin,bottle,TR_Mainland
TR_m7_LA_FlinBottle,Empty Flin Bottle,bottle,TR_Mainland
TR_m4_SavrethiEmptyGreef,Empty Greef Bottle,bottle,TR_Mainland
AB_Misc_DrinkGreef,Empty Jug,cup,OAAB_Data
AB_Misc_DrinkMazte,Empty Jug,cup,OAAB_Data
AB_Misc_DrinkShein,Empty Jug,cup,OAAB_Data
AB_Misc_DrinkSillapi,Empty Jug,cup,OAAB_Data
AB_Misc_DrinkSujamma,Empty Jug,cup,OAAB_Data
T_Com_Paintpot_01,Empty Paint Pot,pot,Tamriel_Data
T_Nor_PotionBagEmptyPoor_01,Empty Potion Bag,,Tamriel_Data
T_Orc_UngorthBottle_01,Empty Ungorth Bottle,bottle,Tamriel_Data
misc_skooma_vial,Empty Vial,,Morrowind
T_De_Greydust_Vial,Empty Vial,,Tamriel_Data
TR_m3_essempty_i3-128-ind,Empty Vial,,TR_Mainland
TR_m3_OE_MG_EnchBroom,Enchanted Broom,,TR_Mainland
TR_m7_Ns_MG_PasswallGem,Enchanted Gem of Passwall,,TR_Mainland
TR_m7_Narsis_KeyEnedlion,Enedlion's Key,key,TR_Mainland
TR_m1_key_df,"Engraved Key ""D.F""",key,TR_Mainland
TR_m7_Narsis_KeyErene,Erene Reloro's Key,key,TR_Mainland
TR_m2_q_A8_5_slavekey,Erethan Plantation slave key,key,TR_Mainland
key_erich,Erich the Unworthy's Key,key,Bloodmoon
TR_m7_Narsis_KeyEris,Eris Baren's Key,key,TR_Mainland
tr_m4_477_key1,Eroded Key,key,TR_Mainland
TR_m7_Narsis_KeyErver,Erver Drinith's Key,key,TR_Mainland
TR_m1_ITO_FW_KeyWarehouse01,Ervilla Deschamp's Key,key,TR_Mainland
TR_m7_HO_EstorilKey,Estoril's Spare Key,key,TR_Mainland
TR_m2_q_22_ShipKey,Eternal Voyager Deck Key,key,TR_Mainland
TR_m3-271_key_basement,Eurilon's Key,key,TR_Mainland
tr_misc_exp_compass,Expensive Compass,,Tamriel_Data
T_Rga_CompassExp_01,Expensive Compass,,Tamriel_Data
AB_Misc_DePillowL_04,Expensive Pillow,,OAAB_Data
AB_Misc_DePillowS_04,Expensive Pillow,,OAAB_Data
AB_Misc_DePillowL_06,Exquisite Pillow,,OAAB_Data
AB_Misc_DePillowS_06,Exquisite Pillow,,OAAB_Data
misc_uni_pillow_unique,Extra-Comfy Pillow,,Morrowind
AB_Misc_DePillowL_05,Extravagant Pillow,,OAAB_Data
AB_Misc_DePillowS_05,Extravagant Pillow,,OAAB_Data
TR_m7_HO_FagusDorsoKey,Fagus Dorso's Key,key,TR_Mainland
TR_m3_q_fakedwemercoin,Fake Dwemer Coin,,TR_Mainland
TR_m7_Ns_RaranPaintingFake,Fake Painting,,TR_Mainland
Misc_fakesoulgem,Fake Soul Gem,,Morrowind
index_falas,Falasmaryon Propylon Index,,Morrowind
index_falen,Falensarano Propylon Index,,Morrowind
TR_m2_ITO_HE_KeyTG,Falkoth's Basement Key,key,TR_Mainland
TR_m3_AT_Key_Andavel,Falura Andavel's Apartment Key,key,TR_Mainland
TR_m7_FalvelHeleranKey,Falvel Heleran's Shack Key,key,TR_Mainland
TR_m7_Narsis_KeyFalys,Falys Othan's Key,key,TR_Mainland
TR_m2_q_A9_2_Key,Fareloth House Key,key,TR_Mainland
TR_m7_Narsis_KeyFarmersLaborers,Farmers and Laborers Hall Key,key,TR_Mainland
TR_SH06_Farm_Key,Farmhouse Key,key,TR_Mainland
TR_m1_faruna_roll_pin,Faruna's Rolling Pin,,TR_Mainland
TR_m7_Narsis_KeyFastorus,Fastorus Farmhouse Key,key,TR_Mainland
misc_de_lute_01_phat,Fat Lute,,Morrowind
TR_m1_q_57_FeatherSpear,Feather Spear,,TR_Mainland
TR_m1_ITO_FW_KeyClothier01,Fedrin Adlan's Key,key,TR_Mainland
TR_m7_Narsis_KeyFeldryn,Feldryn Tero's Key,key,TR_Mainland
TR_m7_Narsis_KeyFeleryn,Feleryn Manor Key,key,TR_Mainland
TR_m2_ITO_HE_KeyFeliwa,Feliwa's Key,key,TR_Mainland
TR_m7_Narsis_KeyFelmena,Felmena Llendrano's Key,key,TR_Mainland
TR_m3_q_A3_Distance_Finder,Felms' Distance Finder,,TR_Mainland
TR_m7_FelthisArvelKey,Felthis Arvel's Shack Key,key,TR_Mainland
TR_m7_Narsis_KeyFervas,Fervas Dalobar's Key,key,TR_Mainland
T_De_Painting_UNI_Fethas,Fethas Hlaalu,,Tamriel_Data
TR_m7_FethisArvelKey,Fethis Arvel's Shack Key,key,TR_Mainland
TR_m1_ITO_FW_KeyFG,Fighters Guild Key (Firewatch),key,TR_Mainland
TR_m7_Narsis_KeyFightingChance1,Fighting Chance Room 1 Key,key,TR_Mainland
TR_m7_Narsis_KeyFightingChance2,Fighting Chance Room 2 Key,key,TR_Mainland
TR_m7_Narsis_KeyFightingChance3,Fighting Chance Room 3 Key,key,TR_Mainland
T_Com_PotionBottle_02,Fine Glass Bottle,bottle,Tamriel_Data
TR_m7_NVA4_Com_PotionBottle_02,Fine Glass Bottle,bottle,TR_Mainland
TR_m7_NVA6_Com_PotionBottle_02,Fine Glass Bottle,bottle,TR_Mainland
T_De_PurpleGlassBowl_01,Fine Glass Bowl,bowl,Tamriel_Data
T_De_PurpleGlassBowl_02,Fine Glass Bowl,bowl,Tamriel_Data
T_De_PurpleGlassBowl_03,Fine Glass Bowl,bowl,Tamriel_Data
T_De_PurpleGlassCup_01,Fine Glass Cup,cup,Tamriel_Data
T_De_PurpleGlassCup_02,Fine Glass Cup,cup,Tamriel_Data
T_De_PurpleGlassFlask_01,Fine Glass Flask,bottle,Tamriel_Data
T_De_PurpleGlassFlask_02,Fine Glass Flask,bottle,Tamriel_Data
T_De_PurpleGlassFork_01,Fine Glass Fork,fork,Tamriel_Data
T_De_PurpleGlassKnife_01,Fine Glass Knife,knife,Tamriel_Data
T_De_PurpleGlassPlate_01,Fine Glass Plate,plate,Tamriel_Data
T_De_PurpleGlassPlatter_01,Fine Glass Platter,,Tamriel_Data
T_De_PurpleGlassPot_01,Fine Glass Pot,pot,Tamriel_Data
T_De_PurpleGlassPot_02,Fine Glass Pot,pot,Tamriel_Data
T_De_PurpleGlassSpoon_01,Fine Glass Spoon,spoon,Tamriel_Data
T_Nor_FineWoodBowl_01,Fine Wood Bowl,bowl,Tamriel_Data
T_Nor_FineWoodCup_01,Fine Wood Cup,cup,Tamriel_Data
T_Nor_FineWoodDrinkingHorn_01,Fine Wood Drinking Horn,,Tamriel_Data
T_Nor_FineWoodPot_01,Fine Wood Pot,pot,Tamriel_Data
T_Nor_FineWoodPot_02,Fine Wood Pot,pot,Tamriel_Data
TR_m4_AA_SehutuScrapMetal,Finely Tuned Scrap Metal,,TR_Mainland
TR_m0_Firemoth_Commander,Firemoth Commander's Key,key,TR_Mainland
TR_m0_Firemoth_cell_key,Firemoth Prison Cell Key,key,TR_Mainland
TR_m1_ITO_FW_KeyCollege01,Firewatch College Library Key,key,TR_Mainland
TR_m1_ITO_FW_KeyCollege03,Firewatch College Museum Key,key,TR_Mainland
TR_m1_ITO_FW_KeyEEC02,Firewatch EEC Basement Key,key,TR_Mainland
TR_m1_ITO_FW_KeyEEC01,Firewatch EEC Office Key,key,TR_Mainland
TR_m1_key_FW_lighthouse,Firewatch Lighthouse Key,key,TR_Mainland
TR_m1_FW_prisonKey,Firewatch Prison Key,key,TR_Mainland
TR_m1_ITO_FW_KeyWatchtowers,Firewatch Towers Key,key,TR_Mainland
TR_m1_ITO_FW_KeyWarehouse03,Firewatch Warehouse Key,key,TR_Mainland
T_Imp_CoinAlessian_01,First Empire Coin,,Tamriel_Data
TR_m7_Narsis_KeyFirstFamily,First Family Manor Key,key,TR_Mainland
TR_m7_Narsis_KeyFirstFamilySlav,First Family Manor Slave Key,key,TR_Mainland
T_Com_FishFeed_01,Fish Feed,,Tamriel_Data
T_De_FishingNet_01,Fishing Net,,Tamriel_Data
misc_de_fishing_pole,Fishing Pole,,Morrowind
AB_Misc_ComCard05,Five of Irons,,OAAB_Data
T_Imp_Card_05,Five of Irons,,Tamriel_Data
misc_com_redware_flask,Flask,bottle,Bloodmoon
misc_flask_01,Flask,bottle,Bloodmoon
misc_com_redware_flask,Flask,bottle,Morrowind
misc_flask_01,Flask,bottle,Morrowind
misc_flask_02,Flask,bottle,Morrowind
misc_flask_03,Flask,bottle,Morrowind
misc_flask_04,Flask,bottle,Morrowind
AB_Misc_DeBlueFlask_01,Flask,bottle,OAAB_Data
AB_Misc_DeBlueFlask_02,Flask,bottle,OAAB_Data
T_De_BluewareFlask01,Flask,bottle,Tamriel_Data
T_De_BluewareFlask02,Flask,bottle,Tamriel_Data
T_Nor_FlaskBlue_01,Flask,bottle,Tamriel_Data
T_Nor_FlaskBlue_02,Flask,bottle,Tamriel_Data
T_Nor_FlaskBlue_03,Flask,bottle,Tamriel_Data
T_Nor_FlaskBlue_04,Flask,bottle,Tamriel_Data
T_Nor_FlaskGreen_01,Flask,bottle,Tamriel_Data
T_Nor_FlaskGreen_02,Flask,bottle,Tamriel_Data
T_Nor_FlaskGreen_03,Flask,bottle,Tamriel_Data
T_Nor_FlaskGreen_04,Flask,bottle,Tamriel_Data
T_Nor_FlaskRed_01,Flask,bottle,Tamriel_Data
T_Nor_FlaskRed_02,Flask,bottle,Tamriel_Data
T_Nor_FlaskRed_03,Flask,bottle,Tamriel_Data
T_Nor_FlaskRed_04,Flask,bottle,Tamriel_Data
T_Rga_Flask_01,Flask,bottle,Tamriel_Data
T_Dae_UNI_FlaskLillandril,Flask of Lillandril,bottle,Tamriel_Data
AB_Misc_Flint,Flint,,OAAB_Data
AB_Misc_FlintAndSteel,Flint and Steel,,OAAB_Data
T_Com_FlintAndSteel_01,Flint and Steel,,Tamriel_Data
AB_w_FlintArrow10x,Flint Arrow (10),,OAAB_Data
TR_m7_Narsis_KeyFlora,Flora Mamercino's Key,key,TR_Mainland
T_Rga_Flute_01,Flute,,Tamriel_Data
T_Dwe_Schematic05,Flying Construct Schematics,,Tamriel_Data
AB_Misc_Foghorn,Foghorn,,OAAB_Data
TR_m7_Narsis_KeyFolayn,Folayn Ores' Key,key,TR_Mainland
misc_de_foldedcloth00,Folded Cloth,cloth,Bloodmoon
misc_de_foldedcloth00,Folded Cloth,cloth,Morrowind
T_Com_ClothPlainFolded_01,Folded Cloth,cloth,Tamriel_Data
AB_Misc_BoneSkelArgFoot,Foot,,OAAB_Data
AB_Misc_BoneSkelKhaFoot,Foot,,OAAB_Data
TR_m3_ET22_forceps,Forceps,,TR_Mainland
misc_com_wood_fork,Fork,fork,Bloodmoon
misc_com_silverware_fork,Fork,fork,Morrowind
misc_com_wood_fork,Fork,fork,Morrowind
misc_com_wood_fork_UNI1,Fork,fork,Morrowind
misc_com_wood_fork_UNI2,Fork,fork,Morrowind
AB_Misc_DeBlueFork_01,Fork,fork,OAAB_Data
T_Bre_WoodFork_01,Fork,fork,Tamriel_Data
T_Com_WoodFork_a01,Fork,fork,Tamriel_Data
T_Com_WoodFork_c01,Fork,fork,Tamriel_Data
T_De_BluewareFork01,Fork,fork,Tamriel_Data
TR_m4_key_FortAnc_Jail,Fort Ancylis Prison Key,key,TR_Mainland
TR_m1_ITO_FW_KeyDustmoth02,Fort Dustmoth Dungeons Key,key,TR_Mainland
key_standard_01_pel_fort_prison,Fort Pelagiad Prison Key,key,Morrowind
TR_m7_Narsis_KeyFortuna,Fortuna Key,key,TR_Mainland
TR_m7_Narsis_FortunaRoom1key,Fortuna Room 1 Key,key,TR_Mainland
TR_m7_Narsis_KeyFortunaRoom1,Fortuna Room 1 Key,key,TR_Mainland
TR_m7_Narsis_FortunaRoom3key,Fortuna Room 3 Key,key,TR_Mainland
TR_m7_Narsis_KeyFortunaRoom3,Fortuna Room 3 Key,key,TR_Mainland
TR_m7_Narsis_KeyFortunaVault,Fortuna Vault Key,key,TR_Mainland
AB_Misc_ComCard11,Four of Hours,,OAAB_Data
T_Imp_Card_11,Four of Hours,,Tamriel_Data
AB_Misc_ComCard09,Four of Knots,,OAAB_Data
T_Imp_Card_09,Four of Knots,,Tamriel_Data
AB_Misc_ComPaintFrame01,Frame,,OAAB_Data
AB_Misc_ComPaintFrame02,Frame,,OAAB_Data
TR_m7_Narsis_KeyFreeFarmerRent,Free Farmer Rental Company Key,key,TR_Mainland
AB_Misc_DeEbonyBowl_01,Frosted Ebony Bowl,bowl,OAAB_Data
AB_Misc_DeEbonyCup_01,Frosted Ebony Cup,cup,OAAB_Data
AB_Misc_DeEbonyFlask_01,Frosted Ebony Flask,bottle,OAAB_Data
AB_Misc_DeEbonyFork_01,Frosted Ebony Fork,fork,OAAB_Data
AB_Misc_DeEbonyGlass_01,Frosted Ebony Glass,,OAAB_Data
AB_Misc_DeEbonyInkwell_01,Frosted Ebony Inkwell,,OAAB_Data
AB_Misc_DeEbonyKnife_01,Frosted Ebony Knife,knife,OAAB_Data
AB_Misc_DeEbonyPlate_01,Frosted Ebony Plate,plate,OAAB_Data
AB_Misc_DeEbonyPlatter_01,Frosted Ebony Platter,,OAAB_Data
AB_Misc_scalesDeEbony,Frosted Ebony Scales,,OAAB_Data
AB_Misc_scalesDeEbonySkew,Frosted Ebony Scales,,OAAB_Data
AB_Misc_DeEbonySpoon_01,Frosted Ebony Spoon,spoon,OAAB_Data
T_Com_Frypan_01,Frypan,,Tamriel_Data
T_Com_Key_27,Full Key,key,Tamriel_Data
T_Nor_Furs_01,Fur Pack,,Tamriel_Data
T_Nor_Furs_02,Fur Pack,,Tamriel_Data
T_Nor_Furs_03,Fur Pack,,Tamriel_Data
TR_m7_q_BrothersLove_key,Furen Hlavel's Key,key,TR_Mainland
TR_m7_Narsis_93_key,Furnishers Storage Key,key,TR_Mainland
TR_m4_armun_ganahiru_hide,Ga'Nahiru's Fabled Hide,,TR_Mainland
TR_m3_AT_Key_Gaelwaen,Gaelwaen's Key,key,TR_Mainland
TR_m4_Bal_GalanDust,Galan Dreleth's Vampire Dust,,TR_Mainland
TR_m7_SM_key_GalasChest,Galas' Key,key,TR_Mainland
TR_m7_GalisUrvyonKey,Galis Urvyon's Shack Key,key,TR_Mainland
TR_m4_key_galisa_pike,Galisa's Pike Master Key,key,TR_Mainland
TR_m4_AA_GalvurSlaveKey,Galvur Irano's Slave Key,key,TR_Mainland
TR_m1_ITO_FW_KeyEmberKeep07,Garrus Mellorus' Key,key,TR_Mainland
TR_m7_HK_key_garyne,Garyne Selos' Key,key,TR_Mainland
key_GatewayInnslaves_01,Gateway Inn Slave Key,key,Morrowind
TR_m7_AI_KeyDelath,Gavas Delath's Key,key,TR_Mainland
T_Dae_UNI_Gem_Goblet_01,Gem Encrusted Goblet,cup,Tamriel_Data
T_Dae_MagickaResartus_01,Gem of Magicka Resartus,,Tamriel_Data
T_Dae_GemHero_01,Gem of the Hero,,Tamriel_Data
T_De_Painting_UNI_Symmachus,General Symmachus,,Tamriel_Data
TR_m7_Narsis_KeyGeniette,Geniette Winvale's Key,key,TR_Mainland
TR_m3_OE_MG_GeodeKey,Geode Key,key,TR_Mainland
TR_m3_OE_MG_InsideKey,Geode Key,key,TR_Mainland
T_Dwe_Schematic04,Giant Centurion Schematics,,Tamriel_Data
T_Bre_RedGlassBowl_01,Gilded Red Glass Bowl,bowl,Tamriel_Data
T_Bre_RedGlassBowl_02,Gilded Red Glass Bowl,bowl,Tamriel_Data
T_Bre_RedGlassCup_01,Gilded Red Glass Cup,cup,Tamriel_Data
T_Bre_RedGlassFork_01,Gilded Red Glass Fork,fork,Tamriel_Data
T_Bre_RedGlassGoblet_01,Gilded Red Glass Goblet,cup,Tamriel_Data
T_Bre_RedGlassInkwell_01,Gilded Red Glass Inkwell,,Tamriel_Data
T_Bre_RedGlassKnife_01,Gilded Red Glass Knife,knife,Tamriel_Data
T_Bre_RedGlassPitcher_01,Gilded Red Glass Pitcher,cup,Tamriel_Data
T_Bre_RedGlassPlate_01,Gilded Red Glass Plate,plate,Tamriel_Data
T_Bre_RedGlassPlatter_01,Gilded Red Glass Platter,,Tamriel_Data
T_Bre_RedGlassPot_01,Gilded Red Glass Pot,pot,Tamriel_Data
T_Bre_RedGlassSpoon_01,Gilded Red Glass Spoon,spoon,Tamriel_Data
T_Bre_RedGlassVase_01,Gilded Red Glass Vase,,Tamriel_Data
T_De_BluewareCup01,Glass,,Tamriel_Data
AB_w_GlassArrow10x,Glass Arrow (10),,OAAB_Data
T_Com_PotionBottle_01,Glass Bottle,bottle,Tamriel_Data
T_Com_PotionBottle_03,Glass Bottle,bottle,Tamriel_Data
T_Com_PotionBottle_04,Glass Bottle,bottle,Tamriel_Data
T_He_GlassBluBowl01,Glass Bowl,bowl,Tamriel_Data
T_He_GlassBluBowl02,Glass Bowl,bowl,Tamriel_Data
T_He_GlassBluBowl03,Glass Bowl,bowl,Tamriel_Data
T_He_GlassYelBowl01,Glass Bowl,bowl,Tamriel_Data
T_He_GlassYelBowl02,Glass Bowl,bowl,Tamriel_Data
T_He_GlassBluCup01,Glass Cup,cup,Tamriel_Data
T_He_GlassYelCup01,Glass Cup,cup,Tamriel_Data
T_He_GlassBluPlate01,Glass Plate,plate,Tamriel_Data
T_He_GlassBluPlate02,Glass Plate,plate,Tamriel_Data
T_He_GlassBluPlate03,Glass Plate,plate,Tamriel_Data
T_He_GlassBluPlate04,Glass Plate,plate,Tamriel_Data
T_He_GlassBluPlate05,Glass Plate,plate,Tamriel_Data
T_He_GlassOpalPlate01,Glass Plate,plate,Tamriel_Data
T_He_GlassOpalPlate02,Glass Plate,plate,Tamriel_Data
T_He_GlassOpalPlate03,Glass Plate,plate,Tamriel_Data
T_He_GlassPlate01,Glass Plate,plate,Tamriel_Data
T_He_GlassPlate02,Glass Plate,plate,Tamriel_Data
T_He_GlassPlate03,Glass Plate,plate,Tamriel_Data
T_He_GlassPlate04,Glass Plate,plate,Tamriel_Data
T_He_GlassYelPlate01,Glass Plate,plate,Tamriel_Data
T_He_GlassYelPlate02,Glass Plate,plate,Tamriel_Data
T_He_GlassYelPlate03,Glass Plate,plate,Tamriel_Data
T_He_GlassYelPlate04,Glass Plate,plate,Tamriel_Data
T_He_GlassBluPlatter01,Glass Platter,,Tamriel_Data
T_He_GlassYelPlatter01,Glass Platter,,Tamriel_Data
T_De_Glass_Rod_01,Glass Rod,,Tamriel_Data
key_gnisis_eggmine,Gnisis Eggmine Key,key,Morrowind
misc_com_metal_goblet_01,Goblet,cup,Bloodmoon
misc_de_goblet_04,Goblet,cup,Bloodmoon
misc_com_metal_goblet_01,Goblet,cup,Morrowind
misc_com_metal_goblet_02,Goblet,cup,Morrowind
misc_de_goblet_01,Goblet,cup,Morrowind
misc_de_goblet_02,Goblet,cup,Morrowind
misc_de_goblet_03,Goblet,cup,Morrowind
misc_de_goblet_04,Goblet,cup,Morrowind
misc_de_goblet_05,Goblet,cup,Morrowind
misc_de_goblet_06,Goblet,cup,Morrowind
misc_de_goblet_07,Goblet,cup,Morrowind
misc_de_goblet_08,Goblet,cup,Morrowind
misc_de_goblet_09,Goblet,cup,Morrowind
TR_m3_OE_TG_Goblet,Goblet,cup,TR_Mainland
TR_m7_AHPicnicGoblet,Goblet,cup,TR_Mainland
AB_w_GoblinArrow10x,Goblin Arrow (10),,OAAB_Data
T_Com_SkullGoblin_01,Goblin Skull,,Tamriel_Data
T_Cr_GoblinWhistle_01,Goblin Whistle,,Tamriel_Data
Gold_001,Gold,,Morrowind
Gold_005,Gold,,Morrowind
Gold_010,Gold,,Morrowind
Gold_025,Gold,,Morrowind
Gold_100,Gold,,Morrowind
Gold_Dae_cursed_001,Gold,,Morrowind
Gold_Dae_cursed_005,Gold,,Morrowind
T_Com_GoldCoinDae_01,Gold,,Tamriel_Data
TR_m7_NVA1_4Gold_001,Gold,,TR_Mainland
TR_m7_NVA2_Gold_001,Gold,,TR_Mainland
TR_m7_NVA4_Gold_001,Gold,,TR_Mainland
TR_m7_NVA6_Gold_001,Gold,,TR_Mainland
TR_m4_TT_Gold,Gold (100),,TR_Mainland
T_Com_GoldCoinDae_25,Gold (25),,Tamriel_Data
T_De_GoldCoinGhost_25,Gold (25),,Tamriel_Data
T_Com_GoldCoinDae_05,Gold (5),,Tamriel_Data
T_De_GoldCoinGhost_05,Gold (5),,Tamriel_Data
T_Ayl_CoinGold_01,Gold Ayleid Coin,,Tamriel_Data
T_Imp_GoldBottle_01,Gold Bottle,bottle,Tamriel_Data
T_Imp_GoldBowl_01,Gold Bowl,bowl,Tamriel_Data
T_Imp_GoldBowl_02,Gold Bowl,bowl,Tamriel_Data
T_Imp_GoldBowl_03,Gold Bowl,bowl,Tamriel_Data
T_Imp_GoldBowl_04,Gold Bowl,bowl,Tamriel_Data
T_Imp_GoldCandlestick_01,Gold Candlestick,,Tamriel_Data
T_Imp_GoldCandlestick_02,Gold Candlestick,,Tamriel_Data
T_Imp_GoldCup_01,Gold Cup,cup,Tamriel_Data
T_De_GoldDish_01,Gold Dish,,Tamriel_Data
TR_m7_Narsis_KeyInnFQ01,Gold Dragon Inn Key,key,TR_Mainland
T_Imp_GoldFork_01,Gold Fork,fork,Tamriel_Data
T_Imp_GoldFork_02,Gold Fork,fork,Tamriel_Data
T_Imp_GoldGoblet_01,Gold Goblet,cup,Tamriel_Data
T_Com_MetalPieceGold_01,Gold Ingot,,Tamriel_Data
T_Com_MetalPieceGold_02,Gold Ingot,,Tamriel_Data
T_Com_MetalPieceGold_03,Gold Ingot,,Tamriel_Data
TR_m4_TT_GoldIngot1,Gold Ingot,,TR_Mainland
TR_m4_TT_GoldIngot2,Gold Ingot,,TR_Mainland
TR_m7_Ns_FortunaGoldIngot,Gold Ingot,,TR_Mainland
T_Imp_GoldKnife_01,Gold Knife,knife,Tamriel_Data
T_Imp_GoldKnife_02,Gold Knife,knife,Tamriel_Data
T_Imp_GoldPitcher_01,Gold Pitcher,cup,Tamriel_Data
T_Imp_GoldPlate_01,Gold Plate,plate,Tamriel_Data
T_Imp_GoldPlate_02,Gold Plate,plate,Tamriel_Data
T_Imp_GoldPlate_03,Gold Plate,plate,Tamriel_Data
T_Imp_GoldPlate_04,Gold Plate,plate,Tamriel_Data
T_Imp_GoldPlate_05,Gold Plate,plate,Tamriel_Data
T_Imp_GoldPlate_06,Gold Plate,plate,Tamriel_Data
T_Imp_GoldScales_01,Gold Scales,,Tamriel_Data
T_Imp_GoldScales_02,Gold Scales,,Tamriel_Data
T_Imp_GoldSpoon_01,Gold Spoon,spoon,Tamriel_Data
T_Imp_GoldSpoon_02,Gold Spoon,spoon,Tamriel_Data
T_Com_GoldThread_01,Gold Thread,,Tamriel_Data
T_Imp_GoldTray_01,Gold Tray,,Tamriel_Data
T_Imp_UNI_GoldAnvil,Golden Anvil,,Tamriel_Data
misc_uniq_egg_of_gold,Golden Egg,,Morrowind
TR_m3_esskanet_i3-128-ind,Golden Kanet Essential Oil,,TR_Mainland
T_Imp_UNI_GoldenLute,Golden Lute,,Tamriel_Data
TR_m1_ITO_FW_Q_KeyGorinia,Gorinia's Key,key,TR_Mainland
TR_m7_MogorbaFarm_SlaveKey,Gra-Bashamd Farm Key,key,TR_Mainland
TR_m7_Narsis_KeyMHCouncilGall,Grand Council Gallery Key,key,TR_Mainland
Misc_SoulGem_Grand,Grand Soul Gem,,Morrowind
TR_m1_SoulGem_curse_i62,Grand Soul Gem,,TR_Mainland
TR_m3_OE_Q_MissaGem,Grand Soul Gem (Missa Rhyle),,TR_Mainland
TR_m3_OE_Q_MissaGem2,Grand Soul Gem (Missa Rhyle),,TR_Mainland
TR_m3_OE_Q_MissaGemPre,Grand Soul Gem (Missa Rhyle),,TR_Mainland
T_Com_Grater_01,Grater,,Tamriel_Data
Misc_SoulGem_Greater,Greater Soul Gem,,Morrowind
TR_m1_Q_HernesSoul,Greater Soul Gem (Herne),,TR_Mainland
AB_Misc_DeGreenBowl,Green Bowl,bowl,OAAB_Data
AB_Misc_DeGreenBowlBig,Green Bowl,bowl,OAAB_Data
T_De_CandleGreen_01,Green Candle,,Tamriel_Data
T_He_GreenCeladonBowl_01,Green Celadon Bowl,bowl,Tamriel_Data
T_He_GreenCeladonCup_01,Green Celadon Cup,cup,Tamriel_Data
T_He_GreenCeladonPlate_01,Green Celadon Plate,plate,Tamriel_Data
T_He_GreenCeladonPlatter_01,Green Celadon Platter,,Tamriel_Data
T_He_GreenCeladonPot_01,Green Celadon Pot,pot,Tamriel_Data
T_He_GreenCeladonTeapot_01,Green Celadon Teapot,teapot,Tamriel_Data
T_He_GreenCeladonVase_01,Green Celadon Vase,,Tamriel_Data
T_He_GreenCeladonVase_02,Green Celadon Vase,,Tamriel_Data
T_He_GreenCeladonVase_03,Green Celadon Vase,,Tamriel_Data
Misc_DE_glass_green_01,Green Glass,,Morrowind
T_Bre_GreenGlassBeaker_01,Green Glass Beaker,,Tamriel_Data
AB_Misc_DeGreenGlassBowl_01,Green Glass Bowl,bowl,OAAB_Data
T_Bre_GreenGlassBowl_01,Green Glass Bowl,bowl,Tamriel_Data
T_De_GreenGlassBowl_01,Green Glass Bowl,bowl,Tamriel_Data
AB_Misc_DeGreenGlassCup_01,Green Glass Cup,cup,OAAB_Data
T_Bre_GreenGlassCup_01,Green Glass Cup,cup,Tamriel_Data
T_De_GreenGlassCup_01,Green Glass Cup,cup,Tamriel_Data
T_Bre_GreenGlassFlask_01,Green Glass Flask,bottle,Tamriel_Data
T_Bre_GreenGlassGoblet_01,Green Glass Goblet,cup,Tamriel_Data
T_He_Key_02a,Green Glass Key,key,Tamriel_Data
T_Bre_GreenGlassPitcher_01,Green Glass Pitcher,cup,Tamriel_Data
T_De_GreenGlassPitcher_01,Green Glass Pitcher,cup,Tamriel_Data
T_Bre_GreenGlassPlate_01,Green Glass Plate,plate,Tamriel_Data
T_De_GreenGlassPlate_01,Green Glass Plate,plate,Tamriel_Data
T_Bre_GreenGlassPlatter_01,Green Glass Platter,,Tamriel_Data
T_De_GreenGlassPlatter_01,Green Glass Platter,,Tamriel_Data
T_Bre_GreenGlassPot_01,Green Glass Pot,pot,Tamriel_Data
T_Bre_GreenGlassPot_02,Green Glass Pot,pot,Tamriel_Data
T_Bre_GreenGlassVase_01,Green Glass Vase,,Tamriel_Data
T_Bre_GreenGlassVase_02,Green Glass Vase,,Tamriel_Data
T_Bre_GreenGlassVase_03,Green Glass Vase,,Tamriel_Data
T_De_GreenGlassPot_01,Green Glass Vase,,Tamriel_Data
T_Com_PaintpotG_01,Green Paint Pot,pot,Tamriel_Data
T_Com_PaintpotG_02,Green Paint Pot,pot,Tamriel_Data
AB_Misc_DeGreenPitcher,Green Pitcher,cup,OAAB_Data
AB_Misc_DeGreenPlate,Green Plate,plate,OAAB_Data
AB_Misc_DeGreenPlatter,Green Platter,,OAAB_Data
misc_de_pot_green_01,Green Pot,pot,Morrowind
AB_Misc_DeGreenPot,Green Pot,pot,OAAB_Data
TR_m3_OE_MG_GreenhouseKey,Greenhouse Key,key,TR_Mainland
T_De_Painting_Grey,Grey Meadows Landscape,,Tamriel_Data
TR_m1_ITO_FW_KeyNorShip,Grey-Walker Hold Key,key,TR_Mainland
T_Imp_Grinder_01,Grinder,,Tamriel_Data
TR_m4_q_grumpole,Grum's Fishing Pole,,TR_Mainland
TR_m3_q_5_key,Guard's Key,key,TR_Mainland
TR_m4_i4-75_key_storage,Guard's Key,key,TR_Mainland
misc_de_drum_02,Guarskin Drum,,Morrowind
TR_m3_OE_MG_PuzzleExitKey,Guildhall Key,key,TR_Mainland
key_dralor,Guldrise Dralor's Key,key,Morrowind
TR_m3_AT_Key_Vandus,Guril Vandus' Key,key,TR_Mainland
key_habinbaesslaves_01,Habinbaes Slave Key,key,Morrowind
T_De_HackloPipe_01,Hackle-Lo Pipe,,Tamriel_Data
AB_Misc_HairBrush,Hairbrush,,OAAB_Data
TR_m3_OE_MG_HalfMazeKey,Half Maze Key,key,TR_Mainland
TR_m4_AA_UvaynJewelryBag_02,Half of Balvene Uvayn's Jewelry,,TR_Mainland
TR_m3_q_IenasaJug,Half-Empty Jug of Punavit,cup,TR_Mainland
TR_m3_Haliwaran_Key,Haliwaran Vault Key,key,TR_Mainland
TR_m3_AT_18_TributeKey,Hall of Tribute Key,key,TR_Mainland
T_Com_Hammer_04,Hammer,hammer,Tamriel_Data
T_Com_Hammer_05,Hammer,hammer,Tamriel_Data
TR_m7_NVA1_4_Com_Hammer_03,Hammer,hammer,TR_Mainland
TR_m7_NVA3_Com_Hammer_03,Hammer,hammer,TR_Mainland
TR_m7_NVA5_Com_Hammer_03,Hammer,hammer,TR_Mainland
TR_m7_NVA7_Com_Hammer_01,Hammer,hammer,TR_Mainland
TR_m7_NVA7_Com_Hammer_03,Hammer,hammer,TR_Mainland
tr_m7_HO_19 Hand,Hand of St Roris,,TR_Mainland
TR_m7_KeyHannit,Hannit Key,key,TR_Mainland
AB_Mus_DeHarp,Harp,,OAAB_Data
key_hasphat_antabolis,Hasphat Antabolis' Key,key,Morrowind
key_cell_ebonheart_01,Hawkmoth Prison Cell Key,key,Morrowind
TR_m3_OE_fiendgem,Hazy Soul Gem,,TR_Mainland
BM_bearheart_UNIQUE,Heart of the Spirit Bear,key,Bloodmoon
TR_m2_q_10_Treatment,Hearth-dust Treatment,,TR_Mainland
TR_m2_ITO_HE_KeyIAS,Helnim IAS Key,key,TR_Mainland
TR_m2_ITO_HE_KeyLegion,Helnim Legion Key,key,TR_Mainland
TR_m2_q_19_EECWarehouseKey,Helnim Warehouse Key,key,TR_Mainland
TR_m4_key_helseri,Helseri Farmhouse Key,key,TR_Mainland
TR_m4_key_helseri_slave,Helseri Slave Key,key,TR_Mainland
TR_m7_Othm_HelvalKey,Helval Residence Key,key,TR_Mainland
key_helvi,Helvi's Key,key,Morrowind
TR_m4_key_hemmette_fauler,Hemmette Fauler's Chest Key,key,TR_Mainland
TR_m7_Narsis_KeyHerges,Herges Carillien's Key,key,TR_Mainland
TR_m7_Narsis_KeyHeronHall,Heron Hall Key,key,TR_Mainland
TR_m3_OE_HhontjulfKey02,Hhontjulf's Bedroom Key,key,TR_Mainland
TR_m1_Q50_Cloth_1,High Quality Bolt of Cloth,cloth,TR_Mainland
TR_m1_Q50_Cloth_2,High Quality Bolt of Cloth,cloth,TR_Mainland
TR_m7_Othm_HighWallKey,High Wall Key,key,TR_Mainland
TR_m7_key_HilfridDibella,Hilfrid's Chapel of Dibella Key,key,TR_Mainland
key_hinnabislaves_01,Hinnabi Slave Key,key,Morrowind
key_hlaalo_manor,Hlaalo Manor Key,key,Morrowind
TR_m7_Hlaalu2_GuestKey,Hlaalu 2nd Manor Guest Key,key,TR_Mainland
TR_m7_Hlaalu2_GeneralKey,Hlaalu 2nd Manor Key,key,TR_Mainland
TR_m7_Hlaalu2_VaultKey_01,Hlaalu 2nd Manor Vault Key #1,key,TR_Mainland
TR_m7_Hlaalu2_VaultKey_02,Hlaalu 2nd Manor Vault Key #2,key,TR_Mainland
TR_m7_Hlaalu2_VaultKey_03,Hlaalu 2nd Manor Vault Key #3,key,TR_Mainland
T_De_CardHortHla_02,Hlaalu Broker: Merchant,,Tamriel_Data
T_De_CardMiscHla_02,Hlaalu Broker: Merchant,,Tamriel_Data
T_De_HlaaluCompanyScrip_01,Hlaalu Company Scrip,,Tamriel_Data
T_De_HlaaluCompanyScrip_02,Hlaalu Company Scrip (10),,Tamriel_Data
key_vivec_hlaalu_cell,Hlaalu Compound Cell Key,key,Morrowind
T_De_CardHortHla_05,Hlaalu Craftsman: Highwayman,,Tamriel_Data
T_De_CardMiscHla_05,Hlaalu Craftsman: Highwayman,,Tamriel_Data
TR_m7_HlaaluEggMine_key_slaves,Hlaalu Egg Mine Slave Key,key,TR_Mainland
T_De_CardHortHla_06,Hlaalu Laborer: Courtesan,,Tamriel_Data
T_De_CardMiscHla_06,Hlaalu Laborer: Courtesan,,Tamriel_Data
T_De_CardHortHla_01,Hlaalu Noble: Councilman,,Tamriel_Data
T_De_CardMiscHla_01,Hlaalu Noble: Councilman,,Tamriel_Data
T_De_CardHortHla_03,Hlaalu Servant: Gladiator,,Tamriel_Data
T_De_CardMiscHla_03,Hlaalu Servant: Gladiator,,Tamriel_Data
TR_m7_Narsis_KeyTheater,Hlaalu Theater Key,key,TR_Mainland
key_hvaults2,Hlaalu Vaults Inner Key,key,Morrowind
key_hvaults1,Hlaalu Vaults Outer Key,key,Morrowind
T_De_CardHortHla_04,Hlaalu Warrior: Mercenary,,Tamriel_Data
T_De_CardMiscHla_04,Hlaalu Warrior: Mercenary,,Tamriel_Data
TR_m7_KeyHladriWinery,Hladri Winery Key,key,TR_Mainland
TR_m7_HO_KeepKey,Hlan Oek Keep Key,key,TR_Mainland
TR_m7_key_HO_Sewers_E,Hlan Oek Laboratory Key,key,TR_Mainland
TR_m7_HO_MarketSlaveKey,Hlan Oek Slave Market Key,key,TR_Mainland
TR_m7_HO_TempleKey,Hlan Oek Temple Key,key,TR_Mainland
TR_m7_HH_KeyHlanTomb,Hlandrim Ancestral Tomb Key,key,TR_Mainland
TR_m3_AT_Key_Saravyne,Hlenil Saravyne's Key,key,TR_Mainland
TR_m7_HK_key_HH_guest,Hleryn Estate Guest Key,key,TR_Mainland
TR_m7_UH_HlerynPanicKey,Hleryn Estate Secret Room Key,key,TR_Mainland
T_De_Index_Hlomaseth,Hlomaseth Propylon Index,,Tamriel_Data
T_De_Index_Hlorandar,Hlorandar Propylon Index,,Tamriel_Data
T_De_Index_Hlorandus,Hlorandus Propylon Index,,Tamriel_Data
TR_m3_Hlorandus_SlaversKey1,Hlorandus Slave Key,key,TR_Mainland
TR_m7_Narsis_KeyHloris,Hloris Othralas' Key,key,TR_Mainland
key_chest_avonravel_01,Hlormaren - Avon Ravel's Key,key,Morrowind
index_hlor,Hlormaren Propylon Index,,Morrowind
key_hlormarenslaves_01,Hlormaren Slave Key,key,Morrowind
key_chest_brilnosullarys_01,Hlormaren Wizard's Key,key,Morrowind
TR_m7_HK_key_temple,Holamyn Kor Temple Key,key,TR_Mainland
key_Suran_slave,Holding Cell Key,key,Morrowind
misc_hook,Hook,,Bloodmoon
misc_hook,Hook,,Morrowind
T_Rga_Hookah_01,Hookah,,Tamriel_Data
T_Rga_Hookah_02,Hookah,,Tamriel_Data
T_Rga_Hookah_03,Hookah,,Tamriel_Data
T_Com_Horseshoe_01,Horseshoe,,Tamriel_Data
AB_Misc_ChiselHot,Hot Chisel,,OAAB_Data
AB_Misc_Hourglass,Hourglass,,OAAB_Data
T_Com_Hourglass_01,Hourglass,,Tamriel_Data
misc_de_goblet_04_dagoth,House Dagoth cup,cup,Morrowind
misc_goblet_dagoth,House Dagoth cup,cup,Morrowind
TR_m7_Sharai_KeyRedWings,House of Red Wings Key,key,TR_Mainland
TR_m1_ITO_FW_KeyHowlingNoose,Howling Noose Basement Key,key,TR_Mainland
AB_w_HuntsArrow10x,Huntsman Arrow (10),,OAAB_Data
TR_m3_q_TheRiftKey2,Hyperagonal Media Theorem,key,TR_Mainland
TR_m7_key_IbbiSuenSlave,Ibbi-Suen Mine Slave Key,key,TR_Mainland
TR_m1_ITO_AL_KeyIcebreaker02,Icebreaker Keep Dungeons Key,key,TR_Mainland
T_De_Index_Idaverrano,Idaverrano Propylon Index,,Tamriel_Data
TR_m7_Othm_RothranoKey,Idros Rothrano's Key,key,TR_Mainland
TR_m3_Sa_MenasKey,Idroso Menas' Key,key,TR_Mainland
TR_m7_Narsis_KeyIdyn,Idyn Ramori's Key,key,TR_Mainland
key_ienasa,Ienasa Radas's Key,key,Morrowind
TR_m7_Sharai_KeyIldram,Ildram Residence Key,key,TR_Mainland
key_tel_aruhn_slave1,Imayn Slave Cage Key,key,Morrowind
AB_Misc_ImpCanteen,Imperial Canteen,,OAAB_Data
T_Com_ImpCanteen,Imperial Canteen,,Tamriel_Data
T_Imp_CarvedWoodBowl_01,Imperial Carved Wood Bowl,bowl,Tamriel_Data
T_Imp_CarvedWoodCup_01,Imperial Carved Wood Cup,cup,Tamriel_Data
T_Imp_CarvedWoodPlate_01,Imperial Carved Wood Plate,plate,Tamriel_Data
T_Imp_CarvedWoodTray_01,Imperial Carved Wood Tray,,Tamriel_Data
T_Imp_CarvedWoodVessel_01,Imperial Carved Wood Vessel,,Tamriel_Data
T_Ayl_DWelkyndInv_01,Inactive Loria Stone,,Tamriel_Data
TR_m7_Narsis_KeyIndaram,Indaram Residence Key,key,TR_Mainland
T_De_Index_Indomarano,Indomarano Propylon Index,,Tamriel_Data
index_indo,Indoranyon Propylon Index,,Morrowind
T_De_CardHortInd_02,Indoril Broker: Judge,,Tamriel_Data
T_De_CardMiscInd_02,Indoril Broker: Judge,,Tamriel_Data
T_De_CardHortInd_05,Indoril Craftsman: Velkherd,,Tamriel_Data
T_De_CardMiscInd_05,Indoril Craftsman: Velkherd,,Tamriel_Data
T_De_Painting_UNI_Ilvi,Indoril Ilvi,,Tamriel_Data
T_De_CardHortInd_06,Indoril Laborer: Gardener,,Tamriel_Data
T_De_CardMiscInd_06,Indoril Laborer: Gardener,,Tamriel_Data
T_De_CardHortInd_01,Indoril Noble: Seneschal,,Tamriel_Data
T_De_CardMiscInd_01,Indoril Noble: Seneschal,,Tamriel_Data
T_De_CardHortInd_03,Indoril Servant: Tollmer,,Tamriel_Data
T_De_CardMiscInd_03,Indoril Servant: Tollmer,,Tamriel_Data
TR_m3_key_TholsSlave,Indoril Thols' Slave Key,key,TR_Mainland
T_De_CardHortInd_04,Indoril Warrior: Ordinator,,Tamriel_Data
T_De_CardMiscInd_04,Indoril Warrior: Ordinator,,Tamriel_Data
T_Imp_SilverWareIndulcet_01,Indulcet Spoon,spoon,Tamriel_Data
TR_m3_AT_Key_Infirmary,Infirmary of St. Meris Key,key,TR_Mainland
TR_m7_Ns_TT_Chavana1_Potion,Inise Llarvu's Remedy,,TR_Mainland
Misc_Inkwell,Inkwell,,Morrowind
AB_Misc_DeBlueInkwell_01,Inkwell,,OAAB_Data
T_De_BluewareInkwell01,Inkwell,,Tamriel_Data
T_Rga_Inkwell_01,Inkwell,,Tamriel_Data
TR_m3_q_TheRiftDeskItem6,Inkwell,,TR_Mainland
TR_m3_q_TheRiftKey1,Introduction to Hermaean Logic,key,TR_Mainland
T_Imp_UNI_Map_Akavir,Invasion of Akavir Map,,Tamriel_Data
T_Imp_Map_Akavir_damaged,Invasion of Akavir Map (Ruined),,Tamriel_Data
AB_w_IronArrow10x,Iron Arrow (10),,OAAB_Data
T_Com_MetalBlank_01,Iron Blank,,Tamriel_Data
T_Bre_IronCandlestick_01,Iron Candlestick,,Tamriel_Data
T_Bre_IronCandlestick_02,Iron Candlestick,,Tamriel_Data
T_Com_CandleStickIron_01,Iron Candlestick,,Tamriel_Data
TR_m7_Narsis_WFSw_Key,Iron Cell Key,key,TR_Mainland
AB_Misc_IronPot,Iron Cooking Pot,pot,OAAB_Data
T_Com_MetalPieceIron_01,Iron Ingot,,Tamriel_Data
key_camp,Iron Key,key,Morrowind
key_persius mercius,Iron Key,key,Morrowind
AB_Key_IronRuin01,Iron Key,key,OAAB_Data
AB_Key_IronRuin02,Iron Key,key,OAAB_Data
AB_Key_IronRuin03,Iron Key,key,OAAB_Data
T_Com_Key_05,Iron Key,key,Tamriel_Data
T_Com_Key_19,Iron Key,key,Tamriel_Data
T_Com_Key_21,Iron Key,key,Tamriel_Data
T_Com_Key_22,Iron Key,key,Tamriel_Data
T_Com_Key_25,Iron Key,key,Tamriel_Data
TR_i3-276_key-lower,Iron Key,key,TR_Mainland
TR_i3-276_key-upper,Iron Key,key,TR_Mainland
TR_i3-287_chests,Iron Key,key,TR_Mainland
TR_m1_key_Workershack_i4-268,Iron Key,key,TR_Mainland
TR_m2_key_i391-1,Iron Key,key,TR_Mainland
TR_m2_key_i391-2,Iron Key,key,TR_Mainland
TR_m3-770_key_CE,Iron Key,key,TR_Mainland
TR_m3_i551_key01,Iron Key,key,TR_Mainland
TR_m3_i614_MeditationRoom,Iron Key,key,TR_Mainland
TR_m3_key_i3-645,Iron Key,key,TR_Mainland
TR_m3_Kha_1_Chest_Key,Iron Key,key,TR_Mainland
TR_m4_andoport_contraband,Iron Key,key,TR_Mainland
TR_m4_Mundrethi_KeySkooma,Iron Key,key,TR_Mainland
TR_m7_Ald_Iuval_5_Key,Iron Key,key,TR_Mainland
TR_m7_Key_AviloBasement,Iron Key,key,TR_Mainland
TR_m7_Narsis_83_key,Iron Key,key,TR_Mainland
TR_M7_SeptimsGate_ContrabandKey,Iron Key,key,TR_Mainland
TR_M7_SeptimsGate_Keep_CellDoor,Iron Key,key,TR_Mainland
TR_m7_SH09_DR01_key,Iron Key,key,TR_Mainland
TR_m7_TV5_Tower_2_CaptainKey,Iron Key,key,TR_Mainland
TR_m7_TV5_Tower_2_GuardKey,Iron Key,key,TR_Mainland
TR_Narsis_70 Club Key,Iron Key,key,TR_Mainland
TR_Narsis_Drawbridge_Key,Iron Key,key,TR_Mainland
misc_com_iron_ladle,Iron Ladle,ladle,Morrowind
T_Bre_IronLanternEmpty_01,Iron Lantern,,Tamriel_Data
T_Com_IronPot_01,Iron Pot,pot,Tamriel_Data
T_Com_IronPot_02,Iron Pot,pot,Tamriel_Data
T_Com_IronPot_03,Iron Pot,pot,Tamriel_Data
T_Com_Key_18,Iron Puzzle Key,key,Tamriel_Data
AB_Misc_scalesDeIron,Iron Scales,,OAAB_Data
AB_Misc_scalesDeIronSkew,Iron Scales,,OAAB_Data
AB_Misc_Shackles,Iron Shackles,,OAAB_Data
T_Com_IronSpike_01,Iron Spike,,Tamriel_Data
AB_Misc_scalesIronWght,Iron Weight,,OAAB_Data
AB_Misc_scalesIronWghtBig,Iron Weight,,OAAB_Data
T_De_Weight_01,Iron Weight,,Tamriel_Data
T_De_Weight_02,Iron Weight,,Tamriel_Data
T_De_Weight_03,Iron Weight,,Tamriel_Data
T_De_Weight_04,Iron Weight,,Tamriel_Data
T_Nor_IronwoodBowl_01,Ironwood Bowl,bowl,Tamriel_Data
T_Nor_IronwoodGoblet_01,Ironwood Goblet,cup,Tamriel_Data
T_Nor_IronwoodTankard_01,Ironwood Mug,,Tamriel_Data
T_Nor_IronwoodLog_01,Ironwood Piece,,Tamriel_Data
T_Nor_IronwoodLog_02,Ironwood Piece,,Tamriel_Data
T_Nor_IronwoodPlate_01,Ironwood Plate,plate,Tamriel_Data
T_Nor_IronwoodVase_01,Ironwood Vase,,Tamriel_Data
T_Nor_IronwoodVase_02,Ironwood Vase,,Tamriel_Data
TR_m7_HO_IrvaFamoriKey,Irva Famori's Key,key,TR_Mainland
TR_m7_Narsis_KeyIrwaen,Irwaen's Key,key,TR_Mainland
key_itar,Itar's Key,key,Morrowind
TR_m7_HO_IthisRandaroKey,Ithis Randaro's Key,key,TR_Mainland
T_De_CandleIvory_01,Ivory Candle,,Tamriel_Data
key_ivrosa,Ivrosa Verethi's Key,key,Morrowind
T_De_Painting_UNI_Hleryn,Ivul Hleryn,,Tamriel_Data
key_j'zhirr,J'zhirr's Key,key,Morrowind
TR_m1_ITO_AL_KeyNorthernWind,Jackarn's Key,key,TR_Mainland
TR_m1_ITO_AL_KeyTrader,Jana Livia's Key,key,TR_Mainland
TR_m7_Narsis_KeyJandie,Jandie's Key,key,TR_Mainland
TR_m2_ITO_HE_KeyBarrister,Janson's Key,key,TR_Mainland
T_Bre_Bottle_04,Jar,,Tamriel_Data
T_Bre_Bottle_08,Jar,,Tamriel_Data
T_Bre_Bottle_12,Jar,,Tamriel_Data
T_Bre_Bottle_16,Jar,,Tamriel_Data
T_Imp_ColClayPot_02,Jar,,Tamriel_Data
AB_Misc_BoneSkelArgSkullJaw,Jaw,,OAAB_Data
AB_Misc_BoneSkelSkullJaw,Jaw,,OAAB_Data
key_jeanne,Jeanne's Key,key,Morrowind
TR_m7_Narsis_KeyJeed,Jeed-Tei's Key,key,TR_Mainland
T_Bre_Painting_Jehanna,Jehanna Landscape,,Tamriel_Data
misc_com_bottle_03,Jug,cup,Bloodmoon
misc_com_bottle_07,Jug,cup,Bloodmoon
misc_com_bottle_12,Jug,cup,Bloodmoon
misc_com_bottle_03,Jug,cup,Morrowind
misc_com_bottle_07,Jug,cup,Morrowind
misc_com_bottle_07_float,Jug,cup,Morrowind
misc_com_bottle_12,Jug,cup,Morrowind
AB_Misc_ComBottleR05,Jug,cup,OAAB_Data
T_Bre_Bottle_03,Jug,cup,Tamriel_Data
T_Bre_Bottle_07,Jug,cup,Tamriel_Data
T_Bre_Bottle_11,Jug,cup,Tamriel_Data
T_Bre_Bottle_15,Jug,cup,Tamriel_Data
T_Com_BottleRed_05,Jug,cup,Tamriel_Data
T_He_Bottle_05,Jug,cup,Tamriel_Data
T_He_Bottle_10,Jug,cup,Tamriel_Data
T_He_Bottle_15,Jug,cup,Tamriel_Data
T_Imp_ColClayPot_01,Jug,cup,Tamriel_Data
T_Rga_Bottle_05,Jug,cup,Tamriel_Data
T_Rga_Bottle_06,Jug,cup,Tamriel_Data
T_Rga_Bottle_08,Jug,cup,Tamriel_Data
T_Rga_Bottle_10,Jug,cup,Tamriel_Data
T_Rga_Bottle_15,Jug,cup,Tamriel_Data
T_Rga_Bottle_16,Jug,cup,Tamriel_Data
T_Rga_Bottle_18,Jug,cup,Tamriel_Data
T_Rga_Bottle_20,Jug,cup,Tamriel_Data
TR_m1_ITO_FW_KeyEmberKeep02,Jula Minthri's Key,key,TR_Mainland
TR_m3_oe_jyrrlund_key,Jyrrlund Grey-Wind's Key,key,TR_Mainland
AB_Misc_ComKagoutiHorn,Kagouti Drinking Horn,,OAAB_Data
TR_m7_Kaladryon_ChambersKey,Kaladryon Private Chambers Key,key,TR_Mainland
T_De_Index_Kaladryon,Kaladryon Propylon Index,,Tamriel_Data
TR_m7_key_kaladryon,Kaladryon Slave Key,key,TR_Mainland
TR_m4_KassadPackage,Kassad's Package,,TR_Mainland
TR_m7_KassapuKey,Kassapu Key,key,TR_Mainland
TR_m3_keepcellkey,Keep Cell Key,key,TR_Mainland
TR_m3_keepgatekey,Keep Gate Key,key,TR_Mainland
key_Aralen,Key Aralen Tombs,key,Morrowind
key_Dareleth_tomb,Key Dareleth tomb,key,Morrowind
key_Venim,"Key engraved ""Venim""",key,Morrowind
TR_m3_MassanudSlaveKey1,Key for Varuso Veloth,key,TR_Mainland
TR_m3_MassanudSlaveKey3,Key for Yak gro-Yam,key,TR_Mainland
TR_m3_MassanudSlaveKey2,Key for Yontus Kushummu,key,TR_Mainland
TR_m2_Bthang_key2,Key from Lower Bthangthamuzand,key,TR_Mainland
TR_m3_deskkey_i392,"Key inscribed ""Acra""",key,TR_Mainland
TR_m3_labkey_i3-274-ind,"Key Inscribed ""Dispensary""",key,TR_Mainland
TR_m4-319_Key_ClothBox,Key to a Small Chest,key,TR_Mainland
TR_m7_adavrincellkey,Key to Adavrin Netch Ranch Cell,key,TR_Mainland
TR_m7_Adavrin_KeyCell,Key to Adavrin Plantation Cell,key,TR_Mainland
TR_m7_key_adavrin_vault,Key to Adavrin Vault,key,TR_Mainland
TR_m4_AldErf_Key,Key to Ald Erfoud Ruins,key,TR_Mainland
key_Aleft_chest,Key to Aleft chest,key,Morrowind
TR_m4_key_alrysa_faali,Key to Alrysa Faali's House,key,TR_Mainland
key_Andalen_chest,Key to Andalen chest,key,Morrowind
key_Andalen_tomb,Key to Andalen tomb,key,Morrowind
key_Andas_tomb,Key to Andas tomb,key,Morrowind
key_Andavel_tomb,Key to Andavel tomb,key,Morrowind
key_Andrethi_chest,Key to Andrethi tomb chest,key,Morrowind
key_Andules_chest,Key to Andules chest,key,Morrowind
key_Aran_tomb,Key to Aran tomb,key,Morrowind
Key_Arano_chest,Key to Arano Tomb chest,key,Morrowind
Key_Arano_door,Key to Arano Tomb Door,key,Morrowind
TR_m7_Narsis_KeyArchMage,Key to Arch-Mage's Quarters,key,TR_Mainland
key_Arenim_chest,Key to Arenim chest,key,Morrowind
key_Arkngthunch_chest,Key to Arkngthunch chest,key,Morrowind
key_Aryon_chest,Key to Aryon chest,key,Morrowind
key_Ashmelech,Key to Asmelech ,key,Morrowind
key_Ashmelech_chest,Key to Asmelech chest,key,Morrowind
TR_m4_q_mm_AtriKey,Key to Atriban's House,key,TR_Mainland
key_Baram_tomb,Key to Baram tomb,key,Morrowind
TR_m4_Barendreth_KeyCattle,Key to Barendreth Cattle,key,TR_Mainland
TR_AldIuval_AbndBarrack_key,Key to Barracks,key,TR_Mainland
TR_Armun_i03_Bazak_key,Key to Bazak,key,TR_Mainland
TR_m4_AA_SehutuTabernacleKey,Key to Bel-Betu's Tabernacle,key,TR_Mainland
key_Bthanchend_chest,Key to Bthanchend chest,key,Morrowind
key_Bthuand,Key to Bthuand,key,Morrowind
TR_m4-112_key_bsmnt,Key to Cat-Catchers' Lounge,key,TR_Mainland
TR_m2_prison_key_i323,Key to Cell Doors,key,TR_Mainland
Key_Dralas_chest,Key to Dralas chest,key,Morrowind
Key_Dralas_tomb,Key to Dralas tomb,key,Morrowind
key_Dreloth_tomb,Key to Dreloth tomb,key,Morrowind
TR_m7_TV_DrorynTombKey,Key to Droryn Ancestral Tomb,key,TR_Mainland
TR_m2_enduur_key_chest,Key to En-Duur's chest,key,TR_Mainland
TR_m2_Key_EndrTomb,Key to Endrovel Tomb,key,TR_Mainland
key_Fadathram_tomb,Key to Fadathram tomb,key,Morrowind
key_Falas_tomb,Key to Falas tomb,key,Morrowind
key_Falas_chest,Key to Falas Tomb chest,key,Morrowind
TR_m3_key_Farys_tomb,Key to Farys Ancestral tomb,key,TR_Mainland
key_Favel_chest,Key to Favel Tomb chest,key,Morrowind
TR_m4_key_felespyre,Key to Felespyre's House,key,TR_Mainland
TR_m1_Voun_Forge_Key01,Key to Forge,key,TR_Mainland
key_Galom_Daeus,Key to Galom Daeus,key,Morrowind
Key_Gimothran_chest,Key to Gimothran chest,key,Morrowind
key_Gimothran,Key to Gimothran master burial,key,Morrowind
key_Gimothran_tomb,Key to Gimothran tomb,key,Morrowind
key_gustav_chest,Key to Gustav's chest,key,Bloodmoon
key_gyldenhul,Key to Gyldenhul,key,Bloodmoon
key_Helas_tomb,Key to Helas tomb,key,Morrowind
TR_m2_key_He_Prison,Key to Helnim Prison Cells,key,TR_Mainland
TR_m3_LA_HengorKey,Key to Hengor's Stash,key,TR_Mainland
key_Heran,Key to Heran tomb door,key,Morrowind
TR_m3_OE_HhontjulfKey01,Key to Hhontjulf's House,key,TR_Mainland
TR_m7_UH_HlerynChainKey,Key to Hleryn Chain Room,key,TR_Mainland
TR_m7_UH_HlerynVaultKey,Key to Hleryn Vault,key,TR_Mainland
TR_m7_HO_Key_HouseForSale,Key to House for Sale,key,TR_Mainland
key_huleen's_hut,Key to Huleen's Hut,key,Morrowind
key_Ienith_chest,Key to Ienith chest,key,Morrowind
key_Ienith_tomb,Key to Ienith tomb,key,Morrowind
TR_m4_key_ilvaalmu,Key to Ilvaalmu's Shackles,key,TR_Mainland
key_TV_CT,Key to Imperial Museum Jail,key,Morrowind
key_Indalen_tomb,Key to Indalen tomb,key,Morrowind
TR_m4_AA_IssarbaddonKey,Key to Issarbaddon,key,TR_Mainland
TR_m3_TT_JalorIndoKey,Key to Jalor Indo's House,key,TR_Mainland
TR_m4_key_kaarnut,Key to Kaarnut's House,key,TR_Mainland
TR_m7_key_TV4Tomb2,Key to Llaren Tomb,key,TR_Mainland
key_Lleran_tomb,Key to Lleran tomb,key,Morrowind
TR_m7_LA4_Tomb_1_Key,Key to Llerethi tomb,key,TR_Mainland
key_Llervu,Key to Llervu tomb,key,Morrowind
key_Brinne_chest,Key to Lord Brinne's chest,key,Morrowind
misc_dwrv_ark_key00,Key to Lower Arkngthand,key,Morrowind
TR_m7_CastleNarsis_VaultKey,Key to Lower Vault,key,TR_Mainland
key_Maren_tomb,Key to Maren tomb,key,Morrowind
key_door_Mudan00,Key to Mudan Dwemer Vault,key,Morrowind
TR_m4_key_mulus_roloth,Key to Mulus Roloth's Shack,key,TR_Mainland
key_Mzahnch_chest,Key to Mzahnch chest,key,Morrowind
key_Mzanchend_chest,Key to Mzanchend chest,key,Morrowind
key_Mzuleft,Key to Mzuleft,key,Morrowind
key_Nchardahrk,Key to Nchardahrk,key,Morrowind
key_Nchardahrk_chest,Key to Nchardahrk chest,key,Morrowind
key_Nchuleftingth,Key to Nchuleftingth,key,Morrowind
key_Nchuleftingth_chest,Key to Nchuleftingth chest,key,Morrowind
key_Nelas_chest,Key to Nelas chest,key,Morrowind
key_Nerano_chest,Key to Nerano chest,key,Morrowind
key_neranomanor,Key to Nerano Manor,key,Morrowind
TR_m4_key_ngelfltingth,Key to Ngelfltingth,key,TR_Mainland
key_Sandas,Key to Nobleman's chest,key,Morrowind
key_Norvayn_chest,Key to Norvayn chest,key,Morrowind
key_Norvayn_tomb,Key to Norvayn tomb,key,Morrowind
key_Odirniran,Key to Odirniran,key,Morrowind
TR_m4_AT42Intercession_Key1,Key to Office of Intercession,key,TR_Mainland
key_Omalen_tomb,Key to Omalen tomb,key,Morrowind
key_Omaren_chest,Key to Omaren chest,key,Morrowind
key_Orethi_tomb,Key to Orethi tomb,key,Morrowind
key_Othrelas_door,Key to Othrelas tomb door,key,Morrowind
key_Ravel_chest,Key to Ravel chest,key,Morrowind
key_Ravel_tomb,Key to Ravel tomb,key,Morrowind
key_Raviro_tomb,Key to Raviro tomb,key,Morrowind
TR_m1_misc_key_i63,Key to Research Cells,key,TR_Mainland
key_Rethandus_chest,Key to Rethandus chest,key,Morrowind
key_Rethandus_tomb,Key to Rethandus tomb,key,Morrowind
key_Rothan_tomb,Key to Rothan tomb,key,Morrowind
key_Sadryon_tomb,Key to Sadryon tomb,key,Morrowind
key_Salvel_chest,Key to Salvel chest,key,Morrowind
key_Salvel_tomb,Key to Salvel tomb,key,Morrowind
key_Sandas_tomb,Key to Sandas tomb,key,Morrowind
key_Sarano_chest,Key to Sarano chest,key,Morrowind
key_Sarano_tomb,Key to Sarano tomb,key,Morrowind
key_Saren_chest,Key to Saren chest,key,Morrowind
key_Saren_tomb,Key to Saren tomb,key,Morrowind
key_Sarethi_tomb,Key to Sarethi tomb,key,Morrowind
key_Savel_tomb,Key to Savel tomb,key,Morrowind
key_Senim_chest,Key to Senim chest,key,Morrowind
TR_m3_Kha_Vedas_Key,Key to Sewers,key,TR_Mainland
TR_m4_RR_ShenjirraKey,Key to Shenjirra's Cage,key,TR_Mainland
key_nelothtelnaga,Key to Tel Naga,key,Morrowind
key_nelothtelnaga2,Key to Tel Naga,key,Morrowind
key_nelothtelnaga3,Key to Tel Naga,key,Morrowind
key_nelothtelnaga4,Key to Tel Naga,key,Morrowind
key_Thalas_tomb,Key to Thalas tomb,key,Morrowind
TR_m7_Narsis_KeyAlchemistFQ,Key to the Antirrhinum,key,TR_Mainland
TR_m3_q_OE_Katariah_key,Key to the Empress Katariah,key,TR_Mainland
TR_m3_OE_KatariahKey,Key to the Empress' Burial,key,TR_Mainland
TR_m7_narsis74_sewerkey,Key to the Sewers ,key,TR_Mainland
key_Thiralas_tomb,Key to Thiralas tomb,key,Morrowind
TR_m3_q_OE_UrienChest_key,Key to Urien Poralia's Chest,key,TR_Mainland
TR_m3_q_urien_key,Key to Urien Poralia's House,key,TR_Mainland
TR_m7_Vandirelyon_Key,Key to Vandirelyon,key,TR_Mainland
TR_m7_Vandir_Key_1,Key to Vandirelyon Cells,key,TR_Mainland
key_Vandus_tomb,Key to Vandus tomb,key,Morrowind
key_varostorage,Key to Varo Tradehouse Storage,key,Morrowind
TR_m4_TT_VathriKey,Key to Vathri House,key,TR_Mainland
TR_m4_key_VendicciCoachKey,Key to Vendicci's Coach,key,TR_Mainland
key_Verelnim_tomb,Key to Verelnim tomb,key,Morrowind
key_WormLord_tomb,Key to Worm Lord's tomb,key,Morrowind
AB_Key_Keyring,Keyring,,OAAB_Data
T_Com_SkullKhajiit_01,Khajiit Skull,,Tamriel_Data
T_Com_SkullKhajiit_02,Khajiit Skull,,Tamriel_Data
T_Kha_Chess_00,Khajiiti Chessboard,,Tamriel_Data
T_Kha_Chess_01,Khajiiti Chessboard,,Tamriel_Data
T_Kha_Chess_02,Khajiiti Chessboard,,Tamriel_Data
T_De_Index_Khalaan,Khalaan Propylon Index,,Tamriel_Data
T_De_Index_Khomayon,Khomayon Propylon Index,,Tamriel_Data
key_kind,Kind's Key,key,Morrowind
T_Imp_Painting_UNI_KingJ,King Aulus of Delodiil,,Tamriel_Data
T_De_Painting_UNI_King,King Helseth Hlaalu,,Tamriel_Data
T_Com_UNI_KingOrgnumCoffer_01,King Orgnum's Coffer,,Tamriel_Data
misc_com_wood_knife,Knife,knife,Bloodmoon
misc_com_silverware_knife,Knife,knife,Morrowind
misc_com_wood_knife,Knife,knife,Morrowind
misc_com_wood_knife_UNI1,Knife,knife,Morrowind
misc_com_wood_knife_UNI2,Knife,knife,Morrowind
AB_Misc_DeBlueKnife_01,Knife,knife,OAAB_Data
T_Bre_WoodKnife_01,Knife,knife,Tamriel_Data
T_Com_WoodKnife_a01,Knife,knife,Tamriel_Data
T_Com_WoodKnife_c01,Knife,knife,Tamriel_Data
T_De_BluewareKnife01,Knife,knife,Tamriel_Data
TR_m1_ITO_FW_KeyWarehouse02,Kojan's Key,key,TR_Mainland
T_Com_ShellKollop_01,Kollop Shell,shell,Tamriel_Data
T_Com_ShellKollop_01Half,Kollop Shell,shell,Tamriel_Data
T_Com_ShellKollop_02,Kollop Shell,shell,Tamriel_Data
T_Com_ShellKollop_02Half,Kollop Shell,shell,Tamriel_Data
T_Com_ShellKollop_03,Kollop Shell,shell,Tamriel_Data
T_Com_ShellKollop_03Half,Kollop Shell,shell,Tamriel_Data
TR_m7_Othm_KomiraKey,Komira's Key,key,TR_Mainland
TR_m1_ITO_KoranyonKey,Koranyon Propylon Chamber Key,key,TR_Mainland
T_De_Index_Koranyon,Koranyon Propylon Index,,Tamriel_Data
key_kudanatslaves_01,Kudanat Slave Key,key,Morrowind
TR_m1_ITO_FW_KeyKulTei,Kul-Tei's Key,key,TR_Mainland
TR_m2_q_18_RewardKey,Kulidon Silver Key,key,TR_Mainland
TR_m2_q_18_KulidonSlaveKey,Kulidon Slave Key,key,TR_Mainland
TR_m7_Kunashpat_Key,Kunashpat Key,key,TR_Mainland
TR_m7_KeyKunenillit,Kunenillit Slave Key,key,TR_Mainland
TR_m4_AA_KurhuKey,Kurhu Key,key,TR_Mainland
AB_Misc_KwamaChitin,Kwama Chitin,,OAAB_Data
TR_m7_q_kwama_leash,Kwama Leash,,TR_Mainland
TR_m7_HO_LabSlaveKey,Laboratory Slave Key,key,TR_Mainland
T_Imp_SilkLaced_01,Laced Moth-Silk,,Tamriel_Data
TR_m3_AT_Key_Alynu,Lady Alynu Key,key,TR_Mainland
T_Imp_Painting_Keptu,Landscape of a Keptu Fortress,,Tamriel_Data
T_De_Painting_Tel_07,Landscape of Dagon Urul,,Tamriel_Data
T_De_Painting_Tel_01,Landscape of Molag Ruhn,,Tamriel_Data
T_De_Painting_Tel_03,Landscape of Molag Ruhn,,Tamriel_Data
T_De_Painting_Tel_04,Landscape of Molag Ruhn,,Tamriel_Data
T_De_Painting_Tel_02,Landscape of Scath Anud,,Tamriel_Data
T_De_Painting_Tel_09,Landscape of Scath Anud,,Tamriel_Data
T_De_Painting_Tel_05,Landscape of Sunad Mora,,Tamriel_Data
T_De_Painting_Tel_06,Landscape of Sunad Mora,,Tamriel_Data
T_De_Painting_Tel_10,Landscape of The Telvanni Isles,,Tamriel_Data
T_Ayl_CoinBig_01,Large Ayleid Coin,,Tamriel_Data
misc_dwrv_goblet10_tgcp,Large Dewmer Goblet,cup,Morrowind
T_De_Ebony_LargeFlask_01,Large Ebony Flask,bottle,Tamriel_Data
T_De_GreenGlassBowl_02,Large Green Glass Bowl,bowl,Tamriel_Data
T_Com_Key_16,Large Iron Key,key,Tamriel_Data
key_Punsabanit,Large Key,key,Morrowind
T_Com_UNI_Large_Mug_01,Large Mug,,Tamriel_Data
misc_de_bowl_redware_02,Large Redware Bowl,bowl,Bloodmoon
misc_de_bowl_redware_02,Large Redware Bowl,bowl,Morrowind
T_Com_Key_08,Large Tin Key,key,Tamriel_Data
TR_m2_ITO_HE_KeyTrader01,Lariast Batalle's Key,key,TR_Mainland
key_Lassnr_well,Lassnr's Well Key,key,Bloodmoon
TR_m3_AT_Key_Latika,Latika's House Key,key,TR_Mainland
AB_Misc_BallLeather,Leather Ball,,OAAB_Data
T_Com_BallLeather,Leather Ball,,Tamriel_Data
T_Imp_Scrollcase_02,Leather Scroll Case,,Tamriel_Data
AB_Misc_BoneSkelArmL,Left Arm,,OAAB_Data
AB_Misc_BoneSkelFootL.1,Left Foot,,OAAB_Data
AB_Misc_BoneSkelFootL,Left Foot,,OAAB_Data
AB_Misc_BoneSkelHandL.1,Left Hand,,OAAB_Data
AB_Misc_BoneSkelHandL,Left Hand,,OAAB_Data
AB_Misc_BoneSkelLegL,Left Leg,,OAAB_Data
AB_Misc_BoneSkelLegShinL.1,Left Shin,,OAAB_Data
AB_Misc_BoneSkelLegShinL,Left Shin,,OAAB_Data
AB_Misc_BoneSkelArmUpperL.1,Left Upper Arm,,OAAB_Data
AB_Misc_BoneSkelArmUpperL,Left Upper Arm,,OAAB_Data
AB_Misc_BoneSkelArmWristL.1,Left Wrist,,OAAB_Data
AB_Misc_BoneSkelArmWristL,Left Wrist,,OAAB_Data
TR_m3_RD_HisEyes_Intelligence,Legion Intelligence Report,,TR_Mainland
TR_m7_ShiShaIL3_Waterskin_01,Legion Waterskin,,TR_Mainland
TR_m1_ITO_FW_KeyPainter,Lelu Velald's Key,key,TR_Mainland
Misc_SoulGem_Lesser,Lesser Soul Gem,,Morrowind
TR_m1_ITO_FW_KeyCollege02,Library Restricted Section Key,key,TR_Mainland
TR_m1_BO_LighthouseKey,Lighthouse Key,key,TR_Mainland
TR_m1_BO_muskfly_oil,Lighthouse Oil,,TR_Mainland
TR_m7_Narsis_KeyRigged,Lily Osperese's Key,key,TR_Mainland
misc_lw_bowl,Limeware Bowl,bowl,Morrowind
AB_Misc_LwBowlSmall,Limeware Bowl,bowl,OAAB_Data
misc_lw_cup,Limeware Cup,cup,Morrowind
misc_lw_flask,Limeware Flask,bottle,Morrowind
AB_Misc_LwPitcher,Limeware Pitcher,cup,OAAB_Data
AB_Misc_LwPlate,Limeware Plate,plate,OAAB_Data
misc_lw_platter,Limeware Platter,,Morrowind
AB_Misc_LwVase,Limeware Vase,,OAAB_Data
TR_m3_AT_LimpingScribHatchKey,Limping Scrib Hatch Key,key,TR_Mainland
TR_m7_HK_key_linriah,Linriah's Key,key,TR_Mainland
TR_m1_ITO_FW_KeyEmberKeep05,Listiele Rirne's Key,key,TR_Mainland
TR_key_i4-398_Old_key,Litu-Dur Chest Key,key,TR_Mainland
key_viveclizardheadslave_01,Lizard's Head Slave Key,key,Morrowind
TR_m7_Narsis_KeyLladres,Lladres Sadreno's Key,key,TR_Mainland
TR_m3_LlandoraFalavelKey,Llandora Falavel's Key,key,TR_Mainland
TR_m7_sad_key_llanel,Llanel Adrano's Key,key,TR_Mainland
TR_m4_key_LlaramManor,Llaram Manor Master Key,key,TR_Mainland
TR_m4_key_llaran_slave,Llaran Slave Key,key,TR_Mainland
key_Llethri,Llaro Llethri's Key,key,Morrowind
TR_m3_AT_Key_Savel,Llaryno Savel's Key,key,TR_Mainland
TR_m4_q_AAB_key,Llavali's Key,key,TR_Mainland
TR_m7_Sharai_KeyLlavela,Llavela Vian's Key,key,TR_Mainland
TR_m7_KeyLlemisRanch,Llemis Ranch Key,key,TR_Mainland
TR_m4_RR_LlenduTombKey,Llendu Ancestral Tomb Key,key,TR_Mainland
TR_m7_AI_KeyLlendu,Llendu Chambers Key,key,TR_Mainland
TR_m7_HK_key_llerar,Llerar Valaai's Key,key,TR_Mainland
key_llethervari_01,Llether Vari's Key,key,Morrowind
key_llethrimanor_01,Llethri Manor Key,key,Morrowind
key_sarethimanor_01,Llethri Manor Key,key,Morrowind
key_sethan,Llorayna Sethan's Key,key,Morrowind
TR_m3_AT_Key_Llothro,Llothro House Key,key,TR_Mainland
T_Com_FireplaceHook_01,Log Hook,,Tamriel_Data
T_Com_Breadpaddle_02a,Long Bread Paddle,,Tamriel_Data
T_Com_Breadpaddle_02b,Long Bread Paddle,,Tamriel_Data
T_Com_Key_14,Long Silver Key,key,Tamriel_Data
TR_i3-283_key_vault,Long Silver Key,key,TR_Mainland
TR_key_i3-686-prison,Long Silver Key,key,TR_Mainland
TR_m2_i386_key1,Long Silver Key,key,TR_Mainland
AB_Misc_ComCard07,Loose Ties,,OAAB_Data
T_Imp_Card_07,Loose Ties,,Tamriel_Data
key_kogoruhn_sewer,Lower Kogoruhn Key,key,Morrowind
TR_m2_key_Lucien,Lucien's Key,key,TR_Mainland
TR_m3_q_OE_Ulka_dice,Lucky Dice,,TR_Mainland
misc_de_lute_01,Lute,,Morrowind
T_Com_Lute_01,Lute,,Tamriel_Data
T_Imp_Lute_01,Lute,,Tamriel_Data
TR_m7_Narsis_KeyLyndon,Lyndon's Key,key,TR_Mainland
TR_m7_Narsis_KeyLynier,Lynier Residence Key,key,TR_Mainland
AB_Mus_AshlLyre,Lyre,,OAAB_Data
AB_Mus_DeLyre,Lyre,,OAAB_Data
T_De_Music_Lyre_01,Lyre,,Tamriel_Data
TR_m2_kmlz_Key1,Lzigat's First Key,key,TR_Mainland
TR_m2_kmlz_Key2,Lzigat's Second Key,key,TR_Mainland
TR_m2_kmlz_Key3,Lzigat's Third Key,key,TR_Mainland
key_madach_room,Madach Room Key,key,Morrowind
TR_m7_Othm_MadranaKey,Madrana Varen's Key,key,TR_Mainland
TR_m7_Othm_q_MadranaDrum,Madrana's Drum,,TR_Mainland
TR_m7_KeyMaesanammusMine,Maesanammus Mine Key,key,TR_Mainland
TR_m3_AT_key_OrothiSlave,Majordomo Slave Key,key,TR_Mainland
TR_m3_AT_Key_Orothi,Majordomo's Key,key,TR_Mainland
TR_m7_MalaTor_Key,Mala Tor Keystone,key,TR_Mainland
TR_m4-431_key_cryptdoor,Malarnubi Key,key,TR_Mainland
TR_m7_Narsis_KeyMaldus,Maldus Sendrul's Key,key,TR_Mainland
TR_m2_key_MalkKey,Malkamalit Aisle key,key,TR_Mainland
T_Com_Mallet_01,Mallet,,Tamriel_Data
T_Com_Mallet_02,Mallet,,Tamriel_Data
key_malpenixblonia_01,Malpenix Blonia's Key,key,Morrowind
TR_m7_KeyManamsi,Manamsi Key,key,TR_Mainland
T_De_Index_Mandaran,Mandaran Propylon Index,,Tamriel_Data
T_De_Index_Mandaryon,Mandaryon Propylon Index,,Tamriel_Data
T_Com_UNI_PirateMap_01,Map,,Tamriel_Data
T_Com_UNI_PirateMap_02,Map,,Tamriel_Data
T_Com_UNI_PirateMap_03,Map,,Tamriel_Data
T_Com_UNI_PirateMap_04,Map,,Tamriel_Data
T_Com_Map_Tamriel_01,Map of the Empire,,Tamriel_Data
TR_m7_Narsis_theater_map,Map of the Empire,,TR_Mainland
TR_RR_Tomb_3_Key,Maram Ancestral Tomb Key,key,TR_Mainland
index_maran,Marandus Propylon Index,,Morrowind
TR_m1_ITO_AL_KeySmith,Marcella's Key,key,TR_Mainland
key_maryn,Maren House Key,key,Bloodmoon
TR_i2-342-Ind_Key,Marisanibal Key,key,TR_Mainland
TR_i2-342-Ind_Slave Key,Marisanibal Slave Key,key,TR_Mainland
TR_m3_EEC_MarKey,Marki's Office Key,key,TR_Mainland
TR_m2_key_Ma_Prison,Marog Cell Key,key,TR_Mainland
TR_m2_key_Ma_Slaves,Marog Slave Key,key,TR_Mainland
TR_m1_ITO_AL_KeyMarthen,Marthen Redri's Key,key,TR_Mainland
TR_m3_MassanudDoorKey,Massanud Door Key,key,TR_Mainland
TR_m7_Uddanu_KeyMine,Massunat Mine Key,key,TR_Mainland
TR_m4_arenakey_i4-261-hla,Master Arelis' Skeleton Key,key,TR_Mainland
TR_m7_HK_key_mausur,Mausur Yakinusha's Key,key,TR_Mainland
TR_m7_KeyMavandesCaravan,Mavandes Caravanserai Key,key,TR_Mainland
TR_m7_Narsis_KeyMaynas,Maynas Thilarvel's Key,key,TR_Mainland
TR_m7_Narsis_KeyMHAccom,Measurehall Accomodations Key,key,TR_Mainland
TR_m7_Narsis_KeyMHArchive,Measurehall Archive Key,key,TR_Mainland
TR_m7_Narsis_KeyMHBailiff,Measurehall Bailiff's Tower Key,key,TR_Mainland
TR_m7_Narsis_KeyMHClerk,Measurehall Clerk Offices Key,key,TR_Mainland
TR_m7_Narsis_KeyMHCourtCells,Measurehall Court Cells Key,key,TR_Mainland
TR_m7_Narsis_KeyMHCourt,Measurehall Court Offices Key,key,TR_Mainland
TR_m7_Narsis_KeyMHVaultLower,Measurehall Lower Vaults Key,key,TR_Mainland
TR_m7_Narsis_KeyMHVaultMint,Measurehall Mint Vault Key,key,TR_Mainland
TR_m7_Narsis_KeyMHSewers,Measurehall Sewers Key,key,TR_Mainland
TR_m7_Narsis_KeyMHSlave,Measurehall Slave Key,key,TR_Mainland
TR_m7_Narsis_KeyMHSteward,Measurehall Steward's Tower Key,key,TR_Mainland
TR_m7_Narsis_KeyMHTreasury,Measurehall Treasury Key,key,TR_Mainland
TR_m7_Narsis_KeyMHVaultU1,Measurehall Upper Vault 1 Key,key,TR_Mainland
TR_m7_Narsis_KeyMHVaultU2,Measurehall Upper Vault 2 Key,key,TR_Mainland
TR_m7_Narsis_KeyMHVaultU3,Measurehall Upper Vault 3 Key,key,TR_Mainland
TR_m7_Narsis_KeyMHVaultUpper,Measurehall Upper Vaults Key,key,TR_Mainland
TR_m7_Narsis_KeyMHVizier,Measurehall Vizier's Tower Key,key,TR_Mainland
AB_Misc_ComSilverSpoonMeasure01,Measuring Spoon,spoon,OAAB_Data
AB_Misc_ComSilverSpoonMeasure02,Measuring Spoon,spoon,OAAB_Data
key_mebastien,Mebastien's Key,key,Morrowind
TR_m7_Ns_StageFright_KeyRoom,Mederyl Llendules' Key,key,TR_Mainland
TR_m7_Narsis_KeyMeer-Ei,Meer-Ei's Key,key,TR_Mainland
TR_m1_ITO_FW_KeyMelia,Melia Aurivia's Key,key,TR_Mainland
TR_m7_Narsis_KeyMelisi,Melisi Romandyn's Key,key,TR_Mainland
TR_m2_key_Melris,Melris' Key,key,TR_Mainland
T_Rga_MemoryStone_01,Memory Stone,,Tamriel_Data
AB_Misc_MemoryStoneEmptyEXAMPLE,Memory Stone (Empty),,OAAB_Data
AB_Misc_MemoryStoneFullEXAMPLE,Memory Stone (Full),,OAAB_Data
TR_m7_q_HR_AldIuval_key_shojata,Mendyn Hereloth's Slave Key,key,TR_Mainland
key_menta_na,Menta Na's Key,key,Morrowind
TR_m4_key_merengor,Merengor's Key,key,TR_Mainland
T_De_Index_Merihayan,Merihayan Propylon Index,,Tamriel_Data
TR_m7_Narsis_KeyHCCVault,Mesa Exchange Vault Key,key,TR_Mainland
Misc_Com_Bucket_Metal,Metal Bucket,bucket,Bloodmoon
Misc_Com_Bucket_Metal,Metal Bucket,bucket,Morrowind
AB_Misc_File,Metal File,,OAAB_Data
TR_m3_Kha_Methats'_Key,Methats' Key,key,TR_Mainland
key_mette,Mette's Key,key,Morrowind
TR_m7_Narsis_KeyMidrasi,Midrasi Selebar's Key,key,TR_Mainland
TR_m7_Narsis_keyBoneMaster,Milara Orvayn' Key,key,TR_Mainland
TR_m4_AndoWestHouseC_Key,Milns Lloran's Key,key,TR_Mainland
key_Private Quarters,Milo's Quarters Key,key,Morrowind
TR_m7_HO_MimanuYentimilalKey,Mimanu Yentimilal's Key,key,TR_Mainland
key_minabislaves_01,Minabi Slave Key,key,Morrowind
TR_m7_Key_ShiSha_Mine,Mine Key,key,TR_Mainland
key_ministry_cells,Ministry of Truth Cell Key,key,Morrowind
ministry_truth_ext,Ministry of Truth Entrance,,Morrowind
key_ministry_ext,Ministry of Truth Key,key,Morrowind
key_ministry_sectors,Ministry of Truth Sector Key,key,Morrowind
T_He_DirenniWelkyndInv_01,Minor Welkynd,,Tamriel_Data
T_Cre_MinoTool_01,Minotaur Tool,,Tamriel_Data
T_Cre_MinoTool_02,Minotaur Tool,,Tamriel_Data
T_Cre_MinoTool_03,Minotaur Tool,,Tamriel_Data
T_Cre_MinoTool_04,Minotaur Tool,,Tamriel_Data
T_He_Painting_Miscurin,Miscurin Mountains Landscape,,Tamriel_Data
TR_m1_ITO_FW_KeyApothecary,Mist-Eyes' Key,key,TR_Mainland
TR_m7_Narsis_KeyMogduk,Mogduk gro-Atulg's Key,key,TR_Mainland
TR_m2_q_5_MohrylChestKey,Mohryl's Chest Key,key,TR_Mainland
key_molagmarslaves_01,Molag Mar Slave Key,key,Morrowind
T_De_UNI_UlvoClawMisc,Monstrous Hybrid Claw,,Tamriel_Data
TR_m7_Narsis_KeyMT,Morag Tong Guildhall Key,key,TR_Mainland
T_De_CardMiscMT_01,Morag Tong: Assassin,,Tamriel_Data
TR_m7_HO_MorningSunSlaveKey,Morning Sun Key,key,TR_Mainland
TR_key_m4_Mortenius,Mortenius' Key,key,TR_Mainland
misc_6th_ash_hrmm,Morvayn Ash Statue,,Morrowind
key_morvaynmanor,Morvayn Manor Key,key,Morrowind
TR_m7_Mothran_KeySlave,Mothran Plantation Slave Key,key,TR_Mainland
misc_de_muck_shovel_01,Muck Shovel,,Morrowind
TR_m2_q_6_GoodShovel,Muck Shovel,,TR_Mainland
TR_m3_key_MunatSlave,Munat Egg Mine Slave Key,key,TR_Mainland
TR_m4_key_mundrethi_manor,Mundrethi Manor Key,key,TR_Mainland
TR_m4_key_mundrethi_slave,Mundrethi Plantation Slave Key,key,TR_Mainland
key_murudius_01,Murudius' Key,key,Morrowind
TR_m7_Narsis_KeyMurzgol,Murzgol gra-Lorga's Key,key,TR_Mainland
TR_m7_HK_key_mudcrab,Musty Mudcrab Key,key,TR_Mainland
TR_m7_Narsis_KeyMyaru,Myaru Sareleth's Key,key,TR_Mainland
T_He_NacreBowl_02,Nacre Bowl,bowl,Tamriel_Data
T_He_NacreCup_01,Nacre Cup,cup,Tamriel_Data
T_He_NacreBowl_01,Nacre Glass Bowl,bowl,Tamriel_Data
T_He_NacreGoblet_01,Nacre Goblet,cup,Tamriel_Data
T_He_NacrePlate_01,Nacre Plate,plate,Tamriel_Data
T_He_NacrePlate_02,Nacre Plate,plate,Tamriel_Data
T_He_NacreFork_01,Nacre Spoon,spoon,Tamriel_Data
T_He_NacreKnife_01,Nacre Spoon,spoon,Tamriel_Data
T_He_NacreSpoon_01,Nacre Spoon,spoon,Tamriel_Data
TR_m4_menaan_int8_key_trap,Nadras Arvel's Key,key,TR_Mainland
TR_m4_key_nadrasarvel_real,Nadras Arvel's Real Key,key,TR_Mainland
key_tgbt,Nads Tharen's Key,key,Morrowind
T_Com_Nail_01,Nail,,Tamriel_Data
TR_m4_Ando_FaulerDoorNail,Nail,,TR_Mainland
TR_m4_RR_CliviusNail1,Nail,,TR_Mainland
T_Com_Nails_01,Nails,,Tamriel_Data
TR_m7_NVA1_4_Com_Nails_01,Nails,,TR_Mainland
TR_m7_NVA3_Com_Nails_01,Nails,,TR_Mainland
TR_m7_NVA5_Com_Nails_01,Nails,,TR_Mainland
TR_m7_NVA7_Com_Nails_01,Nails,,TR_Mainland
TR_m3_i2_236_slavekey,Namartyon Slave Key,key,TR_Mainland
TR_m1_Nandor_Key,Nandor's Key,key,TR_Mainland
TR_m7_Narsis_KeyBarristers,Narsis Barristers Guild Key,key,TR_Mainland
TR_m7_Narsis_keyCatac,Narsis Catacombs Key,key,TR_Mainland
TR_m7_Narsis_KeyFurnishers,Narsis Furnishers Hall Key,key,TR_Mainland
TR_m7_Key_Narsis_87,Narsis Theater Key,key,TR_Mainland
TR_Narsis_23_Key,"Narsis, Caria Goods Key",key,TR_Mainland
TR_Narsis_09_Key,"Narsis, Shali Outfitter Key",key,TR_Mainland
TR_Narsis_22_Key,"Narsis, Western Imports Key",key,TR_Mainland
TR_m7_Narsis_KeyNarusa,Narusa Manor Key,key,TR_Mainland
TR_m7_Narsis_KeyNash,Nash Gro-Yagarz's Key,key,TR_Mainland
TR_m4_AA_NassuranSlaveKey,Nassuran Omoril's Slave Key,key,TR_Mainland
T_Imp_TankardNavy_01,Naval Tankard,cup,Tamriel_Data
TR_m7_Narsis_KeyNavur,Navur Farmhouse Key,key,TR_Mainland
TR_m7_Ns_FG_4_KeyNayalimmu,Nayalimmu's Key,key,TR_Mainland
TR_m2_Nchaz_Key,Nchazdrumn Skeleton Key,key,TR_Mainland
TR_m3-758_key,Nebulud Slave Key,key,TR_Mainland
T_De_UNI_NecromKeyA,Necrom Temple Key 'A',key,Tamriel_Data
TR_i2_445_DummyKeyA,Necrom Temple Key 'A',key,TR_Mainland
T_De_UNI_NecromKeyS,Necrom Temple Key 'S',key,Tamriel_Data
TR_i2_445_DummyKeyS,Necrom Temple Key 'S',key,TR_Mainland
T_De_UNI_NecromKeyV,Necrom Temple Key 'V',key,Tamriel_Data
TR_i2_445_DummyKeyV,Necrom Temple Key 'V',key,TR_Mainland
key_nedhelas,Nedhelas' key,key,Morrowind
T_Ned_Mw_Bowl,Nedic Bowl,bowl,Tamriel_Data
T_Ned_Mw_Fig_01,Nedic Figure,,Tamriel_Data
T_Ned_Mw_Fig_02,Nedic Figure,,Tamriel_Data
T_Ned_Mw_Fig_03,Nedic Figure,,Tamriel_Data
T_Ned_Mw_Fig_04,Nedic Figure,,Tamriel_Data
T_Ned_Mw_Pitcher,Nedic Pitcher,cup,Tamriel_Data
T_Ned_Mw_Pot,Nedic Pot,pot,Tamriel_Data
TR_m7_Narsis_KeyNelmyne,Nelmyne Athones' Key,key,TR_Mainland
TR_m7_Narsis_KeyNerendas,Nerendas Farmhouse Key,key,TR_Mainland
TR_m2_Key_NeriathChest,Neriath Tomb Chest Key,key,TR_Mainland
TR_m2_Key_NeriathTomb,Neriath Tomb Key,key,TR_Mainland
TR_m7_KeyNibabi,Nibabi Key,key,TR_Mainland
TR_m3_OE_Key_NibensWind,Niben's Wind Key,key,TR_Mainland
T_Com_Key_06,Nickel Key,key,Tamriel_Data
T_Com_Key_24,Nickel Key,key,Tamriel_Data
TR_i3-721-cellar,Nickel Key,key,TR_Mainland
TR_key_i3-686,Nickel Key,key,TR_Mainland
TR_m2_key_Dungra,Nickel Key,key,TR_Mainland
TR_m2_q_22_OmathiKey,Nickel Key,key,TR_Mainland
TR_m7_Narsis_KeyNiden,Niden Farandan's Key,key,TR_Mainland
TR_m3_essnight_i3-128-ind,Nightshade Essential Oil,,TR_Mainland
TR_m7_Narsis_KeyNiluva,Niluva Beni's Key,key,TR_Mainland
TR_M7_Key_Nim_01,Nim Tower Key,key,TR_Mainland
TR_m7_Ussiran_KeyNind,Nind Basement Key,key,TR_Mainland
T_Imp_Painting_UNI_Nine,Nine Rising Stars,,Tamriel_Data
AB_Misc_ComNineholesBoard,Nine-holes Board,,OAAB_Data
T_Imp_NineholesBoard_01,Nine-holes Board,,Tamriel_Data
T_Imp_PlayNineholesSpawner_01,Nine-holes Spawner01,,Tamriel_Data
T_Imp_PlayNineholesSpawner_02,Nine-holes Spawner02,,Tamriel_Data
T_Imp_PlayNineholesSpawner_03,Nine-holes Spawner03,,Tamriel_Data
TR_m1_ITO_AL_KeyNirthfly,Nirthfly Captain's Key,key,TR_Mainland
TR_m3_essnirth_i3-128-ind,Nirthfly Stalk Essential Oil,,TR_Mainland
TR_m7_Sharai_KeyBalryn,Nivos and Nolar Balryn's Key,key,TR_Mainland
TR_m2_q_A8_2_Nobura_Tayo,Nobura Tayo,,TR_Mainland
TR_m7_Narsis_keyCQSewerCTBase,Northeast Council Sewers Key,key,TR_Mainland
TR_m3_AT_NLighthouseKey,Northern Lighthouse Key,key,TR_Mainland
TR_m7_NumberRooms_WW_Key,Number Rooms Waistworks Key,key,TR_Mainland
key_nuncius,Nuncius' key,key,Bloodmoon
key_nuncius2,Nuncius' key,key,Bloodmoon
misc_skull_oddfrid,Oddfrid White-Lip,,Bloodmoon
key_Odibaal,Odibaal Outlaw's Key,key,Morrowind
key_odral_helvi,Odral Helvi's Key,key,Morrowind
TR_m1_ITO_FW_KeyOdunia,Odunia Hare's Key,key,TR_Mainland
TR_m7_Narsis_ZenChapel_key1,Offering Vault Key,key,TR_Mainland
TR_m3_AT_Key_OfficeWatch,Office of the Watch Key,key,TR_Mainland
TR_m2_key_Ohishiran,Ohishiran Slave Key,key,TR_Mainland
TR_m3-512_key_triolith,Old Copper Key,key,TR_Mainland
TR_i3-762_Key_Door,Old Door Key,key,TR_Mainland
TR_m7_Dren_KeyPlantation,Old Dren Plantation Key,key,TR_Mainland
TR_m7_Dren_KeySlave,Old Dren Plantation Slave Key,key,TR_Mainland
TR_m3_OE_AshStatue,Old Ebonheart Ash Statue,,TR_Mainland
TR_m3_OE_CirtielAshStatue,Old Ebonheart Ash Statue,,TR_Mainland
key_Ashirbadon,Old Key,key,Morrowind
key_assemanu_02,Old Key,key,Morrowind
key_Dubdilla,Old Key,key,Morrowind
key_falaanamo,Old Key,key,Morrowind
T_He_DirenniKey_01,Old Key,key,Tamriel_Data
T_He_DirenniKey_02,Old Key,key,Tamriel_Data
TR_key_m3-290_undercroft,Old Key,key,TR_Mainland
TR_key_m4-516_chest,Old Key,key,TR_Mainland
TR_m1_Tomb4_key,Old key,key,TR_Mainland
TR_m7_SH_KeyKrenTomb,Old Key,key,TR_Mainland
TR_m7_SS10_Tomb2_Key01,Old key,key,TR_Mainland
lucky_coin,Old Man's Lucky Coin,,Morrowind
TR_m1_guarkey_i1-65-tel,Old Rusty Key,key,TR_Mainland
TR_m4_key_olmsAT1,Olms Ancestral Tomb Key,key,TR_Mainland
TR_m4_key_OlthanTomb,Olthan Ancestral Tomb Key,key,TR_Mainland
key_omani_01,Omani Manor Key,key,Morrowind
TR_m7_Narsis_KeyOmathan,Omathan Residence Key,key,TR_Mainland
TR_m7_Narsis_KeyOmin,Omin Darothan's Key,key,TR_Mainland
T_Imp_Painting_Anvil,One Last Look Back,,Tamriel_Data
TR_m7_Narsis_KeyOnnurdil,Onnurdil's Key,key,TR_Mainland
T_Com_UNI_Sharplens,Optical Lens,,Tamriel_Data
TR_m4_key_oran_vault,Oran Manor Vault Key,key,TR_Mainland
TR_m4_key_oran_slave,Oran Plantation Slave Key,key,TR_Mainland
TR_m4_key_OranPlantationStorage,Oran Plantation Storage Key,key,TR_Mainland
TR_m4_FG_OrblosKey,Orblos' Key,key,TR_Mainland
T_Orc_Drum_01,Orc Drum,,Tamriel_Data
T_Com_SkullOrc_01,Orc Skull,,Tamriel_Data
T_Com_SkullOrc_02,Orc Skull,,Tamriel_Data
TR_m7_Uddanu_KeyOrchengar,Orchengar's Key,key,TR_Mainland
AB_w_OrcishArrow10x,Orcish Arrow (10),,OAAB_Data
TR_m3_AT_Key_OrdBarracks,Ordinator Barracks Key,key,TR_Mainland
TR_m7_Wil_KeyOreluTomb,Orelu Ancestral Tomb Key,key,TR_Mainland
TR_m7_KeyOreynTomb,Oreyn Ancestral Tomb Key,key,TR_Mainland
TR_m1_Q52_key_Gwai-lo_uni,Ornamental Key,key,TR_Mainland
T_Com_Key_09,Ornate Copper Key,key,Tamriel_Data
TR_i3-721-treasure,Ornate Copper Key,key,TR_Mainland
TR_m2_i394_key_DD08,Ornate Copper Key,key,TR_Mainland
misc_dwrv_bowl00,Ornate Dwemer Bowl,bowl,Morrowind
AB_Misc_DwrvCup00,Ornate Dwemer Cup,cup,OAAB_Data
misc_dwrv_goblet00,Ornate Dwemer Goblet,cup,Morrowind
misc_dwrv_goblet10,Ornate Dwemer Goblet,cup,Morrowind
TR_m1_q_AttackPiece3,Ornate Dwemer Goblet,cup,TR_Mainland
misc_dwrv_pitcher00,Ornate Dwemer Pitcher,cup,Morrowind
T_Com_Key_15,Ornate Iron Key,key,Tamriel_Data
TR_m7_Sharai_KeyAvilo,Ornate Iron Key,key,TR_Mainland
TR_i2_445_key_A,Ornate Key Marked 'A',key,TR_Mainland
TR_i2_445_key_S,Ornate Key Marked 'S',key,TR_Mainland
TR_i2_445_key_V,Ornate Key Marked 'V',key,TR_Mainland
T_Com_Key_23,Ornate Silver Key,key,Tamriel_Data
T_Com_Key_10,Ornate Steel Key,key,Tamriel_Data
TR_i3-287_Door2,Ornate Steel Key,key,TR_Mainland
TR_m7_IndomaranoHallKey,Ornate Steel Key,key,TR_Mainland
TR_m7_Narsis_QuadrilleStorage,Ornate Steel Key,key,TR_Mainland
key_orvas_dren,Orvas Dren's Key,key,Morrowind
T_Bre_Painting_Landscape_01,Ostheldir Landscape,,Tamriel_Data
T_De_Index_Othandus,Othandus Propylon Index,,Tamriel_Data
TR_m7_Othm_TollhouseKey,Othmura Tollhouse Key,key,TR_Mainland
TR_m7_Othrano_Key,Othrano key,key,TR_Mainland
T_De_Index_Othrano,Othrano Propylon Index,,Tamriel_Data
T_De_Index_Othrobar,Othrobar Propylon Index,,Tamriel_Data
TR_m3_OE_delagia_key,Otrebus Delagia's Key,key,TR_Mainland
TR_m4_FG_CliffRacerLoot01,Ovaynel's Silver Mirror,,TR_Mainland
TR_m7_Narsis_KeyOvramie,Ovramie Heleran's Key,key,TR_Mainland
T_Com_ShellOyster_01a,Oyster Shell,shell,Tamriel_Data
T_Com_ShellOyster_01b,Oyster Shell,shell,Tamriel_Data
T_Com_ShellOyster_01c,Oyster Shell,shell,Tamriel_Data
T_Com_ShellOyster_01Half,Oyster Shell,shell,Tamriel_Data
T_Com_ShellOyster_02a,Oyster Shell,shell,Tamriel_Data
T_Com_ShellOyster_02b,Oyster Shell,shell,Tamriel_Data
T_Com_ShellOyster_02c,Oyster Shell,shell,Tamriel_Data
T_Com_ShellOyster_02Half,Oyster Shell,shell,Tamriel_Data
TR_m1_FW_IC2_Package,Package for Anice Derielle,,TR_Mainland
TR_m2_q_32_ZarenPackage,Package for Zaren Hammebenat,,TR_Mainland
T_Imp_PackagedPainting_01,Packaged Painting,,Tamriel_Data
TR_m7_Narsis_KeySmithFQ_upstair,Padulius Voltandus' Home Key,key,TR_Mainland
TR_m7_Narsis_KeySmithFQ,Padulius Voltandus' Key,key,TR_Mainland
AB_Misc_ComPaintBrush01,Paint Brush,,OAAB_Data
AB_Misc_ComPaintBrush02,Paint Brush,,OAAB_Data
T_Com_Paintbrush_01,Paintbrush,,Tamriel_Data
T_Com_Paintbrush_02,Paintbrush,,Tamriel_Data
T_Com_Paintbrush_03,Paintbrush,,Tamriel_Data
T_Com_Paintbrush_04,Paintbrush,,Tamriel_Data
T_Com_Paintbrush_04B,Paintbrush,,Tamriel_Data
T_Com_Paintbrush_04G,Paintbrush,,Tamriel_Data
T_Com_Paintbrush_04R,Paintbrush,,Tamriel_Data
T_Com_Paintbrush_04Y,Paintbrush,,Tamriel_Data
AB_Misc_ComArtPaintArgo01,Painting,,OAAB_Data
AB_Misc_ComArtPaintArgo02,Painting,,OAAB_Data
AB_Misc_ComArtPaintCyro01,Painting,,OAAB_Data
AB_Misc_ComArtPaintCyro02,Painting,,OAAB_Data
AB_Misc_ComArtPaintCyro03,Painting,,OAAB_Data
AB_Misc_ComArtPaintElsw01,Painting,,OAAB_Data
AB_Misc_ComArtPaintElsw02,Painting,,OAAB_Data
AB_Misc_ComArtPaintHamm01,Painting,,OAAB_Data
AB_Misc_ComArtPaintHamm02,Painting,,OAAB_Data
AB_Misc_ComArtPaintHigh01,Painting,,OAAB_Data
AB_Misc_ComArtPaintHigh02,Painting,,OAAB_Data
AB_Misc_ComArtPaintMorr01,Painting,,OAAB_Data
AB_Misc_ComArtPaintMorr02,Painting,,OAAB_Data
AB_Misc_ComArtPaintMorr03,Painting,,OAAB_Data
AB_Misc_ComArtPaintMorr04,Painting,,OAAB_Data
AB_Misc_ComArtPaintMorr05,Painting,,OAAB_Data
AB_Misc_ComArtPaintOrsi01,Painting,,OAAB_Data
AB_Misc_ComArtPaintOrsi02,Painting,,OAAB_Data
AB_Misc_ComArtPaintSkyr01,Painting,,OAAB_Data
AB_Misc_ComArtPaintSkyr02,Painting,,OAAB_Data
AB_Misc_ComArtPaintSumm01,Painting,,OAAB_Data
AB_Misc_ComArtPaintSumm02,Painting,,OAAB_Data
AB_Misc_ComArtPaintVale01,Painting,,OAAB_Data
AB_Misc_ComArtPaintVale02,Painting,,OAAB_Data
TR_m7_Ns_RaranPainting,Painting,,TR_Mainland
AB_Misc_ComPaintPalette,Palette,,OAAB_Data
T_Com_Paint_Palette_01,Palette,,Tamriel_Data
T_Qy_PalmwoodBowl_01,Palmwood Bowl,bowl,Tamriel_Data
T_Qy_PalmwoodBowl_02,Palmwood Bowl,bowl,Tamriel_Data
T_Qy_PalmwoodBowl_03,Palmwood Bowl,bowl,Tamriel_Data
T_Qy_PalmwoodCup_01,Palmwood Cup,cup,Tamriel_Data
T_Qy_PalmwoodCup_02,Palmwood Cup,cup,Tamriel_Data
T_Qy_PalmwoodFork,Palmwood Fork,fork,Tamriel_Data
T_Qy_PalmwoodKnife,Palmwood Knife,knife,Tamriel_Data
T_Qy_PalmwoodPitcher_01,Palmwood Pitcher,cup,Tamriel_Data
T_Qy_PalmwoodPlate_01,Palmwood Plate,plate,Tamriel_Data
T_Qy_PalmwoodPlate_02,Palmwood Plate,plate,Tamriel_Data
T_Qy_PalmwoodPlatter,Palmwood Platter,,Tamriel_Data
T_Qy_PalmwoodPot,Palmwood Pot,pot,Tamriel_Data
T_Qy_PalmwoodSpoon,Palmwood Spoon,spoon,Tamriel_Data
TR_m7_Othm_PalosenyaKey,Palosenya's Key,key,TR_Mainland
T_De_Pan_01,Pan,,Tamriel_Data
T_De_Music_PanFlute_01,Pan Flute,,Tamriel_Data
key_panatslaves_01,Panat Slave Key,key,Morrowind
TR_m2_Pansaranit Key,Pansaranit slave key,key,TR_Mainland
TR_m7_Panshurra_Key,Panshurra Slave Key,key,TR_Mainland
misc_de_bowl_glass_peach_01,Peach Glass Bowl,bowl,Bloodmoon
misc_de_bowl_glass_peach_01,Peach Glass Bowl,bowl,Morrowind
AB_Misc_DePeachGlasCup_01,Peach Glass Cup,cup,OAAB_Data
T_De_PeachGlassCup_01,Peach Glass Cup,cup,Tamriel_Data
misc_de_pot_glass_peach_02,Peach Glass Pot,pot,Bloodmoon
misc_de_pot_glass_peach_01,Peach Glass Pot,pot,Morrowind
misc_de_pot_glass_peach_02,Peach Glass Pot,pot,Morrowind
key_standard_01_pel_guard_tower,Pelagiad Guard Tower Key,key,Morrowind
AB_Misc_BoneSkelArgPelvis,Pelvis,,OAAB_Data
AB_Misc_BoneSkelPelvis,Pelvis,,OAAB_Data
T_Nor_UNI_Penumbra_01,Penumbra,,Tamriel_Data
TR_m7_HK_key_percius,Percius Berano's Chest Key,key,TR_Mainland
Misc_SoulGem_Petty,Petty Soul Gem,,Morrowind
T_Bre_PewterBowl_01,Pewter Bowl,bowl,Tamriel_Data
T_Bre_PewterBowl_02,Pewter Bowl,bowl,Tamriel_Data
T_Bre_PewterCandlestick_01,Pewter Candlestick,,Tamriel_Data
T_Com_CandleStickPewter_01,Pewter Candlestick,,Tamriel_Data
T_Com_CandleStickPewter_02,Pewter Candlestick,,Tamriel_Data
T_Bre_PewterCup_01,Pewter Cup,cup,Tamriel_Data
T_Bre_PewterCup_02,Pewter Cup,cup,Tamriel_Data
T_Bre_PewterFork_01,Pewter Fork,fork,Tamriel_Data
T_Bre_PewterGoblet_01,Pewter Goblet,cup,Tamriel_Data
AB_Misc_HourglassPewter,Pewter Hourglass,,OAAB_Data
AB_Misc_PewterKettle,Pewter Kettle,,OAAB_Data
T_Bre_PewterKettle_01,Pewter Kettle,,Tamriel_Data
T_Com_Key_30,Pewter Key,key,Tamriel_Data
T_Bre_PewterKnife_01,Pewter Knife,knife,Tamriel_Data
T_Bre_PewterPan_01,Pewter Pan,,Tamriel_Data
T_Bre_PewterPlate_01,Pewter Plate,plate,Tamriel_Data
T_Bre_PewterPlate_02,Pewter Plate,plate,Tamriel_Data
T_Bre_PewterPlate_03,Pewter Plate,plate,Tamriel_Data
T_Bre_PewterPlate_04,Pewter Plate,plate,Tamriel_Data
T_Bre_PewterPlatter_01,Pewter Platter,,Tamriel_Data
T_Bre_PewterPot_01,Pewter Pot,pot,Tamriel_Data
T_Bre_PewterPot_02,Pewter Pot,pot,Tamriel_Data
AB_Misc_scalesPewter,Pewter Scales,,OAAB_Data
AB_Misc_scalesPewterSkew,Pewter Scales,,OAAB_Data
T_Bre_PewterSpoon_01,Pewter Spoon,spoon,Tamriel_Data
T_Bre_PewterTeapot_01,Pewter Teapot,teapot,Tamriel_Data
T_Bre_PewterVase_01,Pewter Vase,,Tamriel_Data
TR_m3_dirt_i3-390-ind,Pile of Dirt,,TR_Mainland
T_De_UNI_PilgrimStone,Pilgrim Stone,,Tamriel_Data
misc_uni_pillow_01,Pillow,,Bloodmoon
misc_uni_pillow_01,Pillow,,Morrowind
Misc_Uni_Pillow_02,Pillow,,Morrowind
T_Com_PillowCastAway_01,Pillow,,Tamriel_Data
T_Rga_Pillow_01,Pillow,,Tamriel_Data
TR_m4_AndothDweRuinPillow01,Pillow,,TR_Mainland
TR_m4_Bal_LairUp4Pillow,Pillow,,TR_Mainland
TR_m4_q_Troupe_Pillow_02,Pillow,,TR_Mainland
TR_m7_LA4_eggmine_pillow,Pillow,,TR_Mainland
AB_Misc_Pincushion_01,Pincushion,,OAAB_Data
T_Com_Pincushion_01,Pincushion,,Tamriel_Data
T_He_Key_02b,Pink Glass Key,key,Tamriel_Data
TR_m1_ITO_AL_KeyPioneersWake,Pioneer's Wake Captain's Key,key,TR_Mainland
T_Com_Pipe_01,Pipe,,Tamriel_Data
T_Com_Pipe_02,Pipe,,Tamriel_Data
key_pirate,Pirate Captain's Key,key,Bloodmoon
Misc_Com_Pitcher_Metal_01,Pitcher,cup,Bloodmoon
misc_com_redware_pitcher,Pitcher,cup,Bloodmoon
Misc_Com_Pitcher_Metal_01,Pitcher,cup,Morrowind
misc_com_redware_pitcher,Pitcher,cup,Morrowind
misc_de_pitcher_01,Pitcher,cup,Morrowind
T_Imp_ColClayBottle_01,Pitcher,cup,Tamriel_Data
T_Rga_Pitcher_01,Pitcher,cup,Tamriel_Data
TR_m3-244_Misc_SCAMPpitch,Pitcher,cup,TR_Mainland
T_De_Placemat_01,Placemat,,Tamriel_Data
key_Ibardad,Plain key,key,Morrowind
misc_com_metal_plate_04,Plate,plate,Bloodmoon
misc_com_metal_plate_05,Plate,plate,Bloodmoon
misc_com_metal_plate_03,Plate,plate,Morrowind
misc_com_metal_plate_04,Plate,plate,Morrowind
misc_com_metal_plate_05,Plate,plate,Morrowind
misc_com_metal_plate_07,Plate,plate,Morrowind
misc_com_metal_plate_07_UNI1,Plate,plate,Morrowind
misc_com_metal_plate_07_UNI2,Plate,plate,Morrowind
misc_com_plate_01,Plate,plate,Morrowind
misc_com_plate_02,Plate,plate,Morrowind
misc_com_plate_03,Plate,plate,Morrowind
misc_com_plate_04,Plate,plate,Morrowind
misc_com_plate_05,Plate,plate,Morrowind
misc_com_plate_06,Plate,plate,Morrowind
misc_com_plate_07,Plate,plate,Morrowind
misc_com_plate_08,Plate,plate,Morrowind
misc_com_redware_plate,Plate,plate,Morrowind
T_Bre_WoodPlate_01,Plate,plate,Tamriel_Data
T_Com_WoodPlate_a01,Plate,plate,Tamriel_Data
T_Com_WoodPlate_b01,Plate,plate,Tamriel_Data
T_Com_WoodPlate_c01,Plate,plate,Tamriel_Data
T_De_BluewarePlate_01,Plate,plate,Tamriel_Data
T_Imp_ColClayPlate_01,Plate,plate,Tamriel_Data
T_Imp_ColClayPlate_02,Plate,plate,Tamriel_Data
T_Rga_RedwarePlate_01,Plate,plate,Tamriel_Data
T_Rga_RedwarePlate_02,Plate,plate,Tamriel_Data
TR_m4_AndothDweRuinPlate01,Plate,plate,TR_Mainland
TR_m4_AndothDweRuinPlate02,Plate,plate,TR_Mainland
TR_m7_Ns_JNS_3_TombPlate,Plate,plate,TR_Mainland
misc_com_redware_platter,Platter,,Morrowind
AB_Misc_WoodPlatter,Platter,,OAAB_Data
T_Bre_WoodPlatter_01,Platter,,Tamriel_Data
T_Bre_WoodPlatter_02,Platter,,Tamriel_Data
T_Com_WoodPlatter_b01,Platter,,Tamriel_Data
T_Com_WoodPlatter_c01,Platter,,Tamriel_Data
T_Com_WoodPlatter_d01,Platter,,Tamriel_Data
T_Imp_ColClayPlatter_01,Platter,,Tamriel_Data
TR_m3_relic1_i3-559-ind,Plume of Saint Llothis,,TR_Mainland
TR_m1_ITO_FW_KeySilverSerpent,Polanna's Key,key,TR_Mainland
T_Rga_PorcelainBowl_01,Porcelain Bowl,bowl,Tamriel_Data
T_Rga_PorcelainBowl_02,Porcelain Bowl,bowl,Tamriel_Data
T_Rga_PorcelainBowl_03,Porcelain Bowl,bowl,Tamriel_Data
T_Rga_PorcelainCup_01,Porcelain Cup,cup,Tamriel_Data
T_Rga_PorcelainFlask_01,Porcelain Flask,bottle,Tamriel_Data
T_Rga_PorcelainCutlery_03,Porcelain Fork,fork,Tamriel_Data
T_Rga_PorcelainCutlery_02,Porcelain Knife,knife,Tamriel_Data
T_Rga_PorcelainPitcher_01,Porcelain Pitcher,cup,Tamriel_Data
T_Rga_PorcelainPitcher_02,Porcelain Pitcher,cup,Tamriel_Data
T_Rga_PorcelainPlate_01,Porcelain Plate,plate,Tamriel_Data
T_Rga_PorcelainPlate_02,Porcelain Plate,plate,Tamriel_Data
T_Rga_PorcelainPlate_03,Porcelain Plate,plate,Tamriel_Data
T_Rga_PorcelainPlatter_01,Porcelain Platter,,Tamriel_Data
T_Rga_PorcelainCutlery_01,Porcelain Spoon,spoon,Tamriel_Data
T_Rga_PorcelainVase_01,Porcelain Vase,,Tamriel_Data
T_Rga_PorcelainVase_02,Porcelain Vase,,Tamriel_Data
T_Rga_PorcelainVase_03,Porcelain Vase,,Tamriel_Data
TR_m3_AT_Key_PortAuthority,Port Authority Key,key,TR_Mainland
T_Imp_Painting_Mona,Portrait of a Khajiit,,Tamriel_Data
TR_m3-725_misc_rot_khj_02,Possessed Khajiit Skull,,TR_Mainland
TR_m3-725_misc_rot_orc_02,Possessed Orc Skull,,TR_Mainland
AB_Misc_ComPewterPot_01,Pot,pot,OAAB_Data
T_Rga_RedwareTagine_01,Pot,pot,Tamriel_Data
AB_Misc_PottersClayBowl01,Potter's Clay,,OAAB_Data
AB_Misc_PottersClayBowl02,Potter's Clay,,OAAB_Data
AB_Misc_PottersClayCup,Potter's Clay,,OAAB_Data
AB_Misc_PottersClayPot01,Potter's Clay,,OAAB_Data
AB_Misc_PottersClayPot02,Potter's Clay,,OAAB_Data
AB_Misc_PottersClayVase,Potter's Clay,,OAAB_Data
AB_Misc_DwrvCohererPowered,Powered Dwemer Coherer,,OAAB_Data
T_Dwe_CohererPowered_01,Powered Dwemer Coherer,,Tamriel_Data
key_falas tomb keepers,Preserved Ancient Key,key,Morrowind
key_fetid_dreugh_grotto,Preserved Ancient Key,key,Morrowind
T_Imp_UNI_PrinceJuliekSeal,Prince Juliek's Seal,,Tamriel_Data
TR_m3_i3_316_prisonkey,Prison Key,key,TR_Mainland
key_varoprivate,Private Quarters Key,key,Morrowind
TR_m7_Narsis_KeyConsProconsul,Proconsul's Key,key,TR_Mainland
TR_m1_EEC_HareCoherer,Professor Hare's Coherer,,TR_Mainland
TR_m7_IndomaranoPropChamKey,Propylon Chamber Key,key,TR_Mainland
T_Com_Pulley_01,Pulley,,Tamriel_Data
T_Com_PumiceStone_01,Pumice Stone,,Tamriel_Data
T_De_PunavitAshJar_01,Punavit Ash Jar,,Tamriel_Data
T_De_PunavitJarLid_01,Punavit Ash Jar Lid,,Tamriel_Data
T_De_PunavitCup_01,Punavit Goblet,cup,Tamriel_Data
T_De_PunavitKettle_01,Punavit Kettle,,Tamriel_Data
T_De_PunavitSieve_01,Punavit Sieve,,Tamriel_Data
T_De_PunavitStirrer_01,Punavit Stirring Rod,,Tamriel_Data
T_He_Key_02c,Purple Glass Key,key,Tamriel_Data
TR_m7_Narsis_KeyLantern,Purple Lantern Key,key,TR_Mainland
T_Imp_UNI_PaintingHerrius,Pursuit of Light,,Tamriel_Data
TR_m7_Narsis_KeyQuadrille,Quadrille Key,key,TR_Mainland
T_De_Painting_UNI_Queen,Queen Barenziah,,Tamriel_Data
TR_m3_ElysanaDiamond,Queen Elysana's Diamond,,TR_Mainland
TR_m3_TrueElysanaDiamond,Queen Elysana's Diamond,,TR_Mainland
TR_m1_ITO_FW_KeyQueensCutlass,Queen's Cutlass Basement Key,key,TR_Mainland
T_Qy_Dice_01,Quey Dice,,Tamriel_Data
T_Qy_Die_01,Quey Die,,Tamriel_Data
Misc_Quill,Quill Pen,,Bloodmoon
Misc_Quill,Quill Pen,,Morrowind
AB_Misc_QuillLizard,Quill Pen,,OAAB_Data
TR_m3_q_TheRiftDeskItem7,Quill Pen,,TR_Mainland
T_Com_ClothRag_01,Rag,,Tamriel_Data
T_Com_ClothRag_02,Rag,,Tamriel_Data
TR_m3_AT_Key_Nalor,Ralis Nalor's House Key,key,TR_Mainland
TR_m4_RalitKey,Ralit Egg Mine Key,key,TR_Mainland
TR_m7_TV4_VelTower_Key,Rallabala Key,key,TR_Mainland
TR_m3_MT_SadranoChestKey,Ralur Sadrano's Key,key,TR_Mainland
TR_m3_AT_key_Velor,Ralyn Velor's House Key,key,TR_Mainland
TR_m4_key_BodrumManor_01,Ramaram Manor Key,key,TR_Mainland
TR_m4_key_RamaranBasement,Ramaran Manor Basement Key,key,TR_Mainland
TR_m4_key_RamaranCell,Ramaran Manor Cell Key,key,TR_Mainland
TR_m7_Narsis_KeyRaranSlave,Raran Manor Slave Key,key,TR_Mainland
TR_m7_Narsis_KeyRaranWarehouse,Raran Warehouse Key,key,TR_Mainland
AB_Misc_BoneRatSkull,Rat Skull,,OAAB_Data
TR_m1_RR_KeyRatagos,Ratagos' Key,key,TR_Mainland
TR_m7_Narsis_KeyFQGondolier,Ravos Andrelo's Key,key,TR_Mainland
AB_Misc_HairRazorClosed,Razor,,OAAB_Data
AB_Misc_HairRazorOpen,Razor,,OAAB_Data
T_Rea_Woodwork_01,Reachman Woodwork,,Tamriel_Data
T_Rea_Shaker_01,Reachmen Shaker,,Tamriel_Data
TR_m7_Ns_MG_ReactorKey,Reactor Console Key,key,TR_Mainland
AB_Misc_DeRedGlassBowl_01,Red Glass Bowl,bowl,OAAB_Data
T_Qy_RedGlassBowl_01,Red Glass Bowl,bowl,Tamriel_Data
T_Qy_RedGlassBowl_02,Red Glass Bowl,bowl,Tamriel_Data
T_Qy_RedGlassBowl_03,Red Glass Bowl,bowl,Tamriel_Data
AB_Misc_DeRedGlassCup_01,Red Glass Cup,cup,OAAB_Data
T_Qy_RedGlassCup_01,Red Glass Cup,cup,Tamriel_Data
T_Qy_RedGlassCup_02,Red Glass Cup,cup,Tamriel_Data
AB_Misc_DeRedGlassFlask_01,Red Glass Flask,bottle,OAAB_Data
T_Qy_RedGlassFork,Red Glass Fork,fork,Tamriel_Data
T_Qy_RedGlassKnife,Red Glass Knife,knife,Tamriel_Data
T_Qy_RedGlassPitcher,Red Glass Pitcher,cup,Tamriel_Data
AB_Misc_DeRedGlassPlate_01,Red Glass Plate,plate,OAAB_Data
T_Qy_RedGlassPlate_01,Red Glass Plate,plate,Tamriel_Data
T_Qy_RedGlassPlate_02,Red Glass Plate,plate,Tamriel_Data
T_Qy_RedGlassPlatter,Red Glass Platter,,Tamriel_Data
AB_Misc_DeRedGlassPot_01,Red Glass Pot,pot,OAAB_Data
T_Qy_RedGlassSpoon,Red Glass Spoon,spoon,Tamriel_Data
T_Qy_RedGlassVase,Red Glass Vase,,Tamriel_Data
AB_Misc_ComNineholesPinRed,Red Nine-holes Pin,,OAAB_Data
T_Imp_NineholesPin_01,Red Nine-holes Pin,,Tamriel_Data
T_Imp_PlayNineholesPinR_01a,Red Nine-holes Pin,,Tamriel_Data
T_Imp_PlayNineholesPinR_01b,Red Nine-holes Pin,,Tamriel_Data
T_Imp_PlayNineholesPinR_01c,Red Nine-holes Pin,,Tamriel_Data
T_Imp_PlayNineholesPinR_02a,Red Nine-holes Pin,,Tamriel_Data
T_Imp_PlayNineholesPinR_02b,Red Nine-holes Pin,,Tamriel_Data
T_Imp_PlayNineholesPinR_02c,Red Nine-holes Pin,,Tamriel_Data
T_Imp_PlayNineholesPinR_03a,Red Nine-holes Pin,,Tamriel_Data
T_Imp_PlayNineholesPinR_03b,Red Nine-holes Pin,,Tamriel_Data
T_Imp_PlayNineholesPinR_03c,Red Nine-holes Pin,,Tamriel_Data
T_Com_PaintpotR_01,Red Paint Pot,pot,Tamriel_Data
T_Com_PaintpotR_02,Red Paint Pot,pot,Tamriel_Data
T_Com_TileRed_01,Red Tile,,Tamriel_Data
misc_de_goblet_01_redas,Redas Goblet,cup,Morrowind
T_De_CardHortRed_02,Redoran Broker: Elder,,Tamriel_Data
T_De_CardMiscRed_02,Redoran Broker: Elder,,Tamriel_Data
key_vivec_redoran_cell,Redoran Compound Cell Key,key,Morrowind
T_De_CardHortRed_05,Redoran Craftsman: Smith,,Tamriel_Data
T_De_CardMiscRed_05,Redoran Craftsman: Smith,,Tamriel_Data
key_pellecia aurrus,Redoran Iron Key,key,Morrowind
key_redoran_basic,Redoran Iron Key,key,Morrowind
T_De_CardHortRed_06,Redoran Laborer: Miner,,Tamriel_Data
T_De_CardMiscRed_06,Redoran Laborer: Miner,,Tamriel_Data
T_De_CardHortRed_01,Redoran Noble: House Father,,Tamriel_Data
T_De_CardMiscRed_01,Redoran Noble: House Father,,Tamriel_Data
T_De_CardHortRed_03,Redoran Servant: Watchman,,Tamriel_Data
T_De_CardMiscRed_03,Redoran Servant: Watchman,,Tamriel_Data
T_De_CardHortRed_04,Redoran Warrior: Soldier,,Tamriel_Data
T_De_CardMiscRed_04,Redoran Warrior: Soldier,,Tamriel_Data
TR_m1_key_PT_Redram,Redram Oran's Key,key,TR_Mainland
TR_m1_Q59_MaI_key,Redram Oran's Key,key,TR_Mainland
misc_de_bowl_redware_01,Redware Bowl,bowl,Bloodmoon
misc_de_bowl_redware_01,Redware Bowl,bowl,Morrowind
misc_de_bowl_redware_03,Redware Bowl,bowl,Morrowind
AB_Misc_DeRedwarePlatter,Redware Platter,,OAAB_Data
T_De_RedwarePlatter_01,Redware Platter,,Tamriel_Data
misc_de_pot_redware_01,Redware Pot,pot,Morrowind
misc_de_pot_redware_02,Redware Pot,pot,Morrowind
Misc_DE_pot_redware_03,Redware Pot,pot,Morrowind
misc_de_pot_redware_04,Redware Pot,pot,Morrowind
TR_m2_q_9_Pot_uni,Redware Pot,pot,TR_Mainland
TR_m7_Narsis_KeyRedwater,Redwater Theater Key,key,TR_Mainland
AB_Misc_ReedPen,Reed Pen,,OAAB_Data
T_Com_ReedPen_01,Reed Pen,,Tamriel_Data
TR_m7_Remyon_Key,Remyon Nedalas' Slave Key,key,TR_Mainland
T_De_UNI_RenaldLute,Renald the Incredible Lute,,Tamriel_Data
TR_m7_sad_key_renil,Renil Farano's Key,key,TR_Mainland
TR_m4_key_rethil_slave,Rethil Slave Key,key,TR_Mainland
TR_m3_AT_Key_Arano,Revis Arano's House Key,key,TR_Mainland
T_Com_Rib,Rib,,Tamriel_Data
AB_Misc_BoneSkelRibs,Ribs,,OAAB_Data
T_He_Painting_Rich,Rich Woman from Cloudrest,,Tamriel_Data
T_Com_Rigging_01,Rigging Block,,Tamriel_Data
AB_Misc_BoneSkelArmR,Right Arm,,OAAB_Data
AB_Misc_BoneSkelFootR.1,Right Foot,,OAAB_Data
AB_Misc_BoneSkelFootR,Right Foot,,OAAB_Data
AB_Misc_BoneSkelHandR.1,Right Hand,,OAAB_Data
AB_Misc_BoneSkelHandR,Right Hand,,OAAB_Data
AB_Misc_BoneSkelLegR,Right Leg,,OAAB_Data
AB_Misc_BoneSkelLegShinR.1,Right Shin,,OAAB_Data
AB_Misc_BoneSkelLegShinR,Right Shin,,OAAB_Data
AB_Misc_BoneSkelArmUpperR.1,Right Upper Arm,,OAAB_Data
AB_Misc_BoneSkelArmUpperR,Right Upper Arm,,OAAB_Data
AB_Misc_BoneSkelArmWristR.1,Right Wrist,,OAAB_Data
AB_Misc_BoneSkelArmWristR,Right Wrist,,OAAB_Data
T_De_WraithmailRinglet_01,Ringlet,,Tamriel_Data
TR_m7_Naemunbatashpi_Ritual_Key,Ritual Chamber Key,key,TR_Mainland
TR_m7_Narsis_KeyCastleKeep,Riverkeep Keep Key,key,TR_Mainland
TR_m7_Narsis_KeyCastleVault,Riverkeep Lower Vault Key,key,TR_Mainland
TR_m7_Narsis_KeyCastleServant,Riverkeep Servant Key,key,TR_Mainland
TR_m7_Narsis_KeyCastleSmithy,Riverkeep Smithy Key,key,TR_Mainland
TR_m7_Narsis_KeyCastleVaultUpp,Riverkeep Upper Vault Key,key,TR_Mainland
TR_m7_Narsis_KeyCastleVaultStor,Riverkeep Vault Storage Key,key,TR_Mainland
TR_m7_RivulFarm_Key,Rivul Farm Key,key,TR_Mainland
TR_m3_RD_key_FieldSlaves,Roa Dyr Field Slave Key,key,TR_Mainland
TR_m3_RD_key_GlassHall,Roa Dyr Glass Hall Key,key,TR_Mainland
TR_m3_RD_key_HouseholdSlaves,Roa Dyr Household Slave Key,key,TR_Mainland
TR_m3_RD_key_Prison,Roa Dyr Prison Cell Key,key,TR_Mainland
TR_m3_RD_key_Residence,Roa Dyr Residence Key,key,TR_Mainland
TR_m3_RD_key_Vault,Roa Dyr Vault Key,key,TR_Mainland
TR_m3_RD_key_Warehouse,Roa Dyr Warehouse Key,key,TR_Mainland
TR_m1_ITO_FW_KeyRoban,Roban's Key,key,TR_Mainland
TR_m7_Narsis_KeyEECRogatus,Rogatus Cipius' Key,key,TR_Mainland
misc_rollingpin_01,Rolling Pin,,Morrowind
TR_m4_romayon_key,Romayon Key,key,TR_Mainland
T_De_Index_Romayon,Romayon Propylon Index,,Tamriel_Data
T_Com_Rope_01,Rope,,Tamriel_Data
T_De_CoiledRope_01,Rope Coil,,Tamriel_Data
index_roth,Rotheran Propylon Index,,Morrowind
key_rotheranslaves_01,Rotheran Slave Key,key,Morrowind
TR_m3_AT_key_Thalur,Rothis Thalur's Key,key,TR_Mainland
TR_m4_AndoHH_RottenEgg,Rotten Kwama Egg,,TR_Mainland
TR_m7_Narsis_KeyRuddyEggs,Ruddy Eggs Key,key,TR_Mainland
TR_m7_Narsis_KeyRuddyEggsSlave,Ruddy Eggs Slave Key,key,TR_Mainland
key_Rufinus_Alleius,Rufinus Alleius' Key,key,Morrowind
AB_Misc_BkRuinedFolio,Ruined Book,,OAAB_Data
AB_Misc_BkRuinedOctavo01,Ruined Book,,OAAB_Data
AB_Misc_BkRuinedOctavo02,Ruined Book,,OAAB_Data
AB_Misc_BkRuinedQuarto,Ruined Book,,OAAB_Data
T_Com_Book_Ruin_01,Ruined Book,,Tamriel_Data
T_Com_Book_Ruin_02,Ruined Book,,Tamriel_Data
T_Com_Book_Ruin_03,Ruined Book,,Tamriel_Data
T_Com_Book_Ruin_04,Ruined Book,,Tamriel_Data
TR_m4_AA_RunatSlaveKey,Runat Slave Key,key,TR_Mainland
TR_m7_Narsis_KeyRuram,Ruram Salothran's Key,key,TR_Mainland
TR_m3_Sa_KeyRurvynMine,Rurvyn Egg Mine Key,key,TR_Mainland
T_Com_Key_28,Rusted Handle-Key,key,Tamriel_Data
TR_m1_i1-4_key_slavedoor,Rusted Key,key,TR_Mainland
tr_m4_477_key2,Rusted Key,key,TR_Mainland
misc_dwrv_gear00,Rusty Dwemer Cog,,Morrowind
TR_m1_q_AttackPiece2,Rusty Dwemer Cog,,TR_Mainland
key_assemanu_01,Rusty Key,key,Morrowind
key_assi_serimilk,Rusty Key,key,Morrowind
key_kagouti_colony,Rusty Key,key,Morrowind
key_shipwreck9-11,Rusty Key,key,Morrowind
key_skeleton,Rusty Key,key,Morrowind
TR_m1_ITO_FW_KeySewersOF,Rusty Key,key,TR_Mainland
TR_m1_ITO_Onimushili_slavekey,Rusty Key,key,TR_Mainland
TR_m7_Palamat_Key,Rusty Key,key,TR_Mainland
key_Indaren,Rusty key into Indaren Tomb,key,Morrowind
key_tukushapal_1,Rusty Old Key,key,Morrowind
TR_m4_AA_Tomb_1_Key,Rusty Old Key,key,TR_Mainland
TR_m7_Narsis_KeyRuvene,Ruvene Ienith's Key,key,TR_Mainland
TR_m7_Narsis_KeyFQCaravaner,Rylara Karaleth's Key,key,TR_Mainland
T_Imp_Painting_UNI_River,S'Karra's Joyous River,,Tamriel_Data
TR_m7_Narsis_KeySabia,Sabia Bechand's Key,key,TR_Mainland
TR_m3_AT_key_Vanceo,Sabinus Vanceo's House Key,key,TR_Mainland
TR_m7_SadranoManorKey,Sadrano Manor Key,key,TR_Mainland
TR_m7_SadranoSlaveKey,Sadrano Manor Slave Key,key,TR_Mainland
TR_m7_sad_key_sadras,Sadras Manor Key,key,TR_Mainland
key_sadrithmoraslaves_01,Sadrith Mora Slave Key,key,Morrowind
TR_m7_Narsis_KeyDibuntus,Saenus Dibuntus' Key,key,TR_Mainland
TR_m7_q_HH_Alvynu_SaenusGoods,Saenus's Stolen Goods,,TR_Mainland
TR_m3_Sa_supplieschestkey,Sailen Temple Chest Key,key,TR_Mainland
T_Imp_Painting_UNI_Dahuul,Saint Dahuul,,Tamriel_Data
T_Imp_Painting_UNI_Laeca,Saint Laeca Witnessing Dibella,,Tamriel_Data
T_Imp_Painting_UNI_Naharin,Saint Naharine,,Tamriel_Data
T_Imp_Painting_UNI_Nille,Saint Nille,,Tamriel_Data
T_De_Index_Salandus,Salandus Propylon Index,,Tamriel_Data
TR_key_m3-664_slavedoors,Salandus Slave Key,key,TR_Mainland
TR_m7_Narsis_KeySalora,Salora Thirothan's Key,key,TR_Mainland
TR_m7_Narsis_KeySals,Sals Theldryn's Key,key,TR_Mainland
T_Com_Sieve_01,Salt Sieve,,Tamriel_Data
TR_m7_Sharai_KeySamalsi,Samalsi Manor Key,key,TR_Mainland
TR_m7_KeySamarysPlantation,Samarys Plantation Key,key,TR_Mainland
TR_m7_SamoriFarm_Key,Samori Farm Key,key,TR_Mainland
TR_m3_AT_Key_Adranibaal,Samsi Adranibaal's Key,key,TR_Mainland
TR_m2_samkey1,Samursi Door Key,key,TR_Mainland
T_Dae_UNI_SanguinesRose,Sanguine Rose,,Tamriel_Data
TR_m7_Sharai_KeyCornerclub,Sapphire Slouch Key,key,TR_Mainland
TR_m7_Sharai_KeyCornerclubRoom1,Sapphire Slouch Room 1 Key,key,TR_Mainland
TR_m7_Sharai_KeyCornerclubRoom2,Sapphire Slouch Room 2 Key,key,TR_Mainland
TR_m7_Sharai_KeyCornerclubRoom3,Sapphire Slouch Room 3 Key,key,TR_Mainland
TR_m7_Sarahu_Key,Sarahu Key,key,TR_Mainland
TR_m7_Narsis_KeySaren,Saren Ranch Key,key,TR_Mainland
TR_m4-316_Key_Slave,Sarmabael Slave Key,key,TR_Mainland
TR_m7_Narsis_KeySarvayn,Sarvayn Residence Key,key,TR_Mainland
TR_m3_key_sarvayn,Sarvayn Tomb Key,key,TR_Mainland
TR_m7_AI_KeyRamaran,Sarvynu Ramaran's Key,key,TR_Mainland
key_saryoni,Saryoni's Key,key,Morrowind
key_Sarys_chest,Sarys chest key,key,Morrowind
TR_m3_key_Sassur_slaves,Sassur-Dari Slave Key,key,TR_Mainland
T_De_Painting_UNI_Andas,Sathasa and Tholer,,Tamriel_Data
T_De_Painting_UNI_Wife,Sathasa Andas,,Tamriel_Data
TR_m4_key_sathes_barnalo,Sathes Barnalo's key,key,TR_Mainland
TR_key_i3-730_satkey,Sathis' Key,key,TR_Mainland
T_Imp_PillowSatinBlack_01,Satin Pillow,,Tamriel_Data
key_saturanslaves_01,Saturan Slave Key,key,Morrowind
TR_m2_A9_Savani_key,Savani House Key,key,TR_Mainland
TR_m3_AT_Key_Savas,Savas House Key,key,TR_Mainland
TR_m7_KeySavileDelenu,Savile Delenu's Key,key,TR_Mainland
key_savilecagekey,Savile's Slavepod Key,key,Morrowind
key_savilecagekey02,Savile's Slavepod Key,key,Morrowind
TR_m4_key_SlaveSavrethi,Savrethi Distillery Slave Key,key,TR_Mainland
TR_m1_ITO_FW_KeySavri,Savri Hlervu's Key,key,TR_Mainland
T_Com_Saw_01,Saw,,Tamriel_Data
T_Com_Saw_02,Saw,,Tamriel_Data
T_Com_Saw_03,Saw,,Tamriel_Data
T_Com_Saw_04,Saw,,Tamriel_Data
TR_m7_NVA1_4_Com_Saw_01,Saw,,TR_Mainland
TR_m7_NVA3_Com_Saw_01,Saw,,TR_Mainland
TR_m7_NVA5_Com_Saw_01,Saw,,TR_Mainland
TR_m7_NVA6_Com_Saw_01,Saw,,TR_Mainland
TR_m7_NVA7_Com_Saw_01,Saw,,TR_Mainland
T_De_Scales_01,Scales,,Tamriel_Data
T_De_Scales_02,Scales,,Tamriel_Data
T_De_Scales_03,Scales,,Tamriel_Data
T_De_Scales_04,Scales,,Tamriel_Data
T_Com_Scrapwood01,Scrap Wood,,Tamriel_Data
T_Com_Scrapwood02,Scrap Wood,,Tamriel_Data
T_Com_Scrapwood03,Scrap Wood,,Tamriel_Data
T_Com_Scrapwood04,Scrap Wood,,Tamriel_Data
T_Com_Scrapwood05,Scrap Wood,,Tamriel_Data
T_Imp_Scrollcase_01,Scroll Case,,Tamriel_Data
TR_m7_q_scryingglass,Scrying Glass of the Seyda Neen,,TR_Mainland
T_Cr_UNI_SeadrakeEgg,Seadrake Egg,,Tamriel_Data
T_Com_Misc_Seal,Seal,,Tamriel_Data
AB_Misc_SealStamp,Seal Stamp,,OAAB_Data
TR_m3_TT_Flood_SarnatAsh,Sealed Sarnat Ashes,,TR_Mainland
T_Com_SealingWax_01,Sealing Wax,,Tamriel_Data
T_Imp_CoinReman_01,Second Empire Coin,,Tamriel_Data
TR_m7_Narsis_KeyHlaalu2Guest,Second Family Manor Guest Key,key,TR_Mainland
TR_m7_Narsis_KeyHlaalu2General,Second Family Manor Key,key,TR_Mainland
TR_m7_Narsis_KeySecFamSewer,Second Family Manor Sewer Key,key,TR_Mainland
TR_m7_Narsis_KeySecFamSlave,Second Family Manor Slave Key,key,TR_Mainland
TR_m7_Narsis_KeyHlaalu2Vault1,Second Family Vault Key #1,key,TR_Mainland
TR_m7_Narsis_KeyHlaalu2Vault2,Second Family Vault Key #2,key,TR_Mainland
TR_m7_Narsis_KeyHlaalu2Vault3,Second Family Vault Key #3,key,TR_Mainland
key_vivec_secret,Secret Palace Entrance Key,key,Morrowind
TR_m3_seedbag_i3-390-ind,Seed Pack,,TR_Mainland
TR_m4-313_Key_AntiTeleport,Sehutu Labyrinth Pass Key,key,TR_Mainland
T_Imp_PlayNineholesSpace_01a,Select Space,,Tamriel_Data
T_Imp_PlayNineholesSpace_01b,Select Space,,Tamriel_Data
T_Imp_PlayNineholesSpace_01c,Select Space,,Tamriel_Data
T_Imp_PlayNineholesSpace_02a,Select Space,,Tamriel_Data
T_Imp_PlayNineholesSpace_02b,Select Space,,Tamriel_Data
T_Imp_PlayNineholesSpace_02c,Select Space,,Tamriel_Data
T_Imp_PlayNineholesSpace_03a,Select Space,,Tamriel_Data
T_Imp_PlayNineholesSpace_03b,Select Space,,Tamriel_Data
T_Imp_PlayNineholesSpace_03c,Select Space,,Tamriel_Data
TR_m7_SelesRanch_storage,Seles Ranch Storage Key ,key,TR_Mainland
T_Com_UNI_Selkieskin,Selkie Skin,,Tamriel_Data
TR_m1_ITO_FW_KeyEmberKeep04,Selura's Key,key,TR_Mainland
TR_m7_HK_key_selvilo,Selvilo Manor Slave Key,key,TR_Mainland
TR_m2_slave_key_i2-292,Serrudan Slave Key,key,TR_Mainland
misc_skull10,Servant's Skull,,Morrowind
AB_Misc_ComCard04,Seven of Dragons,,OAAB_Data
T_Imp_Card_04,Seven of Dragons,,Tamriel_Data
AB_Misc_ComCard12,Seven of Hours,,OAAB_Data
T_Imp_Card_12,Seven of Hours,,Tamriel_Data
T_Com_SeveredHeadDunmer_01,Severed Head,,Tamriel_Data
T_Com_SeveredHeadDunmer_02,Severed Head,,Tamriel_Data
T_Com_SeveredHeadDunmer_03,Severed Head,,Tamriel_Data
T_Com_Sextant_01,Sextant,,Tamriel_Data
TR_m7_q_HH_Alvynu_GlassShard,Seyda Neen Wreckage Shard,,TR_Mainland
TR_m7_q_HH_Alvynu_GlassShard_x,Seyda Neen Wreckage Shard,,TR_Mainland
TR_m7_q_HH_SeventhFam_SeydaNeen,Seyda Neen Wreckage Shard,,TR_Mainland
TR_m7_SH01_Mine3_key_slaves,SH01M3 Slave Key,key,TR_Mainland
TR_m7_SH08_Cave_2_Key,SH08 Cave 2 Key,key,TR_Mainland
key_shaadnius,Sha-Adnius  Key,key,Morrowind
key_shaadniusslaves_01,Sha-Adnius Slave Key,key,Morrowind
T_Com_Shackles_01,Shackles,,Tamriel_Data
TR_m4_AA_ShalaasaSlaveKey,Shalaasa Samane's Slave Key,key,TR_Mainland
TR_m7_Narsis_KeyShali,Shali Erethi's Key,key,TR_Mainland
TR_m4_Shalmurat_Key,Shalmurat Gate Key,key,TR_Mainland
TR_m7_Narsis_KeySharipu,Sharipu Palirdan's Key,key,TR_Mainland
key_shashev,Shashev's Key,key,Morrowind
misc_shears_01,Shears,,Morrowind
T_He_ShellBowl_01,Shell Bowl,"bowl,shell",Tamriel_Data
T_He_ShellBowl_02,Shell Bowl,"bowl,shell",Tamriel_Data
T_He_ShellPlatter_01,Shell Platter,shell,Tamriel_Data
T_He_ShellPlatter_02,Shell Platter,shell,Tamriel_Data
T_He_ShellPlatter_03,Shell Platter,shell,Tamriel_Data
T_QyC_ShellwareBowl_01,Shellware Bowl,bowl,Tamriel_Data
T_QyC_ShellwareBowl_02,Shellware Bowl,bowl,Tamriel_Data
T_QyC_ShellwareBowl_03,Shellware Bowl,bowl,Tamriel_Data
T_QyC_ShellwareCup_01,Shellware Cup,cup,Tamriel_Data
T_QyC_ShellwareCup_02,Shellware Cup,cup,Tamriel_Data
T_QyC_ShellwareFork,Shellware Fork,fork,Tamriel_Data
T_QyC_ShellwareKnife,Shellware Knife,knife,Tamriel_Data
T_QyC_ShellwarePitcher,Shellware Pitcher,cup,Tamriel_Data
T_QyC_ShellwarePlate_01,Shellware Plate,plate,Tamriel_Data
T_QyC_ShellwarePlate_02,Shellware Plate,plate,Tamriel_Data
T_QyC_ShellwarePlate_03,Shellware Plate,plate,Tamriel_Data
T_QyC_ShellwarePlatter,Shellware Platter,,Tamriel_Data
T_QyC_ShellwareSpoon,Shellware Spoon,spoon,Tamriel_Data
T_QyC_ShellwareVase_01,Shellware Vase,,Tamriel_Data
T_QyC_ShellwareVase_02,Shellware Vase,,Tamriel_Data
key_shilipuran,Shilipuran's Key,key,Morrowind
key_miles,Shiny Key,key,Morrowind
key_miun_gei,Shiny Key,key,Morrowind
TR_m1_Yamanakal_Spoon,Shiny Silver Spoon,spoon,TR_Mainland
TR_m7_Sharai_KeyLegion,Shipal-Sharai Legion Post Key,key,TR_Mainland
TR_m7_Sharai_KeyWarehouse,Shipal-Sharai Warehouse Key,key,TR_Mainland
TR_m7_Narsis_KeyShSai,Shipbuilders and Sailors Key,key,TR_Mainland
TR_m7_HK_key_shipping,Shipping Office Key,key,TR_Mainland
T_De_Music_Shiratar,Shiratar,,Tamriel_Data
key_ebon_tomb,Shrine Key,key,Morrowind
key_shushanslaves_01,Shushan Slave Key,key,Morrowind
AB_Misc_DePillowSilk_01,Silk Pillow,,OAAB_Data
T_He_PillowSilk_01,Silk Pillow,,Tamriel_Data
T_He_PillowSilk_02,Silk Pillow,,Tamriel_Data
T_He_PillowSilk_03,Silk Pillow,,Tamriel_Data
T_He_PillowSilk_04,Silk Pillow,,Tamriel_Data
T_Imp_PillowSilk_01,Silk Pillow,,Tamriel_Data
AB_w_SilverArrow10x,Silver Arrow (10),,OAAB_Data
AB_Misc_SilverBell,Silver Bell,,OAAB_Data
T_Bre_SilverBowl_01,Silver Bowl,bowl,Tamriel_Data
T_Bre_SilverBowl_02,Silver Bowl,bowl,Tamriel_Data
T_Bre_SilverBowl_03,Silver Bowl,bowl,Tamriel_Data
T_Nor_SilverBowl_01,Silver Bowl,bowl,Tamriel_Data
T_Nor_SilverBowl_02,Silver Bowl,bowl,Tamriel_Data
T_Bre_SilverCandlestick_01,Silver Candlestick,,Tamriel_Data
T_Com_CandleStickSilver_01,Silver Candlestick,,Tamriel_Data
T_Com_CandleStickSilver_02,Silver Candlestick,,Tamriel_Data
T_Bre_SilverCup_01,Silver Cup,cup,Tamriel_Data
T_Bre_SilverDish_01,Silver Dish,,Tamriel_Data
T_Bre_SilverGoblet_01,Silver Goblet,cup,Tamriel_Data
T_Nor_SilverGoblet_01,Silver Goblet,cup,Tamriel_Data
T_Imp_HandMirror_01,Silver Hand Mirror,,Tamriel_Data
T_Imp_UNI_HandMirror_Cat,Silver Hand Mirror,,Tamriel_Data
T_Com_MetalPieceSilver_01,Silver Ingot,,Tamriel_Data
T_Com_MetalPieceSilver_02,Silver Ingot,,Tamriel_Data
T_Com_MetalPieceSilver_03,Silver Ingot,,Tamriel_Data
T_Com_Key_03,Silver Key,key,Tamriel_Data
T_He_Key_01,Silver Key,key,Tamriel_Data
TR_i3-279-room,Silver Key,key,TR_Mainland
TR_i3-287_Door,Silver Key,key,TR_Mainland
TR_m2_i386_key3,Silver Key,key,TR_Mainland
TR_m3_OE_ETHrAmbassy_Key,Silver Key,key,TR_Mainland
TR_m7_Sharai_KeyOfficeVault,Silver Key,key,TR_Mainland
TR_Narsis_130_Manor_Key,Silver Key,key,TR_Mainland
T_Bre_SilverPitcher_01,Silver Pitcher,cup,Tamriel_Data
T_Bre_SilverPlate_01,Silver Plate,plate,Tamriel_Data
T_Bre_SilverPlate_02,Silver Plate,plate,Tamriel_Data
T_Bre_SilverPlate_03,Silver Plate,plate,Tamriel_Data
T_Bre_SilverPlate_04,Silver Plate,plate,Tamriel_Data
T_Bre_SilverPlate_05,Silver Plate,plate,Tamriel_Data
T_Bre_SilverPlate_06,Silver Plate,plate,Tamriel_Data
T_Bre_SilverPlate_07,Silver Plate,plate,Tamriel_Data
T_Bre_SilverPlate_08,Silver Plate,plate,Tamriel_Data
T_Bre_SilverPlate_09,Silver Plate,plate,Tamriel_Data
T_Nor_SilverPlate_01,Silver Plate,plate,Tamriel_Data
T_Nor_SilverPlate_02,Silver Plate,plate,Tamriel_Data
T_Nor_SilverPlate_03,Silver Plate,plate,Tamriel_Data
T_Bre_SilverPlatter_01,Silver Platter,,Tamriel_Data
T_Bre_SilverPlatter_02,Silver Platter,,Tamriel_Data
AB_Misc_ComSilverPot_01,Silver Pot,pot,OAAB_Data
T_Bre_SilverPot_01,Silver Pot,pot,Tamriel_Data
AB_Misc_scalesSilver,Silver Scales,,OAAB_Data
AB_Misc_scalesSilverSkew,Silver Scales,,OAAB_Data
T_Imp_SilverScales_01,Silver Scales,,Tamriel_Data
T_Imp_SilverScales_02,Silver Scales,,Tamriel_Data
AB_Misc_ShearsSilver,Silver Shears,,OAAB_Data
T_Com_SilverSpadeHead,Silver Spade Head,,Tamriel_Data
AB_Misc_ComSilverTank_01,Silver Tankard,cup,OAAB_Data
AB_Misc_ComSilverTeapot,Silver Teapot,teapot,OAAB_Data
T_Bre_SilverTray_01,Silver Tray,,Tamriel_Data
T_Nor_SilverVase_01,Silver Vase,,Tamriel_Data
T_Nor_SilverVase_02,Silver Vase,,Tamriel_Data
AB_Misc_scalesSilverWght,Silver Weight,,OAAB_Data
AB_Misc_scalesSilverWghtBig,Silver Weight,,OAAB_Data
T_Imp_SilverWeight_01,Silver Weight,,Tamriel_Data
T_Imp_SilverWeight_02,Silver Weight,,Tamriel_Data
T_Imp_SilverWeight_03,Silver Weight,,Tamriel_Data
T_Imp_SilverWeight_04,Silver Weight,,Tamriel_Data
T_imp_SilverWareBell_01,Silverware Bell,,Tamriel_Data
T_Imp_SilverWareBottle_01,Silverware Bottle,bottle,Tamriel_Data
Misc_Imp_Silverware_Bowl,Silverware Bowl,bowl,Bloodmoon
Misc_Imp_Silverware_Bowl,Silverware Bowl,bowl,Morrowind
misc_imp_silverware_cup,Silverware Cup,cup,Bloodmoon
misc_imp_silverware_cup,Silverware Cup,cup,Morrowind
Misc_Imp_Silverware_Cup_01,Silverware Cup,cup,Morrowind
T_Imp_SilverWareCup_01,Silverware Cup,cup,Tamriel_Data
T_Imp_SilverWareCup_02,Silverware Cup,cup,Tamriel_Data
T_Imp_SilverWareCup_03,Silverware Cup,cup,Tamriel_Data
T_Imp_SilverWareDish_01,Silverware Dish,,Tamriel_Data
T_Imp_SilverWareDish_02,Silverware Dish,,Tamriel_Data
T_Imp_SilverWareFork_01,Silverware Fork,fork,Tamriel_Data
T_Imp_SilverWareKnife_01,Silverware Knife,knife,Tamriel_Data
misc_imp_silverware_pitcher,Silverware Pitcher,cup,Bloodmoon
misc_imp_silverware_pitcher,Silverware Pitcher,cup,Morrowind
misc_imp_silverware_plate_01,Silverware Plate,plate,Bloodmoon
misc_imp_silverware_plate_02,Silverware Plate,plate,Bloodmoon
misc_imp_silverware_plate_03,Silverware Plate,plate,Bloodmoon
misc_imp_silverware_plate_01,Silverware Plate,plate,Morrowind
misc_imp_silverware_plate_02,Silverware Plate,plate,Morrowind
misc_imp_silverware_plate_03,Silverware Plate,plate,Morrowind
T_Imp_SilverWarePlate_01,Silverware Plate,plate,Tamriel_Data
T_Imp_SilverWarePlate_02,Silverware Plate,plate,Tamriel_Data
T_Imp_SilverWarePlate_03,Silverware Plate,plate,Tamriel_Data
T_Imp_SilverWarePlate_04,Silverware Plate,plate,Tamriel_Data
T_Imp_SilverWarePlate_05,Silverware Plate,plate,Tamriel_Data
T_Imp_SilverWarePlate_06,Silverware Plate,plate,Tamriel_Data
T_Imp_SilverWarePot_01,Silverware Pot,pot,Tamriel_Data
T_Imp_SilverWarePot_02,Silverware Pot,pot,Tamriel_Data
T_Imp_SilverWareSpoon_01,Silverware Spoon,spoon,Tamriel_Data
T_Imp_SilverWareTankard_01,Silverware Tankard,cup,Tamriel_Data
T_Imp_SilverWareVase_01,Silverware Vase,,Tamriel_Data
TR_m3-266_misc_staticvase2,Silverware Vase,,TR_Mainland
TR_m3-649_misc_nopickupvasebyS,Silverware Vase,,TR_Mainland
key_assarnud,Simple Key,key,Morrowind
key_eldrar,Simple Key,key,Morrowind
key_hinnabi,Simple Key,key,Morrowind
key_hodlismod,Simple Key,key,Morrowind
key_irgola,Simple Key,key,Morrowind
key_minabi,Simple Key,key,Morrowind
key_nund,Simple Key,key,Morrowind
key_ra'zhid,Simple Key,key,Morrowind
key_telbranoratower,Simple Key,key,Morrowind
TR_m7_KeySinsi,Sinsi Key,key,TR_Mainland
TR_m7_Sinsi_Key,Sinsi Key,key,TR_Mainland
key_sinsibadonslaves_01,Sinsibadon Slave Key,key,Morrowind
key_sirilonwe,Sirilonwe's Key,key,Morrowind
TR_m7_OW_KeySirrilash,Sirrilash Key,key,TR_Mainland
AB_Misc_ComCard02,Six of Books,,OAAB_Data
T_Imp_Card_02,Six of Books,,Tamriel_Data
AB_Misc_ComCard10,Six of Circles,,OAAB_Data
T_Imp_Card_10,Six of Circles,,Tamriel_Data
TR_m7_Narsis_KeySixthFamily,Sixth Family Manor Key,key,TR_Mainland
AB_Misc_6thBell,Sixth House Bell,,OAAB_Data
AB_Misc_6thBowl,Sixth House Bowl,bowl,OAAB_Data
AB_Misc_6thFlute,Sixth House Flute,,OAAB_Data
AB_Mus_6thFlute,Sixth House Flute,,OAAB_Data
AB_Misc_6thMug,Sixth House Mug,,OAAB_Data
AB_Misc_6thPlate01,Sixth House Plate,plate,OAAB_Data
AB_Misc_6thPlate02,Sixth House Plate,plate,OAAB_Data
T_Imp_ColSiyatCigar_01,Siyat Cigar,,Tamriel_Data
T_Com_SkeletonHandL_01,Skeletal Left Hand,,Tamriel_Data
T_Nor_Ski_01,Ski,,Tamriel_Data
T_Nor_SkiPole_01,Ski Pole,,Tamriel_Data
misc_skull00,Skull,,Bloodmoon
misc_skull00,Skull,,Morrowind
AB_Misc_BoneSkelArgSkull,Skull,,OAAB_Data
AB_Misc_BoneSkelArgSkullUpper,Skull,,OAAB_Data
AB_Misc_BoneSkelSkullNoJaw,Skull,,OAAB_Data
AB_Misc_BoneSkelSkullUpper,Skull,,OAAB_Data
T_Com_SkullAlt,Skull,,Tamriel_Data
AB_Misc_GobletSkull,Skull Goblet,cup,OAAB_Data
misc_skull_Skaal,Skull of a Skaal Warrior,,Bloodmoon
TR_m2_q_A9_5_Aryn_Skull,Skull of Aryn Salvarys,,TR_Mainland
T_Dae_UNI_SkullCorruption,Skull of Corruption,,Tamriel_Data
misc_skull_griss,Skull of Griss the Yellow,,Bloodmoon
misc_skull_griss_floor,Skull of Griss the Yellow,,Bloodmoon
TR_SH11_Hunza_Skull1,Skull of Hreimr the Breaker,,TR_Mainland
misc_Skull_Llevule,Skull of Llevule Andrano,,Morrowind
T_Imp_UNI_MadMinaSkull,Skull of Mad Mina Amarant,,Tamriel_Data
TR_SH11_Hunza_Skull2,Skull of Naglak Gra-Mishug,,TR_Mainland
TR_m4_RR_Skull_Naghea,Skull of Queen Naghea,,TR_Mainland
TR_m4_RR_Skull_Ulaqth,Skull of Warchief Ulaqth,,TR_Mainland
AB_Misc_PlaqueSfish01,Slaughterfish,,OAAB_Data
AB_Misc_SfishHead,Slaughterfish Head,,OAAB_Data
TR_m1_Q_OlivieKey,Slave Bracer Key,key,TR_Mainland
key_rothran,Slave Cell Key,key,Morrowind
TR_m7_Hlan_Oek_3_Key,Slave Cell Key,key,TR_Mainland
key_shushishislaves,Slave key,key,Morrowind
TR_i4-292_slavekey,Slave Key,key,TR_Mainland
TR_m7_Cave_1_SlaveKey,Slave Key,key,TR_Mainland
TR_m7_Zarathil_Key,Slave Key,key,TR_Mainland
TR_m7_Narsis_KeySMCell,Slave Market Cell Key,key,TR_Mainland
TR_m7_Narsis_KeySMStorage,Slave Market Storage Key,key,TR_Mainland
TR_m7_JNS_RetirementKey,Slime-Covered Key,key,TR_Mainland
T_Rga_Pot_01,Small Basket,basket,Tamriel_Data
TR_m3-596_key_smallchest,Small Copper Key,key,TR_Mainland
T_Nor_FineWoodCup_02,Small Fine Wood Cup,cup,Tamriel_Data
key_adibael,Small Key,key,Morrowind
key_aldruhn_underground,Small Key,key,Morrowind
key_aldsotha,Small Key,key,Morrowind
key_eldafire,Small Key,key,Morrowind
key_hanarai_assutlanipal,Small Key,key,Morrowind
key_hasphat_antabolis2,Small Key,key,Morrowind
key_keelraniur,Small Key,key,Morrowind
key_nileno_dorvayn,Small Key,key,Morrowind
key_ralen_hlaalo,Small Key,key,Morrowind
key_relien_rirne,Small Key,key,Morrowind
key_saetring,Small Key,key,Morrowind
TR_i3-702_key_small_chest,Small Key,key,TR_Mainland
TR_m1_Duchess_Key_01,Small Key,key,TR_Mainland
TR_m1_key_taaldrun,Small Key,key,TR_Mainland
TR_m3-284_key_Chest01,Small Key,key,TR_Mainland
TR_m3_Kha_10_Key,Small Key,key,TR_Mainland
TR_m4_HH_LloranKey,Small Key,key,TR_Mainland
mamaea quarters key,Small Shiny Key,key,Morrowind
TR_m2_key_smugeler_LN,Smuggler's Key,key,TR_Mainland
T_Com_ShellSnail_01,Snail Shell,shell,Tamriel_Data
T_Com_ShellSnail_02,Snail Shell,shell,Tamriel_Data
AB_Misc_Soap01,Soap,,OAAB_Data
T_Com_Soap_01,Soap,,Tamriel_Data
T_Com_Soap_02,Soap,,Tamriel_Data
T_Com_Soap_03,Soap,,Tamriel_Data
T_Com_Soap_04,Soap,,Tamriel_Data
T_Com_Soap_05,Soap,,Tamriel_Data
TR_m4_q_MG_SorusFlask,Sorus Davor's Flask,bottle,TR_Mainland
TR_m7_Narsis_KeySovor,Sovor Hlothan's Key,key,TR_Mainland
T_De_CardHortSpawn,Spawner,,Tamriel_Data
T_Dwe_Schematic02,Spider Centurion Schematics,,Tamriel_Data
T_Rga_Die_01,Spindie,,Tamriel_Data
T_Com_Sponge_01,Sponge,,Tamriel_Data
misc_spool_01,Spool,,Morrowind
AB_Misc_SpoolLaceDre01,Spool,,OAAB_Data
AB_Misc_SpoolLaceDre02,Spool,,OAAB_Data
AB_Misc_SpoolLaceEmpty,Spool,,OAAB_Data
AB_Misc_SpoolLaceHla01,Spool,,OAAB_Data
AB_Misc_SpoolLaceHla02,Spool,,OAAB_Data
AB_Misc_SpoolLaceInd1,Spool,,OAAB_Data
AB_Misc_SpoolLaceInd2,Spool,,OAAB_Data
AB_Misc_SpoolLaceRed01,Spool,,OAAB_Data
AB_Misc_SpoolLaceRed02,Spool,,OAAB_Data
AB_Misc_SpoolLaceTel01,Spool,,OAAB_Data
AB_Misc_SpoolLaceTel02,Spool,,OAAB_Data
TR_m1_Q50_GO2_FineThread,Spool of Fine Thread,,TR_Mainland
misc_com_wood_spoon_01,Spoon,spoon,Bloodmoon
misc_com_silverware_spoon,Spoon,spoon,Morrowind
misc_com_wood_spoon_01,Spoon,spoon,Morrowind
misc_com_wood_spoon_01_UNI1,Spoon,spoon,Morrowind
misc_com_wood_spoon_01_UNI2,Spoon,spoon,Morrowind
misc_com_wood_spoon_02,Spoon,spoon,Morrowind
AB_Misc_DeBlueSpoon_01,Spoon,spoon,OAAB_Data
T_Bre_WoodSpoon_01,Spoon,spoon,Tamriel_Data
T_Bre_WoodSpoon_02,Spoon,spoon,Tamriel_Data
T_Com_WoodSpoon_a01,Spoon,spoon,Tamriel_Data
T_Com_WoodSpoon_a02,Spoon,spoon,Tamriel_Data
T_Com_WoodSpoon_c01,Spoon,spoon,Tamriel_Data
T_Com_WoodSpoon_c02,Spoon,spoon,Tamriel_Data
T_De_BluewareSpoon01,Spoon,spoon,Tamriel_Data
T_Com_Spyglass01,Spyglass,,Tamriel_Data
T_Ayl_CoinSquare_01,Square Ayleid Coin,,Tamriel_Data
TR_m7_EEC_stinostorage,St. Ino's Storage Key ,key,TR_Mainland
key_olms_storage,St. Olms Storage Room Key,key,Morrowind
TR_m7_Othm_GovernorKey,Staff Quarters Key,key,TR_Mainland
AB_w_StalhrimArrow10x,Stalhrim Arrow (10),,OAAB_Data
key_arrile,Standard Key,key,Morrowind
key_draramu,Standard Key,key,Morrowind
key_gindrala,Standard Key,key,Morrowind
key_standard_01,Standard Key,key,Morrowind
key_standard_01_hassour zainsub,Standard Key,key,Morrowind
T_He_UNI_Startooth,Star Tooth,,Tamriel_Data
T_Dwe_Centurion_Helm_01,Steam Centurion Head,,Tamriel_Data
T_Dwe_Schematic01,Steam Centurion Schematics,,Tamriel_Data
T_Dwe_Centurion_Cuir_01,Steam Centurion Torso,,Tamriel_Data
AB_w_SteelArrow10x,Steel Arrow (10),,OAAB_Data
T_Com_MetalPieceSteel_01,Steel Ingot,,Tamriel_Data
T_Com_Key_29,Steel Key,key,Tamriel_Data
TR_key_i3-686-Cellar,Steel Key,key,TR_Mainland
TR_m2_i386_key2,Steel Key,key,TR_Mainland
TR_m2_ITO_HE_KeyLighthouse,Steel Key,key,TR_Mainland
TR_m2_key_i385,Steel Key,key,TR_Mainland
TR_m7_Narsis_KeyMHStewardQu,Steward's Quarters Key,key,TR_Mainland
T_Imp_Painting_Still_01,Still Life,,Tamriel_Data
T_Imp_Painting_Still_02,Still Life,,Tamriel_Data
T_Imp_Painting_Still_03,Still Life: Exploration,,Tamriel_Data
key_berandas,Stolen Key,key,Morrowind
AB_Misc_DwBust,Stone Dwemer Bust,,OAAB_Data
TR_m3_essstone_i3-128-ind,Stoneflower Essential Oil,,TR_Mainland
T_Bre_StonewareBowl_01,Stoneware Bowl,bowl,Tamriel_Data
T_Bre_StonewareBowl_02,Stoneware Bowl,bowl,Tamriel_Data
T_De_StonewareBowl_01,Stoneware Bowl,bowl,Tamriel_Data
T_De_StonewareBowl_02,Stoneware Bowl,bowl,Tamriel_Data
T_De_StonewareBowl_03,Stoneware Bowl,bowl,Tamriel_Data
T_Nor_StonewareBowl_01,Stoneware Bowl,bowl,Tamriel_Data
T_Yne_StoneBowl_01,Stoneware Bowl,bowl,Tamriel_Data
T_Yne_StoneBowl_02,Stoneware Bowl,bowl,Tamriel_Data
T_Yne_StoneBowl_03,Stoneware Bowl,bowl,Tamriel_Data
T_Yne_StoneChopstick,Stoneware Chopstick,,Tamriel_Data
T_Bre_StonewareCup_01,Stoneware Cup,cup,Tamriel_Data
T_Bre_StonewareCup_02,Stoneware Cup,cup,Tamriel_Data
T_De_StonewareCup_01,Stoneware Cup,cup,Tamriel_Data
T_De_StonewareCup_02,Stoneware Cup,cup,Tamriel_Data
T_Nor_StonewareCup_01,Stoneware Cup,cup,Tamriel_Data
T_Yne_StoneCup,Stoneware Cup,cup,Tamriel_Data
TR_m7_NVA3_De_StonewareCup_01,Stoneware Cup,cup,TR_Mainland
TR_m7_NVA4_De_StonewareCup_01,Stoneware Cup,cup,TR_Mainland
TR_m7_NVA5_De_StonewareCup_01,Stoneware Cup,cup,TR_Mainland
TR_m7_NVA6_De_StonewareCup_01,Stoneware Cup,cup,TR_Mainland
TR_m7_NVA8_De_StonewareCup_01,Stoneware Cup,cup,TR_Mainland
T_Bre_StonewareFlask_01,Stoneware Flask,bottle,Tamriel_Data
T_Nor_StonewareFlask_01,Stoneware Flask,bottle,Tamriel_Data
T_Bre_StonewareJar_01,Stoneware Jar,,Tamriel_Data
T_De_StonewareJug_01,Stoneware Jug,cup,Tamriel_Data
TR_misc_m2-450_staticjug,Stoneware Jug,cup,TR_Mainland
T_Yne_StoneKnife,Stoneware Knife,knife,Tamriel_Data
T_Yne_StoneLadle,Stoneware Ladle,ladle,Tamriel_Data
T_Bre_StonewarePitcher_01,Stoneware Pitcher,cup,Tamriel_Data
T_De_StonewarePitcher_01,Stoneware Pitcher,cup,Tamriel_Data
T_Nor_StonewarePitcher_01,Stoneware Pitcher,cup,Tamriel_Data
T_Yne_StonePitcher,Stoneware Pitcher,cup,Tamriel_Data
TR_m7_NVA3_StonewarePitcher_01,Stoneware Pitcher,cup,TR_Mainland
TR_m7_NVA5_StonewarePitcher_01,Stoneware Pitcher,cup,TR_Mainland
TR_m7_NVA8_StonewarePitcher_01,Stoneware Pitcher,cup,TR_Mainland
T_Bre_StonewarePlate_01,Stoneware Plate,plate,Tamriel_Data
T_De_StonewarePlate_01,Stoneware Plate,plate,Tamriel_Data
T_De_StonewarePlate_02,Stoneware Plate,plate,Tamriel_Data
T_De_StonewarePlate_03,Stoneware Plate,plate,Tamriel_Data
T_De_StonewarePlate_04,Stoneware Plate,plate,Tamriel_Data
T_De_StonewarePlate_05,Stoneware Plate,plate,Tamriel_Data
T_Nor_StonewarePlate_01,Stoneware Plate,plate,Tamriel_Data
T_Yne_StonePlate_01,Stoneware Plate,plate,Tamriel_Data
T_Yne_StonePlate_02,Stoneware Plate,plate,Tamriel_Data
TR_m7_AHPicnicPlate,Stoneware Plate,plate,TR_Mainland
TR_m7_NVA6_StonewarePlate_01,Stoneware Plate,plate,TR_Mainland
TR_m7_NVA8_De_StonewarePlate_01,Stoneware Plate,plate,TR_Mainland
T_Bre_StonewarePlatter_01,Stoneware Platter,,Tamriel_Data
T_De_StonewarePlatter_01,Stoneware Platter,,Tamriel_Data
T_Nor_StonewarePlatter_01,Stoneware Platter,,Tamriel_Data
T_Yne_StonePlatter,Stoneware Platter,,Tamriel_Data
T_De_StonewarePot_01,Stoneware Pot,pot,Tamriel_Data
T_De_StonewarePot_02,Stoneware Pot,pot,Tamriel_Data
T_De_StonewarePot_03,Stoneware Pot,pot,Tamriel_Data
T_Nor_StonewarePot_01,Stoneware Pot,pot,Tamriel_Data
T_Nor_StonewarePot_02,Stoneware Pot,pot,Tamriel_Data
TR_m7_NVA8_De_StonewarePot_01,Stoneware Pot,pot,TR_Mainland
T_Yne_StoneSpoon,Stoneware Spoon,spoon,Tamriel_Data
T_Bre_StonewareTeapot_01,Stoneware Teapot,teapot,Tamriel_Data
T_Yne_StoneTeapot,Stoneware Teapot,teapot,Tamriel_Data
T_Bre_StonewareVase_01,Stoneware Vase,,Tamriel_Data
T_Yne_StoneVase_01,Stoneware Vase,,Tamriel_Data
T_Yne_StoneVase_02,Stoneware Vase,,Tamriel_Data
key_drarayne_thelas,Storage Key,key,Morrowind
TR_m1_key_FW_storage_01,Storage Key,key,TR_Mainland
key_balmorag_tong_02,Storage Room Key,key,Morrowind
key_dulnea_ralaal,Storeroom Key,key,Morrowind
TR_m7_TV8_KT_Key,Storeroom Key,key,TR_Mainland
TR_m7_q_Ns_IC8_strangeRock,Strange Rock,,TR_Mainland
BM_Seeds_UNIQUE,Strange Seeds,key,Bloodmoon
TR_m3_OE_MG_StudyKey,Study Key,key,TR_Mainland
AB_Misc_SturgeonHead,Sturgeon Head,,OAAB_Data
T_De_Music_Sudahk,Sudahk,,Tamriel_Data
key_summoning_room,Summoning Room Key,key,Morrowind
TR_m4_AA_VelTower1_Key,Summoning Room Key,key,TR_Mainland
TR_m3_Sa_supplypackage,Supply Package,,TR_Mainland
TR_Omaynis5_key,Suramond's Trapdoor Key,key,TR_Mainland
key_suranslaves_01,Suran Slave Key,key,Morrowind
misc_6th_ash_hrcs,Suspicious Ash Statue,,Morrowind
TR_m7_Narsis_KeySuvryn,Suvryin Avani's Key,key,TR_Mainland
AB_Misc_BoneSkelArgTail,Tail,,OAAB_Data
AB_Misc_BoneSkelKhaTail,Tail,,OAAB_Data
TR_m3_AT_TailorsKey_1,Tailors and Dyers Hall Key,key,TR_Mainland
T_De_Music_Takuratum,Takuratum,,Tamriel_Data
TR_m7_Narsis_KeyTalama,Talama Vandram's Key,key,TR_Mainland
TR_m4_Bd_Talis_key,Talis Varalaryn's Key,key,TR_Mainland
TR_m7_TalmsBelethLute,Talms Beleth's Lute,,TR_Mainland
TR_m7_EEC_FakeWeight_01,Tampered Iron Weight,,TR_Mainland
TR_m7_EEC_FakeWeight_02,Tampered Iron Weight,,TR_Mainland
TR_m7_EEC_FakeWeight_03,Tampered Iron Weight,,TR_Mainland
TR_m7_EEC_FakeWeight_04,Tampered Iron Weight,,TR_Mainland
TR_m1_ITO_FW_KeyNavyBase_02,Tania Rautrine's Key,key,TR_Mainland
misc_com_tankard_01,Tankard,cup,Bloodmoon
misc_de_tankard_01,Tankard,cup,Bloodmoon
misc_com_tankard_01,Tankard,cup,Morrowind
misc_de_tankard_01,Tankard,cup,Morrowind
AB_Misc_ComWoodTankard,Tankard,cup,OAAB_Data
AB_Misc_DeBlueTankard_01,Tankard,cup,OAAB_Data
T_Bre_Tankard_01,Tankard,cup,Tamriel_Data
T_De_BluewareTankard01,Tankard,cup,Tamriel_Data
TR_m7_Narsis_KeyTannersMiners,Tanners and Miners Basement Key,key,TR_Mainland
TR_m3_key_whoever_i3-522,Tarnished Key,key,TR_Mainland
TR_m1_ITO_FW_KeyChapel,Tarom's Key,key,TR_Mainland
TR_m7_Narsis_KeyTashira,Tashira's Key,key,TR_Mainland
TR_AldIuval_AbndTavern_key,Tavern Key,key,TR_Mainland
AB_Misc_DeTeaBall_01,Tea Infuser,,OAAB_Data
T_He_TeaKnife_01,Tea Knife,knife,Tamriel_Data
T_He_TeaKnife_02,Tea Knife,knife,Tamriel_Data
AB_Misc_ComRedwareTeapot,Teapot,teapot,OAAB_Data
TR_m2_kmlz_Chef_Key2,Technician's Shaft Key,key,TR_Mainland
TR_m1_ITO_FW_KeyCollege04,Tedyne Llarom's Key,key,TR_Mainland
key_telaruhnslaves_01,Tel Aruhn Slave Key,key,Morrowind
key_telbranoraslaves_01,Tel Branora Slave Key,key,Morrowind
TR_m1_key_tomb_i62,Tel Darys Tomb Key,key,TR_Mainland
TR_m2_ITO_HE_KeyEggMine,Tel Gilan Eggmine Key,key,TR_Mainland
TR_m2_key_gilan_tower,Tel Gilan Tower Slave Key,key,TR_Mainland
TR_m2_main_key_i393,Tel Mothrivra Armory Key,key,TR_Mainland
TR_m2_prison_key_i393,Tel Mothrivra Jail Key,key,TR_Mainland
TR_m1_ITO_AL_KeyTelRivus,Tel Rivus Key,key,TR_Mainland
key_telvosjailslaves_01,Tel Vos Jail Slave Key,key,Morrowind
index_telas,Telasero Propylon Index,,Morrowind
T_De_Index_Teloseras,Teloseras Propylon Index,,Tamriel_Data
TR_m7_key_teloseras_vault,Teloseras Vault Key,key,TR_Mainland
TR_m3_AT_Key_Teloth,Teloth Manor Key,key,TR_Mainland
TR_m3_AT_key_DorviSlave,Teloth Slave Key,key,TR_Mainland
T_De_CardHortTel_02,Telvanni Broker: Wizard,,Tamriel_Data
T_De_CardMiscTel_02,Telvanni Broker: Wizard,,Tamriel_Data
key_vivectelvannislaves_01,Telvanni Canalworks Slave Key,key,Morrowind
key_vivec_telvanni_cell,Telvanni Compound Cell Key,key,Morrowind
T_De_CardHortTel_05,Telvanni Craftsman: Alchemist,,Tamriel_Data
T_De_CardMiscTel_05,Telvanni Craftsman: Alchemist,,Tamriel_Data
T_De_CardHortTel_06,Telvanni Laborer: Dust Adept,,Tamriel_Data
T_De_CardMiscTel_06,Telvanni Laborer: Dust Adept,,Tamriel_Data
TR_m2_key_TelvLib,Telvanni Library key,key,TR_Mainland
T_De_CardHortTel_01,Telvanni Noble: Magister,,Tamriel_Data
T_De_CardMiscTel_01,Telvanni Noble: Magister,,Tamriel_Data
T_De_CardHortTel_03,Telvanni Servant: Enchanter,,Tamriel_Data
T_De_CardMiscTel_03,Telvanni Servant: Enchanter,,Tamriel_Data
T_De_TelvanniTankard_01,Telvanni Tankard,cup,Tamriel_Data
key_tvault,Telvanni Vault Key,key,Morrowind
T_De_CardHortTel_04,Telvanni Warrior: Guard,,Tamriel_Data
T_De_CardMiscTel_04,Telvanni Warrior: Guard,,Tamriel_Data
TR_m1_key_Q_Niv_Lish,TEM Ghostrunner Chest Key,key,TR_Mainland
TR_m3_OE_GalleonKey,TEM Princess Morgiah Key,key,TR_Mainland
TR_m4_TT_TempleCofferKey,Temple Coffers Key,key,TR_Mainland
key_temple_01,Temple Key,key,Morrowind
TR_m7_armiger_Vault_Key,Temple Vaults Key,key,TR_Mainland
TR_m7_Narsis_KeyFGSteward,Teris Vandenius' Key,key,TR_Mainland
TR_m7_AI_KeyRyalas,Tervur Ryalas' Key,key,TR_Mainland
TR_m7_SM_key_TestSubject,Test Subject Cell Key,key,TR_Mainland
T_TestSkull,Testing Skull,,Tamriel_Data
TR_m4_key_teynleuchtturm,Teyn Lighthouse Basement Key,key,TR_Mainland
key_Tharys_chest,Tharys chest key,key,Morrowind
TR_m3_Kha_Anguish_Crux,The Anguished Crux,,TR_Mainland
T_Imp_Painting_UNI_Music,The Creation of Music,,Tamriel_Data
TR_NecMQ_RingletDestroyer,The Destroyer's Ringlet,,TR_Mainland
TR_m4_key_GuarWithNoName,The Guar With No Name Key,key,TR_Mainland
misc_argonianhead_01,The Head Of Scourge,,Bloodmoon
misc_argonianhead_01,The Head Of Scourge,,Morrowind
T_De_Painting_Tel_08,The Hive,,Tamriel_Data
T_Imp_Painting_Cyrod,The Imperial City,,Tamriel_Data
AB_Misc_ComCard01,The Journey,,OAAB_Data
T_Imp_Card_01,The Journey,,Tamriel_Data
TR_NecMQ_RingletMadman,The Madman's Ringlet,,TR_Mainland
T_Imp_Painting_Merc,The Mercenary's Payment,,Tamriel_Data
AB_Misc_ComCard06,The Morning,,OAAB_Data
T_Imp_Card_06,The Morning,,Tamriel_Data
T_Imp_Painting_Moth,The Mothship,,Tamriel_Data
T_Imp_Painting_Pilgrim,The Old Pilgrim,,Tamriel_Data
TR_NecMQ_RingletOutcast,The Outcast's Ringlet,,TR_Mainland
T_De_Painting_UNI_Bald,The Proconsul,,Tamriel_Data
T_Imp_Painting_Marukh,The Prophet at Work,,Tamriel_Data
TR_NecMQ_RingletSchemer,The Schemer's Ringlet,,TR_Mainland
T_Imp_Painting_UNI_Shoal,The Shoals of Septimia,,Tamriel_Data
T_Imp_Painting_UNI_Taming,The Taming of Morrowind,,Tamriel_Data
T_Imp_Painting_UNI_Warp,The Warp in the West,,Tamriel_Data
AB_Misc_ComCard03,The Wheel,,OAAB_Data
T_Imp_Card_03,The Wheel,,Tamriel_Data
TR_i-238_KEY_01,Thelaro Chapels Key,key,TR_Mainland
TR_i-238_KEY_02,Thelaro Family Tombs Key,key,TR_Mainland
TR_i-238_KEY_03,Thelaro Maintenance Key,key,TR_Mainland
key_Thelas_chest,Thelas chest key,key,Morrowind
TR_m7_Number_Room_Key_01,Theologians' Key,key,TR_Mainland
TR_m1_ITO_FW_KeyCollege06,Theraile Salerne's Key,key,TR_Mainland
TR_m1_ITO_FW_KeyTheran,Theran Arlethi's Key,key,TR_Mainland
TR_m7_ThevasFarmKey,Thevas Farm Key,key,TR_Mainland
T_Com_Key_13,Thick Brass Key,key,Tamriel_Data
TR_m3_key_i3-581,Thick Brass Key,key,TR_Mainland
T_Com_Key_26,Thick Iron Key,key,Tamriel_Data
T_Com_Key_32,Thick Steel Key,key,Tamriel_Data
TR_m3_OE_TG_HideoutKey,Thieves' Guild Hideout Key,key,TR_Mainland
AB_Mus_DeLuteThin,Thin Lute,,OAAB_Data
T_Com_Key_07,Thin Steel Key,key,Tamriel_Data
TR_m2_231_key_guardtower,Thin Steel Key,key,TR_Mainland
TR_m4-321_Key,Thin Steel Key,key,TR_Mainland
TR_m4_key_AndothrenMT,Thin Steel Key,key,TR_Mainland
TR_m7_KeyThirithFarm,Thirith Farm Key,key,TR_Mainland
TR_m7_AM_q_QuestBoatKey,Thirrine Lily Deck Key,key,TR_Mainland
TR_m3_ThirstySaint_Key1,Thirsty Saint Key,key,TR_Mainland
key_thorek,Thorek's Key,key,Morrowind
TR_m7_Ns_FG_8_ButchLeash,Thresher Leash,,TR_Mainland
T_Imp_Painting_Thresvy,Thresvy Sunset,,Tamriel_Data
TR_m7_Narsis_KeyThrolof,Throlof's Key,key,TR_Mainland
TR_m1_ITO_FW_KeyDustmoth01,Thromil's Key,key,TR_Mainland
TR_m7_HK_key_tiger_prison,Tiger Hall Prison Key,key,TR_Mainland
TR_m3_esstimsa_i3-128-ind,Timsa Essential Oil,,TR_Mainland
T_Com_Key_02,Tin Key,key,Tamriel_Data
TR_m7_HK_key_tollhouse,Tollhouse Key,key,TR_Mainland
TR_m2_231_key_Tomaril,Tomaril Family Key,key,TR_Mainland
key_falas tomb keepers_2,Tomb Door Key,key,Morrowind
key_gen_tomb,Tomb Door Key,key,Morrowind
TR_m3_Kha_7_Tomb_Key,Tomb Door Key,key,TR_Mainland
T_Rga_HookahTongs_01,Tongs,,Tamriel_Data
TR_m4-92_key_storage,Torasa Fols' Storage Key,key,TR_Mainland
TR_m4-92_key_doors,Torasa Fols's House Key,key,TR_Mainland
TR_m1_ITO_FW_KeyTorbald,Torbald Green-Hull's Key,key,TR_Mainland
AB_Misc_BoneSkelTorso,Torso,,OAAB_Data
TR_m2_key_torvel,Torvel Manor Slave Key,key,TR_Mainland
Misc_BM_ClawFang_UNIQUE,Totem of Claw and Fang,,Bloodmoon
AB_Misc_ComTowelBlack01,Towel,,OAAB_Data
AB_Misc_ComTowelBlack02,Towel,,OAAB_Data
AB_Misc_ComTowelBlue01,Towel,,OAAB_Data
AB_Misc_ComTowelBlue02,Towel,,OAAB_Data
AB_Misc_ComTowelBrown01,Towel,,OAAB_Data
AB_Misc_ComTowelBrown02,Towel,,OAAB_Data
AB_Misc_ComTowelBurgy01,Towel,,OAAB_Data
AB_Misc_ComTowelBurgy02,Towel,,OAAB_Data
AB_Misc_ComTowelGreen01,Towel,,OAAB_Data
AB_Misc_ComTowelGreen02,Towel,,OAAB_Data
AB_Misc_ComTowelWhite01,Towel,,OAAB_Data
AB_Misc_ComTowelWhite02,Towel,,OAAB_Data
T_He_Painting_Cloud,Tower Near Cloudrest,,Tamriel_Data
key_dawnvault,Tower of Dawn Vault Key,key,Morrowind
key_duskvault,Tower of Dusk Vault Key,key,Morrowind
T_De_ToyGuar_01,Toy Guar,,Tamriel_Data
TR_m4_FG_CliffracerWhistle,Training Whistle,,TR_Mainland
TR_m3_q_TheRiftKey3,Transpontine Circumpenetrations,key,TR_Mainland
TR_m4_TJ_SpireKey,Trapdoor Key,key,TR_Mainland
T_Com_LanternEmpty_01,Travel Lantern,,Tamriel_Data
T_Com_WoodTray_a01,Tray,,Tamriel_Data
T_De_Tray_01,Tray,,Tamriel_Data
TR_m7_AHPicnicTray,Tray,,TR_Mainland
TR_m3_OE_PalaceVaultKey01,Treasure Chamber Key,key,TR_Mainland
T_Imp_UNI_ArmisticeTreaty,Treaty of the Armistice,,Tamriel_Data
TR_m3_OE_CuriaVaultArmisticeCl,Treaty of the Armistice,key,TR_Mainland
TR_m3_OE_CuriaVaultArmisticeSc,Treaty of the Armistice,,TR_Mainland
TR_m3_tremelanit_key,Tremelanit Slave Key,key,TR_Mainland
TR_m4_Bd_Treram_key,Treram Varalaryn's Key,key,TR_Mainland
TR_m7_AI_KeyVeloren,Treras Veloren's Key,key,TR_Mainland
T_Imp_UNI_Anvil_Crown,Trident and Dolphin Crown,,Tamriel_Data
AB_Misc_CoinTriune,Triune Coin,,OAAB_Data
AB_Misc_CoinTriune10,Triune Coin (10),,OAAB_Data
AB_Misc_CoinTriune100,Triune Coin (100),,OAAB_Data
T_Bre_Tub_01,Tub,,Tamriel_Data
T_Rga_HookahTubing_01,Tubing,,Tamriel_Data
T_Rga_HookahTubing_02,Tubing,,Tamriel_Data
T_Rga_HookahTubing_03,Tubing,,Tamriel_Data
TR_m4_Bd_Tuls_key,Tuls Varalaryn's Key,key,TR_Mainland
TR_m4_Tur Julan_3_Key,Tur Julan Cell Key,key,TR_Mainland
TR_m4_key_Tur_Julan_Sanctum,Tur Julan Invocation Hall Key,key,TR_Mainland
T_De_Index_Turendas,Turendas Propylon Index,,Tamriel_Data
TR_m4_Bd_Tuvenie_key,Tuvenie Mels' Key,key,TR_Mainland
key_tuvesobeleth_01,Tuveso Beleth's Key,key,Morrowind
TR_m7_Uddanu_KeyTower,Uddanu Key,key,TR_Mainland
TR_m7_Uddanu_KeySlave,Uddanu Slave Key,key,TR_Mainland
TR_m7_Ns_MovingHouseSkull,Uhammaku's Skull,,TR_Mainland
TR_m4_TT_VathriPipe,Ulmon's Hackle-Lo Pipe,,TR_Mainland
TR_m7_Othm_UlomKey,Ulom Residence Key,key,TR_Mainland
TR_m7_Narsis_KeyUlveni,Ulveni Salavel's Key,key,TR_Mainland
key_ulvil,Ulvil's Key,key,Morrowind
TR_m7_Narsis_KeyUlvini,Ulvini Balen's Key,key,TR_Mainland
T_De_PanScribPie_02,Unbaked Scrib Pie,,Tamriel_Data
misc_wraithguard_no_equip,Unique Dwemer Artifact,,Morrowind
T_De_CardHortEmpty,Unknown Card,,Tamriel_Data
T_De_CardMiscEmpty,Unknown Card,,Tamriel_Data
TR_m2_kmlz_Mfug_Key,Unmarked Dwemer Key,key,TR_Mainland
AB_Misc_BoneSkelLegUpperL.1,Upper Left Leg,,OAAB_Data
AB_Misc_BoneSkelLegUpperL,Upper Left Leg,,OAAB_Data
key_rvaults1,Upper Redoran Vault Key,key,Morrowind
AB_Misc_BoneSkelLegUpperR.1,Upper Right Leg,,OAAB_Data
AB_Misc_BoneSkelLegUpperR,Upper Right Leg,,OAAB_Data
TR_m1_ITO_FW_KeyBarrister,Urelan Daranith's Key,key,TR_Mainland
T_De_Urn_01,Urn,,Tamriel_Data
T_De_Urn_02,Urn,,Tamriel_Data
TR_NecMQ_UrnDestroyer,Urn,,TR_Mainland
TR_m7_Narsis_KeyUveleth,Uveleth Residence Key,key,TR_Mainland
TR_m7_KeyVadarynSlave,Vadaryn Plantation Slave Key,key,TR_Mainland
TR_m7_KeyVadarynVault,Vadaryn Plantation Vault Key,key,TR_Mainland
T_De_Index_Valandus,Valandus Propylon Index,,Tamriel_Data
index_valen,Valenvaryon Propylon Index,,Morrowind
TR_m7_Narsis_KeyValeru,Valeru Surendil's Key,key,TR_Mainland
TR_m7_Narsis_KeyHuntsman,Valiant Huntsman Key,key,TR_Mainland
TR_m4_AA_Cave_02_Door_01,Valubi Key,key,TR_Mainland
T_Com_SkullVampire_01,Vampire Skull,,Tamriel_Data
T_Com_SkullVampire_02,Vampire Skull,,Tamriel_Data
TR_m7_Vandir_KeyEntrance,Vandirelyon Entrance Key,key,TR_Mainland
T_De_Index_Vandirelyon,Vandirelyon Propylon Index,,Tamriel_Data
TR_m7_Vandir_Key_2,Vandirelyon Slave Key,key,TR_Mainland
TR_m7_Narsis_KeyVandus,Vandus Farm Slave Key,key,TR_Mainland
TR_m7_Narsis_KeyDrath,Vaniken Drath's Key,key,TR_Mainland
TR_m1_ITO_FW_KeyVantus02,Vantus Manor Key,key,TR_Mainland
TR_m1_ITO_FW_KeyVantus01,Vantus Mine Key,key,TR_Mainland
T_Ayl_VarlaInv_01,Varla Stone,,Tamriel_Data
TR_m7_Varla_MalaTor,Varla Stone of Seared Bindings,,TR_Mainland
misc_com_redware_vase,Vase,,Morrowind
AB_Misc_DeBlueVase_01,Vase,,OAAB_Data
T_De_BluewareVase01,Vase,,Tamriel_Data
TR_m3-266_misc_staticvase,Vase,,TR_Mainland
TR_misc_m3-689_staticvase,Vase,,TR_Mainland
TR_m7_Narsis_KeyEECVasni,Vasni's Key,key,TR_Mainland
TR_m4_key_vathras_manor,Vathras Manor Key,key,TR_Mainland
TR_m4_key_vathras_slave,Vathras Plantation Slave Key,key,TR_Mainland
TR_m7_IndomaranoVaultStairKey,Vault First Stairwell Key,key,TR_Mainland
TR_m7_IndomaranoVaultEntryKey,Vault Second Stairwell Key,key,TR_Mainland
TR_m7_Narsis_KeyVaultsWalls,Vaults-The-Wall's Key,key,TR_Mainland
TR_m1_ITO_FW_KeySewersVQ,Vaynth Quarter Safehouse Key,key,TR_Mainland
TR_m7_Vedas_KeyPlantation,Vedas Plantation Key,key,TR_Mainland
TR_m7_Vedas_KeySlave,Vedas Plantation Slave Key,key,TR_Mainland
TR_m7_Vedas_KeyWarehouse,Vedas Warehouse Key,key,TR_Mainland
TR_m7_KeyVedraluFarm,Vedralu Farm Key,key,TR_Mainland
TR_m7_KeyVedranoSlave,Vedrano Slave Key,key,TR_Mainland
TR_m7_Narsis_KeyVelothiTower,Velothi Tower Key,key,TR_Mainland
T_Imp_PillowVelvetRed_01,Velvet Pillow,,Tamriel_Data
T_Com_Key_20,Venim Key,key,Tamriel_Data
key_venimmanor,Venim Manor Key,key,Morrowind
TR_i3-743_VereKey,Veremmu Gate Key,key,TR_Mainland
TR_i3-743_VereKey3,Veremmu Major Chest Key,key,TR_Mainland
TR_i3-743_VereKey2,Veremmu Minor Chest Key,key,TR_Mainland
TR_m7_HK_key_hound,Vermilion Hound Key,key,TR_Mainland
TR_m4_Key_VermiVendicciManor,Vermilius Vendicci's Manor Key,key,TR_Mainland
TR_i3-789-Ind_Key,Vhul Tradehouse Key,key,TR_Mainland
AB_Misc_InkVial,Vial of Ink,,OAAB_Data
T_Com_InkVial_01,Vial of Ink,,Tamriel_Data
TR_m7_Narsis_KeyVilms,Vilms Guralim's Key,key,TR_Mainland
TR_m4_TG_VilungilKey,Vilungil's Key,key,TR_Mainland
TR_m7_KeyVirdad,Virdad Key,key,TR_Mainland
TR_m7_OW_KeyVirian,Virian Farmhouse Key,key,TR_Mainland
misc_vivec_ashmask_01,Vivec Ashmask,,Morrowind
misc_vivec_ashmask_01_fake,Vivec Ashmask,,Morrowind
TR_m7_Narsis_KeyMHVizierQu,Vizier's Quarters Key,key,TR_Mainland
T_De_Index_Volenfaryon,Volenfaryon Propylon Index,,Tamriel_Data
TR_m4_key_Vf_slave,Volenfaryon Slave Key,key,TR_Mainland
key_volrina_01,Volrina Quarra's Key,key,Morrowind
TR_m4_i4-95_key_chest,Vonos Arendas' Key,key,TR_Mainland
key_vorarhelas,Vorar Helas' Key,key,Morrowind
TR_m3_AT_Key_Vralf,Vralf's House Key,key,TR_Mainland
TR_m7_sad_key_vulam,Vulam Tellenith's Key,key,TR_Mainland
TR_m3_AT_MiddleArmorerKey_1,Vulunith Storage and Smithy Key,key,TR_Mainland
TR_m2_Key_HeCounc,Vyhlathri's Key,key,TR_Mainland
T_De_Index_Vyndismaren,Vyndismaren Propylon Index,,Tamriel_Data
TR_m4_vys-assanud_key,Vys-Assanud Master Key,key,TR_Mainland
TR_m7_Narsis74_cells,Warehouse Cell Key,key,TR_Mainland
Key_SN_Warehouse,Warehouse Key,key,Morrowind
TR_m2_key_i1-77-tri,Warehouse Key,key,TR_Mainland
TR_m7_Narsis_KeyWFHideoutCell,Waterfront Sewers Cell Key,key,TR_Mainland
TR_m7_Narsis_KeyWFHideout,Waterfront Sewers Hideout Key,key,TR_Mainland
BM_waterlife_UNIQUE1,Waters of Life,,Bloodmoon
AB_Misc_Waterskin,Waterskin,,OAAB_Data
T_De_Waterskin_01,Waterskin,,Tamriel_Data
TR_Yamandalkal_key,Weathered Key,key,TR_Mainland
TR_m4_Ando_MG_WeirGateLens,Weir Gate Focus Lens,,TR_Mainland
T_Ayl_WelkyndInv_01,Welkynd Stone,,Tamriel_Data
T_De_Wickwheat_01,Wheat Bundle,,Tamriel_Data
AB_Misc_ComNineholesPinWhite,White Nine-holes Pin,,OAAB_Data
T_Imp_NineholesPin_02,White Nine-holes Pin,,Tamriel_Data
T_Imp_PlayNineholesPinW_01a,White Nine-holes Pin,,Tamriel_Data
T_Imp_PlayNineholesPinW_01b,White Nine-holes Pin,,Tamriel_Data
T_Imp_PlayNineholesPinW_01c,White Nine-holes Pin,,Tamriel_Data
T_Imp_PlayNineholesPinW_02a,White Nine-holes Pin,,Tamriel_Data
T_Imp_PlayNineholesPinW_02b,White Nine-holes Pin,,Tamriel_Data
T_Imp_PlayNineholesPinW_02c,White Nine-holes Pin,,Tamriel_Data
T_Imp_PlayNineholesPinW_03a,White Nine-holes Pin,,Tamriel_Data
T_Imp_PlayNineholesPinW_03b,White Nine-holes Pin,,Tamriel_Data
T_Imp_PlayNineholesPinW_03c,White Nine-holes Pin,,Tamriel_Data
T_He_WickerMat_01,Wicker Mat,,Tamriel_Data
AB_Misc_Flour,Wickwheat Flour,,OAAB_Data
key_widow_vabdas,Widow Vabdas' Key,key,Morrowind
T_Com_WoodClamp_01,Wood Clamp,,Tamriel_Data
AB_Misc_WoodSaw,Wood Saw,,OAAB_Data
AB_Misc_BallWoodBrown,Wooden Ball,,OAAB_Data
AB_Misc_BallWoodRed,Wooden Ball,,OAAB_Data
T_Com_BallWoodBrown,Wooden Ball,,Tamriel_Data
T_Com_BallWoodRed,Wooden Ball,,Tamriel_Data
T_Arg_WoodenBowl_01,Wooden Bowl,bowl,Tamriel_Data
T_Arg_WoodenBowl_02,Wooden Bowl,bowl,Tamriel_Data
T_Arg_WoodenBowl_03,Wooden Bowl,bowl,Tamriel_Data
T_Nor_WoodenBowl_01a,Wooden Bowl,bowl,Tamriel_Data
T_Nor_WoodenBowl_01b,Wooden Bowl,bowl,Tamriel_Data
T_Nor_WoodenBowl_02a,Wooden Bowl,bowl,Tamriel_Data
T_Nor_WoodenBowl_02b,Wooden Bowl,bowl,Tamriel_Data
T_Nor_WoodenBowl_03a,Wooden Bowl,bowl,Tamriel_Data
T_Nor_WoodenBowl_03b,Wooden Bowl,bowl,Tamriel_Data
T_Nor_WoodenBowl_04a,Wooden Bowl,bowl,Tamriel_Data
T_Nor_WoodenBowl_04b,Wooden Bowl,bowl,Tamriel_Data
T_Rga_WoodBowl_01,Wooden Bowl,bowl,Tamriel_Data
T_Rga_WoodBowl_02,Wooden Bowl,bowl,Tamriel_Data
T_Rga_WoodBowl_03,Wooden Bowl,bowl,Tamriel_Data
T_Yne_WoodenBowl_01,Wooden Bowl,bowl,Tamriel_Data
T_Yne_WoodenBowl_02,Wooden Bowl,bowl,Tamriel_Data
T_Yne_WoodenBowl_03,Wooden Bowl,bowl,Tamriel_Data
T_Yne_WoodenChopstick_01,Wooden Chopstick,,Tamriel_Data
T_Arg_WoodenCup_01,Wooden Cup,cup,Tamriel_Data
T_Arg_WoodenCup_02,Wooden Cup,cup,Tamriel_Data
T_Arg_WoodenCup_03,Wooden Cup,cup,Tamriel_Data
T_Com_WoodenCup_01,Wooden Cup,cup,Tamriel_Data
T_Nor_WoodenCup_01,Wooden Cup,cup,Tamriel_Data
T_Rga_WoodCup_01,Wooden Cup,cup,Tamriel_Data
T_Rga_WoodCup_02,Wooden Cup,cup,Tamriel_Data
T_Rga_WoodCup_03,Wooden Cup,cup,Tamriel_Data
T_Yne_WoodenCup_01,Wooden Cup,cup,Tamriel_Data
T_Arg_WoodenFlask_01,Wooden Flask,bottle,Tamriel_Data
T_Rga_WoodFlask_01,Wooden Flask,bottle,Tamriel_Data
T_Arg_WoodenFork_01,Wooden Fork,fork,Tamriel_Data
T_Nor_WoodenFork_01a,Wooden Fork,fork,Tamriel_Data
T_Nor_WoodenFork_01b,Wooden Fork,fork,Tamriel_Data
T_Nor_WoodenFork_02a,Wooden Fork,fork,Tamriel_Data
T_Nor_WoodenFork_02b,Wooden Fork,fork,Tamriel_Data
T_Rga_WoodCutlery_01,Wooden Fork,fork,Tamriel_Data
T_Nor_WoodenGoblet_01a,Wooden Goblet,cup,Tamriel_Data
T_Nor_WoodenGoblet_01b,Wooden Goblet,cup,Tamriel_Data
T_Nor_WoodenGoblet_01c,Wooden Goblet,cup,Tamriel_Data
T_Nor_WoodenGoblet_02a,Wooden Goblet,cup,Tamriel_Data
T_Nor_WoodenGoblet_02b,Wooden Goblet,cup,Tamriel_Data
T_Nor_WoodenGoblet_03a,Wooden Goblet,cup,Tamriel_Data
T_Nor_WoodenGoblet_03b,Wooden Goblet,cup,Tamriel_Data
T_Nor_WoodenGoblet_04a,Wooden Goblet,cup,Tamriel_Data
T_Nor_WoodenGoblet_04b,Wooden Goblet,cup,Tamriel_Data
T_De_WoodenGuar_01,Wooden Guar,,Tamriel_Data
T_Arg_WoodenJar_01,Wooden Jar,,Tamriel_Data
T_De_WoodenKagouti_01,Wooden Kagouti,,Tamriel_Data
T_Arg_WoodenKettle_01,Wooden Kettle,,Tamriel_Data
T_Arg_WoodenKnife_01,Wooden Knife,knife,Tamriel_Data
T_Nor_WoodenKnife_01a,Wooden Knife,knife,Tamriel_Data
T_Nor_WoodenKnife_01b,Wooden Knife,knife,Tamriel_Data
T_Nor_WoodenKnife_02a,Wooden Knife,knife,Tamriel_Data
T_Nor_WoodenKnife_02b,Wooden Knife,knife,Tamriel_Data
T_Rga_WoodCutlery_03,Wooden Knife,knife,Tamriel_Data
T_Yne_WoodenKnife_01,Wooden Knife,knife,Tamriel_Data
T_Arg_WoodenLadle_01,Wooden Ladle,ladle,Tamriel_Data
T_Yne_WoodenLadle_01,Wooden Ladle,ladle,Tamriel_Data
T_Bre_WoodLanternEmpty_01,Wooden Lantern,,Tamriel_Data
T_Arg_WoodenMatRolled_01,Wooden Mat,,Tamriel_Data
T_Arg_WoodenMat_01,Wooden Mat,,Tamriel_Data
T_Nor_WoodenTankard_01a,Wooden Mug,,Tamriel_Data
T_Nor_WoodenTankard_01b,Wooden Mug,,Tamriel_Data
T_Arg_WoodenPitcher_01,Wooden Pitcher,cup,Tamriel_Data
T_Yne_WoodenPitcher_01,Wooden Pitcher,cup,Tamriel_Data
T_Arg_WoodenPlate_01,Wooden Plate,plate,Tamriel_Data
T_Nor_WoodenPlate_01a,Wooden Plate,plate,Tamriel_Data
T_Nor_WoodenPlate_01b,Wooden Plate,plate,Tamriel_Data
T_Nor_WoodenPlate_02a,Wooden Plate,plate,Tamriel_Data
T_Nor_WoodenPlate_02b,Wooden Plate,plate,Tamriel_Data
T_Nor_WoodenPlate_03a,Wooden Plate,plate,Tamriel_Data
T_Nor_WoodenPlate_03b,Wooden Plate,plate,Tamriel_Data
T_Rga_WoodPlate_01,Wooden Plate,plate,Tamriel_Data
T_Rga_WoodPlate_02,Wooden Plate,plate,Tamriel_Data
T_Rga_WoodPlate_03,Wooden Plate,plate,Tamriel_Data
T_Yne_WoodenPlate_01,Wooden Plate,plate,Tamriel_Data
T_Yne_WoodenPlate_02,Wooden Plate,plate,Tamriel_Data
T_Arg_WoodenPlatter_01,Wooden Platter,,Tamriel_Data
T_Arg_WoodenPlatter_02,Wooden Platter,,Tamriel_Data
T_Rga_WoodPlatter_03,Wooden Platter,,Tamriel_Data
T_Yne_WoodenPlatter_01,Wooden Platter,,Tamriel_Data
T_Arg_WoodenPot_01,Wooden Pot,pot,Tamriel_Data
T_Nor_WoodenPot_01a,Wooden Pot,pot,Tamriel_Data
T_Nor_WoodenPot_01b,Wooden Pot,pot,Tamriel_Data
T_Nor_WoodenPot_02a,Wooden Pot,pot,Tamriel_Data
T_Nor_WoodenPot_02b,Wooden Pot,pot,Tamriel_Data
T_Nor_WoodenPot_03a,Wooden Pot,pot,Tamriel_Data
T_Nor_WoodenPot_03b,Wooden Pot,pot,Tamriel_Data
T_Yne_WoodenPot_01,Wooden Pot,pot,Tamriel_Data
T_De_WoodenScrib_01,Wooden Scrib,,Tamriel_Data
T_Arg_WoodenSpoon_01,Wooden Spoon,spoon,Tamriel_Data
T_Nor_WoodenSpoon_01a,Wooden Spoon,spoon,Tamriel_Data
T_Nor_WoodenSpoon_01b,Wooden Spoon,spoon,Tamriel_Data
T_Nor_WoodenSpoon_02a,Wooden Spoon,spoon,Tamriel_Data
T_Nor_WoodenSpoon_02b,Wooden Spoon,spoon,Tamriel_Data
T_Nor_WoodenSpoon_03a,Wooden Spoon,spoon,Tamriel_Data
T_Nor_WoodenSpoon_03b,Wooden Spoon,spoon,Tamriel_Data
T_Nor_WoodenSpoon_04a,Wooden Spoon,spoon,Tamriel_Data
T_Nor_WoodenSpoon_04b,Wooden Spoon,spoon,Tamriel_Data
T_Rga_WoodCutlery_02,Wooden Spoon,spoon,Tamriel_Data
T_Yne_WoodenSpoon_01,Wooden Spoon,spoon,Tamriel_Data
T_Yne_WoodenTeapot_01,Wooden Teapot,teapot,Tamriel_Data
TR_m3_q_OE_tokenwood,Wooden Token,,TR_Mainland
T_Nor_PillowWool_01,Woolen Pillow,,Tamriel_Data
key_impcomsecrdoor,Worn Imperial Key,key,Morrowind
TR_m3_ET17_CensusChest_Key,Worn Imperial Key,key,TR_Mainland
TR_i3-762_Key_Chest,Worn Iron Key,key,TR_Mainland
key_farusea_salas,Worn Key,key,Morrowind
key_fedar,Worn Key,key,Morrowind
key_FQT,Worn Key,key,Morrowind
key_obscure_alit_warren,Worn Key,key,Morrowind
key_Palansour,Worn Key,key,Morrowind
TR_m7_MoonshinerShiratar,Worn Shiratar,,TR_Mainland
AB_Key_Junk,Worthless Old Key,key,OAAB_Data
TR_m7_Narsis_KeyXastos,Xastos Evorissia's Key,key,TR_Mainland
key_yagram,Yagrum's Key,key,Morrowind
key_yakanalitslaves_01,Yakanalit Slave Key,key,Morrowind
TR_m4-476_key,Yanashpi Slave Key,key,TR_Mainland
T_De_Index_Yandaran,Yandaran Propylon Index,,Tamriel_Data
TR_m7_Yandaran_KeyUnderground,Yandaran Underground Key,key,TR_Mainland
TR_m7_Yandaran_KeyVault,Yandaran Vault Key,key,TR_Mainland
TR_m7_KeyYansumanmusSlaves,Yansumanmus Mine Save Key,key,TR_Mainland
TR_m1_Q_Yashazmus_KEY,Yashazmus Slave Key,key,TR_Mainland
misc_de_glass_yellow_01,Yellow Glass ,,Morrowind
misc_de_bowl_glass_yellow_01,Yellow Glass Bowl,bowl,Bloodmoon
misc_de_bowl_glass_yellow_01,Yellow Glass Bowl,bowl,Morrowind
AB_Misc_DeYelGlassBowl_01,Yellow Glass Bowl,bowl,OAAB_Data
T_De_YellowGlassBowl01,Yellow Glass Bowl,bowl,Tamriel_Data
AB_Misc_DeYelGlassCup_01,Yellow Glass Cup,cup,OAAB_Data
T_De_YellowGlassCup01,Yellow Glass Cup,cup,Tamriel_Data
AB_Misc_DeYelGlassFlask_01,Yellow Glass Flask,bottle,OAAB_Data
T_De_YellowGlassFlask01,Yellow Glass Flask,bottle,Tamriel_Data
AB_Misc_DeYelGlassPlate_01,Yellow Glass Plate,plate,OAAB_Data
AB_Misc_DeYelGlassPot_01,Yellow Glass Pot,pot,OAAB_Data
T_De_YellowGlassPot01,Yellow Glass Pot,pot,Tamriel_Data
T_Com_PaintpotY_01,Yellow Paint Pot,pot,Tamriel_Data
T_Com_PaintpotY_02,Yellow Paint Pot,pot,Tamriel_Data
T_Com_TileYellow_01,Yellow Tile,,Tamriel_Data
key_yinglingbasement,Yngling Manor Basement Key,key,Morrowind
T_Imp_Painting_Rihad,Young Woman from Rihad,,Tamriel_Data
key_zainsipiluslaves_01,Zainsipilu Slave Key,key,Morrowind
TR_m1_EEC_ZarenPack,Zaren's Package,,TR_Mainland
TR_m2_ITO_HE_KeyZBC02,ZBC Dock Key,key,TR_Mainland
TR_m2_ITO_HE_KeyZBC03,ZBC Staff Key,key,TR_Mainland
TR_m2_ITO_HE_KeyZBC04,ZBC Vault Key,key,TR_Mainland
key_zebabislaves_01,Zebabi Slave Key,key,Morrowind
TR_m4_key_zeddan_slave,Zeddan Slave Key,key,TR_Mainland
TR_m7_Narsis_KeyZenChapel,Zenithar Chapel Key,key,TR_Mainland
TR_m7_TV_KeyZernitalDome,Zernital Dome Key,key,TR_Mainland
TR_m7_TV_KeyZernitalPrison,Zernital Prison Key,key,TR_Mainland
TR_m7_sad_key_zhirasha,Zhirasha's Room Key,key,TR_Mainland
TR_m7_Narsis_KeyC&ECutter,Zirconia Brig Key,key,TR_Mainland
TR_m3_ZymelKaazSoulGem,Zymel Kaaz's Soul Gem,,TR_Mainland
