icon,record_type,id,name,mesh,plugin
m\Tx_BeerBarrel.dds,Alchemy,potion_nord_mead,Nord Mead,m\BeerBarrel.NIF,Morrowind/Bloodmoon
m\Tx_fabricant_elixir.dds,Alchemy,hulking_fabricant_elixir,Hulking Fabricant Elixir,m\Misc_Fabricant_Elixir.NIF,Morrowind/Tribunal
m\Tx_fabricant_elixir.dds,Alchemy,p_Imperfect_Elixir,Elixir of the Imperfect,m\Misc_Fabricant_Elixir.NIF,Morrowind/Tribunal
m\Tx_fabricant_elixir.dds,Alchemy,verminous_fabricant_elixir,Verminous Fabricant Elixir,m\Misc_Fabricant_Elixir.NIF,Morrowind/Tribunal
m\Tx_potion_bargain_01.tga,Alchemy,p_burden_b,Bargain Potion of Burden,m\Misc_Potion_Bargain_01.nif,Morrowind
m\Tx_potion_bargain_01.tga,Alchemy,p_chameleon_b,Bargain Potion of Shadow,m\Misc_Potion_Bargain_01.nif,Morrowind
m\Tx_potion_bargain_01.tga,Alchemy,p_disease_resistance_b,Bargain Disease Resistance,m\Misc_Potion_Bargain_01.nif,Morrowind
m\Tx_potion_bargain_01.tga,Alchemy,p_feather_b,Bargain Potion of Feather,m\Misc_Potion_Bargain_01.nif,Morrowind
m\Tx_potion_bargain_01.tga,Alchemy,p_fire_resistance_b,Bargain Fire Resistance,m\Misc_Potion_Bargain_01.nif,Morrowind
m\Tx_potion_bargain_01.tga,Alchemy,p_fire_shield_b,Bargain Potion of Fire Shield,m\Misc_Potion_Bargain_01.nif,Morrowind
m\Tx_potion_bargain_01.tga,Alchemy,p_fortify_agility_b,Bargain Fortify Agility,m\Misc_Potion_Bargain_01.nif,Morrowind
m\Tx_potion_bargain_01.tga,Alchemy,p_fortify_endurance_b,Bargain Fortify Endurance,m\Misc_Potion_Bargain_01.nif,Morrowind
m\Tx_potion_bargain_01.tga,Alchemy,p_fortify_fatigue_b,Bargain Fortify Fatigue,m\Misc_Potion_Bargain_01.nif,Morrowind
m\Tx_potion_bargain_01.tga,Alchemy,p_fortify_health_b,Bargain Fortify Health Potion,m\Misc_Potion_Bargain_01.nif,Morrowind
m\Tx_potion_bargain_01.tga,Alchemy,p_fortify_intelligence_b,Bargain Fortify Intelligence,m\Misc_Potion_Bargain_01.nif,Morrowind
m\Tx_potion_bargain_01.tga,Alchemy,p_fortify_luck_b,Bargain Potion of Fortify Luck,m\Misc_Potion_Bargain_01.nif,Morrowind
m\Tx_potion_bargain_01.tga,Alchemy,p_fortify_magicka_b,Bargain Fortify Magicka,m\Misc_Potion_Bargain_01.nif,Morrowind
m\Tx_potion_bargain_01.tga,Alchemy,p_fortify_personality_b,Bargain Fortify Personality,m\Misc_Potion_Bargain_01.nif,Morrowind
m\Tx_potion_bargain_01.tga,Alchemy,p_fortify_speed_b,Bargain Potion of Fortify Speed,m\Misc_Potion_Bargain_01.nif,Morrowind
m\Tx_potion_bargain_01.tga,Alchemy,p_fortify_strength_b,Bargain Fortify Strength,m\Misc_Potion_Bargain_01.nif,Morrowind
m\Tx_potion_bargain_01.tga,Alchemy,p_fortify_willpower_b,Bargain Fortify Willpower,m\Misc_Potion_Bargain_01.nif,Morrowind
m\Tx_potion_bargain_01.tga,Alchemy,p_frost_resistance_b,Bargain Frost Resistance,m\Misc_Potion_Bargain_01.nif,Morrowind
m\Tx_potion_bargain_01.tga,Alchemy,p_frost_shield_b,Bargain Potion of Frost Shield,m\Misc_Potion_Bargain_01.nif,Morrowind
m\Tx_potion_bargain_01.tga,Alchemy,p_invisibility_b,Bargain Potion of Invisibility,m\Misc_Potion_Bargain_01.nif,Morrowind
m\Tx_potion_bargain_01.tga,Alchemy,p_jump_b,Bargain Potion of Jump,m\Misc_Potion_Bargain_01.nif,Morrowind
m\Tx_potion_bargain_01.tga,Alchemy,p_levitation_b,Bargain Rising Force Potion,m\Misc_Potion_Bargain_01.nif,Morrowind
m\Tx_potion_bargain_01.tga,Alchemy,p_light_b,Bargain Potion of Light,m\Misc_Potion_Bargain_01.nif,Morrowind
m\Tx_potion_bargain_01.tga,Alchemy,p_lightning shield_b,Bargain Lightning Shield,m\Misc_Potion_Bargain_01.nif,Morrowind
m\Tx_potion_bargain_01.tga,Alchemy,p_magicka_resistance_b,Bargain Magicka Resistance,m\Misc_Potion_Bargain_01.nif,Morrowind
m\Tx_potion_bargain_01.tga,Alchemy,p_night-eye_b,Bargain Potion of Night-Eye,m\Misc_Potion_Bargain_01.nif,Morrowind
m\Tx_potion_bargain_01.tga,Alchemy,p_paralyze_b,Bargain Potion of Paralyze,m\Misc_Potion_Bargain_01.nif,Morrowind
m\Tx_potion_bargain_01.tga,Alchemy,p_poison_resistance_b,Bargain Poison Resistance,m\Misc_Potion_Bargain_01.nif,Morrowind
m\Tx_potion_bargain_01.tga,Alchemy,p_reflection_b,Bargain Potion of Reflection,m\Misc_Potion_Bargain_01.nif,Morrowind
m\Tx_potion_bargain_01.tga,Alchemy,p_restore_agility_b,Bargain Restore Agility,m\Misc_Potion_Bargain_01.nif,Morrowind
m\Tx_potion_bargain_01.tga,Alchemy,p_restore_endurance_b,Bargain Restore Endurance,m\Misc_Potion_Bargain_01.nif,Morrowind
m\Tx_potion_bargain_01.tga,Alchemy,p_restore_fatigue_b,Bargain Restore Fatigue,m\Misc_Potion_Bargain_01.nif,Morrowind
m\Tx_potion_bargain_01.tga,Alchemy,p_restore_health_b,Bargain Restore Health,m\Misc_Potion_Bargain_01.nif,Morrowind
m\Tx_potion_bargain_01.tga,Alchemy,p_restore_intelligence_b,Bargain Restore Intelligence,m\Misc_Potion_Bargain_01.nif,Morrowind
m\Tx_potion_bargain_01.tga,Alchemy,p_restore_luck_b,Bargain Restore Luck,m\Misc_Potion_Bargain_01.nif,Morrowind
m\Tx_potion_bargain_01.tga,Alchemy,p_restore_magicka_b,Bargain Restore Magicka,m\Misc_Potion_Bargain_01.nif,Morrowind
m\Tx_potion_bargain_01.tga,Alchemy,p_restore_personality_b,Bargain Restore Personality,m\Misc_Potion_Bargain_01.nif,Morrowind
m\Tx_potion_bargain_01.tga,Alchemy,p_restore_speed_b,Bargain Restore Speed,m\Misc_Potion_Bargain_01.nif,Morrowind
m\Tx_potion_bargain_01.tga,Alchemy,p_restore_strength_b,Bargain Restore Strength,m\Misc_Potion_Bargain_01.nif,Morrowind
m\Tx_potion_bargain_01.tga,Alchemy,p_restore_willpower_b,Bargain Restore Willpower,m\Misc_Potion_Bargain_01.nif,Morrowind
m\Tx_potion_bargain_01.tga,Alchemy,p_shock_resistance_b,Bargain Shock Resistance,m\Misc_Potion_Bargain_01.nif,Morrowind
m\Tx_potion_bargain_01.tga,Alchemy,p_silence_b,Bargain Potion of Silence,m\Misc_Potion_Bargain_01.nif,Morrowind
m\Tx_potion_bargain_01.tga,Alchemy,p_spell_absorption_b,Bargain Spell Absorption,m\Misc_Potion_Bargain_01.nif,Morrowind
m\Tx_potion_bargain_01.tga,Alchemy,p_swift_swim_b,Bargain Potion of Swift Swim,m\Misc_Potion_Bargain_01.nif,Morrowind
m\Tx_potion_cheap_01.tga,Alchemy,p_burden_c,Cheap Potion of Burden,m\Misc_Potion_Cheap_01.nif,Morrowind
m\Tx_potion_cheap_01.tga,Alchemy,p_chameleon_c,Cheap Potion of Shadow,m\Misc_Potion_Cheap_01.nif,Morrowind
m\Tx_potion_cheap_01.tga,Alchemy,p_disease_resistance_c,Cheap Disease Resistance,m\Misc_Potion_Cheap_01.nif,Morrowind
m\Tx_potion_cheap_01.tga,Alchemy,p_feather_c,Cheap Potion of Feather,m\Misc_Potion_Cheap_01.nif,Morrowind
m\Tx_potion_cheap_01.tga,Alchemy,p_fire_resistance_c,Cheap Fire Resistance,m\Misc_Potion_Cheap_01.nif,Morrowind
m\Tx_potion_cheap_01.tga,Alchemy,p_fire_shield_c,Cheap Potion of Fire Shield,m\Misc_Potion_Cheap_01.nif,Morrowind
m\Tx_potion_cheap_01.tga,Alchemy,p_fortify_agility_c,Cheap Fortify Agility,m\Misc_Potion_Cheap_01.nif,Morrowind
m\Tx_potion_cheap_01.tga,Alchemy,p_fortify_endurance_c,Cheap Fortify Endurance,m\Misc_Potion_Cheap_01.nif,Morrowind
m\Tx_potion_cheap_01.tga,Alchemy,p_fortify_fatigue_c,Cheap Fortify Fatigue,m\Misc_Potion_Cheap_01.nif,Morrowind
m\Tx_potion_cheap_01.tga,Alchemy,p_fortify_health_c,Cheap Potion of Fortify Health,m\Misc_Potion_Cheap_01.nif,Morrowind
m\Tx_potion_cheap_01.tga,Alchemy,p_fortify_intelligence_c,Cheap Fortify Intelligence,m\Misc_Potion_Cheap_01.nif,Morrowind
m\Tx_potion_cheap_01.tga,Alchemy,p_fortify_luck_c,Cheap Potion of Fortify Luck,m\Misc_Potion_Cheap_01.nif,Morrowind
m\Tx_potion_cheap_01.tga,Alchemy,p_fortify_magicka_c,Cheap Potion of Fortify Magicka,m\Misc_Potion_Cheap_01.nif,Morrowind
m\Tx_potion_cheap_01.tga,Alchemy,p_fortify_personality_c,Cheap Fortify Personality,m\Misc_Potion_Cheap_01.nif,Morrowind
m\Tx_potion_cheap_01.tga,Alchemy,p_fortify_speed_c,Cheap Potion of Fortify Speed,m\Misc_Potion_Cheap_01.nif,Morrowind
m\Tx_potion_cheap_01.tga,Alchemy,p_fortify_strength_c,Cheap Fortify Strength,m\Misc_Potion_Cheap_01.nif,Morrowind
m\Tx_potion_cheap_01.tga,Alchemy,p_fortify_willpower_c,Cheap Fortify Willpower,m\Misc_Potion_Cheap_01.nif,Morrowind
m\Tx_potion_cheap_01.tga,Alchemy,p_frost_resistance_c,Cheap Frost Resistance,m\Misc_Potion_Cheap_01.nif,Morrowind
m\Tx_potion_cheap_01.tga,Alchemy,p_frost_shield_c,Cheap Potion of Frost Shield,m\Misc_Potion_Cheap_01.nif,Morrowind
m\Tx_potion_cheap_01.tga,Alchemy,p_invisibility_c,Cheap Potion of Invisibility,m\Misc_Potion_Cheap_01.nif,Morrowind
m\Tx_potion_cheap_01.tga,Alchemy,p_jump_c,Cheap Potion of Jump,m\Misc_Potion_Cheap_01.nif,Morrowind
m\Tx_potion_cheap_01.tga,Alchemy,p_levitation_c,Cheap Rising Force Potion,m\Misc_Potion_Cheap_01.nif,Morrowind
m\Tx_potion_cheap_01.tga,Alchemy,p_light_c,Cheap Potion of Light,m\Misc_Potion_Cheap_01.nif,Morrowind
m\Tx_potion_cheap_01.tga,Alchemy,p_lightning shield_c,Cheap Lightning Shield,m\Misc_Potion_Cheap_01.nif,Morrowind
m\Tx_potion_cheap_01.tga,Alchemy,p_magicka_resistance_c,Cheap Magicka Resistance,m\Misc_Potion_Cheap_01.nif,Morrowind
m\Tx_potion_cheap_01.tga,Alchemy,p_night-eye_c,Cheap Potion of Night-Eye,m\Misc_Potion_Cheap_01.nif,Morrowind
m\Tx_potion_cheap_01.tga,Alchemy,p_paralyze_c,Cheap Potion of Paralyze,m\Misc_Potion_Cheap_01.nif,Morrowind
m\Tx_potion_cheap_01.tga,Alchemy,p_poison_resistance_c,Cheap Poison Resistance,m\Misc_Potion_Cheap_01.nif,Morrowind
m\Tx_potion_cheap_01.tga,Alchemy,p_reflection_c,Cheap Potion of Reflection,m\Misc_Potion_Cheap_01.nif,Morrowind
m\Tx_potion_cheap_01.tga,Alchemy,p_restore_agility_c,Cheap Restore Agility,m\Misc_Potion_Cheap_01.nif,Morrowind
m\Tx_potion_cheap_01.tga,Alchemy,p_restore_endurance_c,Cheap Restore Endurance,m\Misc_Potion_Cheap_01.nif,Morrowind
m\Tx_potion_cheap_01.tga,Alchemy,p_restore_fatigue_c,Cheap Restore Fatigue,m\Misc_Potion_Cheap_01.nif,Morrowind
m\Tx_potion_cheap_01.tga,Alchemy,p_restore_health_c,Cheap Restore Health,m\Misc_Potion_Cheap_01.nif,Morrowind
m\Tx_potion_cheap_01.tga,Alchemy,p_restore_intelligence_c,Cheap Restore Intelligence,m\Misc_Potion_Cheap_01.nif,Morrowind
m\Tx_potion_cheap_01.tga,Alchemy,p_restore_luck_c,Cheap Restore Luck,m\Misc_Potion_Cheap_01.nif,Morrowind
m\Tx_potion_cheap_01.tga,Alchemy,p_restore_magicka_c,Cheap Restore Magicka,m\Misc_Potion_Cheap_01.nif,Morrowind
m\Tx_potion_cheap_01.tga,Alchemy,p_restore_personality_c,Cheap Restore Personality,m\Misc_Potion_Cheap_01.nif,Morrowind
m\Tx_potion_cheap_01.tga,Alchemy,p_restore_speed_c,Cheap Restore Speed,m\Misc_Potion_Cheap_01.nif,Morrowind
m\Tx_potion_cheap_01.tga,Alchemy,p_restore_strength_c,Cheap Restore Strength,m\Misc_Potion_Cheap_01.nif,Morrowind
m\Tx_potion_cheap_01.tga,Alchemy,p_restore_willpower_c,Cheap Restore Willpower,m\Misc_Potion_Cheap_01.nif,Morrowind
m\Tx_potion_cheap_01.tga,Alchemy,p_shock_resistance_c,Cheap Shock Resistance,m\Misc_Potion_Cheap_01.nif,Morrowind
m\Tx_potion_cheap_01.tga,Alchemy,p_silence_c,Cheap Potion of Silence,m\Misc_Potion_Cheap_01.nif,Morrowind
m\Tx_potion_cheap_01.tga,Alchemy,p_spell_absorption_c,Cheap Spell Absorption,m\Misc_Potion_Cheap_01.nif,Morrowind
m\Tx_potion_cheap_01.tga,Alchemy,p_swift_swim_c,Cheap Potion of Swift Swim,m\Misc_Potion_Cheap_01.nif,Morrowind
m\Tx_potion_exclusive_01.tga,Alchemy,p_burden_e,Exclusive Potion of Burden,m\Misc_Potion_Exclusive_01.nif,Morrowind
m\Tx_potion_exclusive_01.tga,Alchemy,p_chameleon_e,Exclusive Potion of Shadow,m\Misc_Potion_Exclusive_01.nif,Morrowind
m\Tx_potion_exclusive_01.tga,Alchemy,p_disease_resistance_e,Exclusive Disease Resistance,m\Misc_Potion_Exclusive_01.nif,Morrowind
m\Tx_potion_exclusive_01.tga,Alchemy,p_feather_e,Exclusive Potion of Feather,m\Misc_Potion_Exclusive_01.nif,Morrowind
m\Tx_potion_exclusive_01.tga,Alchemy,p_fire_resistance_e,Exclusive Fire Resistance,m\Misc_Potion_Exclusive_01.nif,Morrowind
m\Tx_potion_exclusive_01.tga,Alchemy,p_fire_shield_e,Exclusive Potion of Fire Shield,m\Misc_Potion_Exclusive_01.nif,Morrowind
m\Tx_potion_exclusive_01.tga,Alchemy,p_fortify_agility_e,Exclusive Fortify Agility,m\Misc_Potion_Exclusive_01.nif,Morrowind
m\Tx_potion_exclusive_01.tga,Alchemy,p_fortify_attack_e,Exclusive Fortify Attack,m\Misc_Potion_Exclusive_01.nif,Morrowind
m\Tx_potion_exclusive_01.tga,Alchemy,p_fortify_endurance_e,Exclusive Fortify Endurance,m\Misc_Potion_Exclusive_01.nif,Morrowind
m\Tx_potion_exclusive_01.tga,Alchemy,p_fortify_fatigue_e,Exclusive Fortify Fatigue,m\Misc_Potion_Exclusive_01.nif,Morrowind
m\Tx_potion_exclusive_01.tga,Alchemy,p_fortify_health_e,Exclusive Fortify Health,m\Misc_Potion_Exclusive_01.nif,Morrowind
m\Tx_potion_exclusive_01.tga,Alchemy,p_fortify_intelligence_e,Exclusive Fortify Intelligence,m\Misc_Potion_Exclusive_01.nif,Morrowind
m\Tx_potion_exclusive_01.tga,Alchemy,p_fortify_luck_e,Exclusive Fortify Luck,m\Misc_Potion_Exclusive_01.nif,Morrowind
m\Tx_potion_exclusive_01.tga,Alchemy,p_fortify_magicka_e,Exclusive Fortify Magicka,m\Misc_Potion_Exclusive_01.nif,Morrowind
m\Tx_potion_exclusive_01.tga,Alchemy,p_fortify_personality_e,Exclusive Fortify Personality,m\Misc_Potion_Exclusive_01.nif,Morrowind
m\Tx_potion_exclusive_01.tga,Alchemy,p_fortify_speed_e,Exclusive Fortify Speed,m\Misc_Potion_Exclusive_01.nif,Morrowind
m\Tx_potion_exclusive_01.tga,Alchemy,p_fortify_strength_e,Exclusive Fortify Strength,m\Misc_Potion_Exclusive_01.nif,Morrowind
m\Tx_potion_exclusive_01.tga,Alchemy,p_fortify_willpower_e,Exclusive Fortify Willpower,m\Misc_Potion_Exclusive_01.nif,Morrowind
m\Tx_potion_exclusive_01.tga,Alchemy,p_frost_resistance_e,Exclusive Frost Resistance,m\Misc_Potion_Exclusive_01.nif,Morrowind
m\Tx_potion_exclusive_01.tga,Alchemy,p_frost_shield_e,Exclusive Frost Shield,m\Misc_Potion_Exclusive_01.nif,Morrowind
m\Tx_potion_exclusive_01.tga,Alchemy,p_heroism_s,Potion of Heroism,m\Misc_Potion_Exclusive_01.nif,Morrowind
m\Tx_potion_exclusive_01.tga,Alchemy,p_invisibility_e,Exclusive Invisibility,m\Misc_Potion_Exclusive_01.nif,Morrowind
m\Tx_potion_exclusive_01.tga,Alchemy,p_jump_e,Exclusive Potion of Jump,m\Misc_Potion_Exclusive_01.nif,Morrowind
m\Tx_potion_exclusive_01.tga,Alchemy,p_levitation_e,Exclusive Rising Force Potion,m\Misc_Potion_Exclusive_01.nif,Morrowind
m\Tx_potion_exclusive_01.tga,Alchemy,p_light_e,Exclusive Potion of Light,m\Misc_Potion_Exclusive_01.nif,Morrowind
m\Tx_potion_exclusive_01.tga,Alchemy,p_lightning shield_e,Exclusive Lightning Shield,m\Misc_Potion_Exclusive_01.nif,Morrowind
m\Tx_potion_exclusive_01.tga,Alchemy,p_magicka_resistance_e,Exclusive Magicka Resistance,m\Misc_Potion_Exclusive_01.nif,Morrowind
m\Tx_potion_exclusive_01.tga,Alchemy,p_night-eye_e,Exclusive Potion of Night-Eye,m\Misc_Potion_Exclusive_01.nif,Morrowind
m\Tx_potion_exclusive_01.tga,Alchemy,p_paralyze_e,Exclusive Potion of Paralyze,m\Misc_Potion_Exclusive_01.nif,Morrowind
m\Tx_potion_exclusive_01.tga,Alchemy,p_poison_resistance_e,Exclusive Poison Resistance,m\Misc_Potion_Exclusive_01.nif,Morrowind
m\Tx_potion_exclusive_01.tga,Alchemy,p_quarrablood_UNIQUE,Blood of the Quarra Masters,m\Misc_Potion_Exclusive_01.nif,Morrowind
m\Tx_potion_exclusive_01.tga,Alchemy,p_reflection_e,Exclusive Potion of Reflection,m\Misc_Potion_Exclusive_01.nif,Morrowind
m\Tx_potion_exclusive_01.tga,Alchemy,p_restore_agility_e,Exclusive Restore Agility,m\Misc_Potion_Exclusive_01.nif,Morrowind
m\Tx_potion_exclusive_01.tga,Alchemy,p_restore_endurance_e,Exclusive Restore Endurance,m\Misc_Potion_Exclusive_01.nif,Morrowind
m\Tx_potion_exclusive_01.tga,Alchemy,p_restore_fatigue_e,Exclusive Restore Fatigue,m\Misc_Potion_Exclusive_01.nif,Morrowind
m\Tx_potion_exclusive_01.tga,Alchemy,p_restore_health_e,Exclusive Restore Health,m\Misc_Potion_Exclusive_01.nif,Morrowind
m\Tx_potion_exclusive_01.tga,Alchemy,p_restore_intelligence_e,Exclusive Restore Intelligence,m\Misc_Potion_Exclusive_01.nif,Morrowind
m\Tx_potion_exclusive_01.tga,Alchemy,p_restore_luck_e,Exclusive Restore Luck,m\Misc_Potion_Exclusive_01.nif,Morrowind
m\Tx_potion_exclusive_01.tga,Alchemy,p_restore_magicka_e,Exclusive Restore Magicka,m\Misc_Potion_Exclusive_01.nif,Morrowind
m\Tx_potion_exclusive_01.tga,Alchemy,p_restore_personality_e,Exclusive Restore Personality,m\Misc_Potion_Exclusive_01.nif,Morrowind
m\Tx_potion_exclusive_01.tga,Alchemy,p_restore_speed_e,Exclusive Restore Speed,m\Misc_Potion_Exclusive_01.nif,Morrowind
m\Tx_potion_exclusive_01.tga,Alchemy,p_restore_strength_e,Exclusive Restore Strength,m\Misc_Potion_Exclusive_01.nif,Morrowind
m\Tx_potion_exclusive_01.tga,Alchemy,p_restore_willpower_e,Exclusive Restore Willpower,m\Misc_Potion_Exclusive_01.nif,Morrowind
m\Tx_potion_exclusive_01.tga,Alchemy,p_shock_resistance_e,Exclusive Shock Resistance,m\Misc_Potion_Exclusive_01.nif,Morrowind
m\Tx_potion_exclusive_01.tga,Alchemy,p_silence_e,Exclusive Potion of Silence,m\Misc_Potion_Exclusive_01.nif,Morrowind
m\Tx_potion_exclusive_01.tga,Alchemy,p_sinyaramen_UNIQUE,Sinyaramen's Potion,m\Misc_Potion_Exclusive_01.nif,Morrowind
m\Tx_potion_exclusive_01.tga,Alchemy,p_spell_absorption_e,Exclusive Spell Absorption,m\Misc_Potion_Exclusive_01.nif,Morrowind
m\Tx_potion_exclusive_01.tga,Alchemy,p_swift_swim_e,Exclusive Potion of Swift Swim,m\Misc_Potion_Exclusive_01.nif,Morrowind
m\Tx_potion_fresh_01.tga,Alchemy,p_almsivi_intervention_s,Potion of Fool's Luck,m\Misc_Potion_Fresh_01.nif,Morrowind
m\Tx_potion_fresh_01.tga,Alchemy,p_cure_blight_s,Potion of Cure Blight Disease,m\Misc_Potion_Fresh_01.nif,Morrowind
m\Tx_potion_fresh_01.tga,Alchemy,p_cure_common_s,Potion of Cure Common Disease,m\Misc_Potion_Fresh_01.nif,Morrowind
m\Tx_potion_fresh_01.tga,Alchemy,p_cure_common_unique,Trebonius' Potion of Curing,m\Misc_Potion_Fresh_01.nif,Morrowind
m\Tx_potion_fresh_01.tga,Alchemy,p_cure_paralyzation_s,Potion of Cure Paralyzation,m\Misc_Potion_Fresh_01.nif,Morrowind
m\Tx_potion_fresh_01.tga,Alchemy,p_cure_poison_s,Potion of Cure Poison,m\Misc_Potion_Fresh_01.nif,Morrowind
m\Tx_potion_fresh_01.tga,Alchemy,p_detect_creatures_s,Potion of Detect Creatures,m\Misc_Potion_Fresh_01.nif,Morrowind
m\Tx_potion_fresh_01.tga,Alchemy,p_detect_enchantment_s,Potion of Detect Enchantments,m\Misc_Potion_Fresh_01.nif,Morrowind
m\Tx_potion_fresh_01.tga,Alchemy,p_detect_key_s,Potion of Detect Key,m\Misc_Potion_Fresh_01.nif,Morrowind
m\Tx_potion_fresh_01.tga,Alchemy,p_dispel_s,Potion of Dispel,m\Misc_Potion_Fresh_01.nif,Morrowind
m\Tx_potion_fresh_01.tga,Alchemy,p_mark_s,Potion of Marking,m\Misc_Potion_Fresh_01.nif,Morrowind
m\Tx_potion_fresh_01.tga,Alchemy,p_recall_s,Potion of Recall,m\Misc_Potion_Fresh_01.nif,Morrowind
m\Tx_potion_fresh_01.tga,Alchemy,p_slowfall_s,Potion of Slowfalling,m\Misc_Potion_Fresh_01.nif,Morrowind
m\Tx_potion_fresh_01.tga,Alchemy,p_telekinesis_s,Potion of Telekinesis,m\Misc_Potion_Fresh_01.nif,Morrowind
m\Tx_potion_fresh_01.tga,Alchemy,p_water_breathing_s,Potion of Water Breathing,m\Misc_Potion_Fresh_01.nif,Morrowind
m\Tx_potion_fresh_01.tga,Alchemy,p_water_walking_s,Potion of Water Walking,m\Misc_Potion_Fresh_01.nif,Morrowind
m\Tx_potion_quality_01.tga,Alchemy,P_Levitation_Q,Quality Rising Force Potion,m\Misc_Potion_Quality_01.nif,Morrowind
m\Tx_potion_quality_01.tga,Alchemy,p_burden_q,Quality Potion of Burden,m\Misc_Potion_Quality_01.nif,Morrowind
m\Tx_potion_quality_01.tga,Alchemy,p_chameleon_q,Quality Potion of Shadow,m\Misc_Potion_Quality_01.nif,Morrowind
m\Tx_potion_quality_01.tga,Alchemy,p_disease_resistance_q,Quality Disease Resistance,m\Misc_Potion_Quality_01.nif,Morrowind
m\Tx_potion_quality_01.tga,Alchemy,p_drain willpower_q,Spoiled Cure Disease Potion,m\Misc_Potion_Quality_01.nif,Morrowind
m\Tx_potion_quality_01.tga,Alchemy,p_drain_agility_q,Spoiled SlowFall Potion,m\Misc_Potion_Quality_01.nif,Morrowind
m\Tx_potion_quality_01.tga,Alchemy,p_drain_endurance_q,Spoiled SlowFall Potion,m\Misc_Potion_Quality_01.nif,Morrowind
m\Tx_potion_quality_01.tga,Alchemy,p_drain_intelligence_q,Spoiled Potion of Swift Swim,m\Misc_Potion_Quality_01.nif,Morrowind
m\Tx_potion_quality_01.tga,Alchemy,p_drain_luck_q,Spoiled Cure Disease Potion,m\Misc_Potion_Quality_01.nif,Morrowind
m\Tx_potion_quality_01.tga,Alchemy,p_drain_magicka_q,Spoiled Cure Poison Potion,m\Misc_Potion_Quality_01.nif,Morrowind
m\Tx_potion_quality_01.tga,Alchemy,p_drain_personality_q,Spoiled Potion of Swift Swim,m\Misc_Potion_Quality_01.nif,Morrowind
m\Tx_potion_quality_01.tga,Alchemy,p_drain_speed_q,Spoiled Cure Poison Potion,m\Misc_Potion_Quality_01.nif,Morrowind
m\Tx_potion_quality_01.tga,Alchemy,p_drain_strength_q,Spoiled Cure Disease Potion,m\Misc_Potion_Quality_01.nif,Morrowind
m\Tx_potion_quality_01.tga,Alchemy,p_feather_q,Quality Potion of Feather,m\Misc_Potion_Quality_01.nif,Morrowind
m\Tx_potion_quality_01.tga,Alchemy,p_fire_resistance_q,Quality Fire Resistance,m\Misc_Potion_Quality_01.nif,Morrowind
m\Tx_potion_quality_01.tga,Alchemy,p_fire_shield_q,Quality Potion of Fire Shield,m\Misc_Potion_Quality_01.nif,Morrowind
m\Tx_potion_quality_01.tga,Alchemy,p_fortify_agility_q,Quality Fortify Agility,m\Misc_Potion_Quality_01.nif,Morrowind
m\Tx_potion_quality_01.tga,Alchemy,p_fortify_endurance_q,Quality Fortify Endurance,m\Misc_Potion_Quality_01.nif,Morrowind
m\Tx_potion_quality_01.tga,Alchemy,p_fortify_fatigue_q,Quality Fortify Fatigue,m\Misc_Potion_Quality_01.nif,Morrowind
m\Tx_potion_quality_01.tga,Alchemy,p_fortify_health_q,Quality Fortify Health,m\Misc_Potion_Quality_01.nif,Morrowind
m\Tx_potion_quality_01.tga,Alchemy,p_fortify_intelligence_q,Quality Fortify Intelligence,m\Misc_Potion_Quality_01.nif,Morrowind
m\Tx_potion_quality_01.tga,Alchemy,p_fortify_luck_q,Quality Potion of Fortify Luck,m\Misc_Potion_Quality_01.nif,Morrowind
m\Tx_potion_quality_01.tga,Alchemy,p_fortify_magicka_q,Quality Fortify Magicka,m\Misc_Potion_Quality_01.nif,Morrowind
m\Tx_potion_quality_01.tga,Alchemy,p_fortify_personality_q,Quality Fortify Personality,m\Misc_Potion_Quality_01.nif,Morrowind
m\Tx_potion_quality_01.tga,Alchemy,p_fortify_speed_q,Quality Potion of Fortify Speed,m\Misc_Potion_Quality_01.nif,Morrowind
m\Tx_potion_quality_01.tga,Alchemy,p_fortify_strength_q,Quality Fortify Strength,m\Misc_Potion_Quality_01.nif,Morrowind
m\Tx_potion_quality_01.tga,Alchemy,p_fortify_willpower_q,Quality Fortify Willpower,m\Misc_Potion_Quality_01.nif,Morrowind
m\Tx_potion_quality_01.tga,Alchemy,p_frost_resistance_q,Quality Frost Resistance,m\Misc_Potion_Quality_01.nif,Morrowind
m\Tx_potion_quality_01.tga,Alchemy,p_frost_shield_q,Quality Frost Shield,m\Misc_Potion_Quality_01.nif,Morrowind
m\Tx_potion_quality_01.tga,Alchemy,p_invisibility_q,Quality Potion of Invisibility,m\Misc_Potion_Quality_01.nif,Morrowind
m\Tx_potion_quality_01.tga,Alchemy,p_jump_q,Quality Potion of Jump,m\Misc_Potion_Quality_01.nif,Morrowind
m\Tx_potion_quality_01.tga,Alchemy,p_light_q,Quality Potion of Light,m\Misc_Potion_Quality_01.nif,Morrowind
m\Tx_potion_quality_01.tga,Alchemy,p_lightning shield_q,Quality Lightning Shield,m\Misc_Potion_Quality_01.nif,Morrowind
m\Tx_potion_quality_01.tga,Alchemy,p_magicka_resistance_q,Quality Magicka Resistance,m\Misc_Potion_Quality_01.nif,Morrowind
m\Tx_potion_quality_01.tga,Alchemy,p_night-eye_q,Quality Potion of Night-Eye,m\Misc_Potion_Quality_01.nif,Morrowind
m\Tx_potion_quality_01.tga,Alchemy,p_paralyze_q,Quality Potion of Paralyze,m\Misc_Potion_Quality_01.nif,Morrowind
m\Tx_potion_quality_01.tga,Alchemy,p_poison_resistance_q,Quality Poison Resistance,m\Misc_Potion_Quality_01.nif,Morrowind
m\Tx_potion_quality_01.tga,Alchemy,p_reflection_q,Quality Potion of Reflection,m\Misc_Potion_Quality_01.nif,Morrowind
m\Tx_potion_quality_01.tga,Alchemy,p_restore_agility_q,Quality Restore Agility,m\Misc_Potion_Quality_01.nif,Morrowind
m\Tx_potion_quality_01.tga,Alchemy,p_restore_endurance_q,Quality Restore Endurance,m\Misc_Potion_Quality_01.nif,Morrowind
m\Tx_potion_quality_01.tga,Alchemy,p_restore_fatigue_q,Quality Restore Fatigue,m\Misc_Potion_Quality_01.nif,Morrowind
m\Tx_potion_quality_01.tga,Alchemy,p_restore_health_q,Quality Restore Health,m\Misc_Potion_Quality_01.nif,Morrowind
m\Tx_potion_quality_01.tga,Alchemy,p_restore_intelligence_q,Quality Restore Intelligence,m\Misc_Potion_Quality_01.nif,Morrowind
m\Tx_potion_quality_01.tga,Alchemy,p_restore_luck_q,Quality Restore Luck,m\Misc_Potion_Quality_01.nif,Morrowind
m\Tx_potion_quality_01.tga,Alchemy,p_restore_magicka_q,Quality Restore Magicka,m\Misc_Potion_Quality_01.nif,Morrowind
m\Tx_potion_quality_01.tga,Alchemy,p_restore_personality_q,Quality Restore Personality,m\Misc_Potion_Quality_01.nif,Morrowind
m\Tx_potion_quality_01.tga,Alchemy,p_restore_speed_q,Quality Restore Speed,m\Misc_Potion_Quality_01.nif,Morrowind
m\Tx_potion_quality_01.tga,Alchemy,p_restore_strength_q,Quality Restore Strength,m\Misc_Potion_Quality_01.nif,Morrowind
m\Tx_potion_quality_01.tga,Alchemy,p_restore_willpower_q,Quality Restore Willpower,m\Misc_Potion_Quality_01.nif,Morrowind
m\Tx_potion_quality_01.tga,Alchemy,p_shock_resistance_q,Quality Shock Resistance,m\Misc_Potion_Quality_01.nif,Morrowind
m\Tx_potion_quality_01.tga,Alchemy,p_silence_q,Quality Potion of Silence,m\Misc_Potion_Quality_01.nif,Morrowind
m\Tx_potion_quality_01.tga,Alchemy,p_spell_absorption_q,Quality Spell Absorption,m\Misc_Potion_Quality_01.nif,Morrowind
m\Tx_potion_quality_01.tga,Alchemy,p_swift_swim_q,Quality Potion of Swift Swim,m\Misc_Potion_Quality_01.nif,Morrowind
m\Tx_potion_standard_01.tga,Alchemy,p_burden_s,Standard Potion of Burden,m\Misc_Potion_Standard_01.NIF,Morrowind
m\Tx_potion_standard_01.tga,Alchemy,p_chameleon_s,Standard Potion of Shadow,m\Misc_Potion_Standard_01.nif,Morrowind
m\Tx_potion_standard_01.tga,Alchemy,p_disease_resistance_s,Standard Disease Resistance,m\Misc_Potion_Standard_01.nif,Morrowind
m\Tx_potion_standard_01.tga,Alchemy,p_fire resistance_s,Standard Fire Resistance,m\Misc_Potion_Standard_01.nif,Morrowind
m\Tx_potion_standard_01.tga,Alchemy,p_fire_shield_s,Standard Potion of Fire Shield,m\Misc_Potion_Standard_01.nif,Morrowind
m\Tx_potion_standard_01.tga,Alchemy,p_fortify_agility_s,Standard Fortify Agility Potion,m\Misc_Potion_Standard_01.nif,Morrowind
m\Tx_potion_standard_01.tga,Alchemy,p_fortify_endurance_s,Standard Fortify Endurance,m\Misc_Potion_Standard_01.nif,Morrowind
m\Tx_potion_standard_01.tga,Alchemy,p_fortify_fatigue_s,Standard Fortify Fatigue Potion,m\Misc_Potion_Standard_01.nif,Morrowind
m\Tx_potion_standard_01.tga,Alchemy,p_fortify_health_s,Standard Fortify Health Potion,m\Misc_Potion_Standard_01.nif,Morrowind
m\Tx_potion_standard_01.tga,Alchemy,p_fortify_intelligence_s,Standard Fortify Intelligence,m\Misc_Potion_Standard_01.nif,Morrowind
m\Tx_potion_standard_01.tga,Alchemy,p_fortify_luck_s,Standard Fortify Luck Potion,m\Misc_Potion_Standard_01.nif,Morrowind
m\Tx_potion_standard_01.tga,Alchemy,p_fortify_magicka_s,Standard Fortify Magicka Potion,m\Misc_Potion_Standard_01.nif,Morrowind
m\Tx_potion_standard_01.tga,Alchemy,p_fortify_personality_s,Standard Fortify Personality,m\Misc_Potion_Standard_01.nif,Morrowind
m\Tx_potion_standard_01.tga,Alchemy,p_fortify_speed_s,Standard Fortify Speed,m\Misc_Potion_Standard_01.nif,Morrowind
m\Tx_potion_standard_01.tga,Alchemy,p_fortify_strength_s,Standard Fortify Strength,m\Misc_Potion_Standard_01.nif,Morrowind
m\Tx_potion_standard_01.tga,Alchemy,p_fortify_willpower_s,Standard Fortify Willpower,m\Misc_Potion_Standard_01.nif,Morrowind
m\Tx_potion_standard_01.tga,Alchemy,p_frost_resistance_s,Standard Resist Frost Potion,m\Misc_Potion_Standard_01.nif,Morrowind
m\Tx_potion_standard_01.tga,Alchemy,p_frost_shield_s,Standard Potion of Frost Shield,m\Misc_Potion_Standard_01.nif,Morrowind
m\Tx_potion_standard_01.tga,Alchemy,p_invisibility_s,Standard Potion of Invisibility,m\Misc_Potion_Standard_01.nif,Morrowind
m\Tx_potion_standard_01.tga,Alchemy,p_jump_s,Standard Potion of Jump,m\Misc_Potion_Standard_01.nif,Morrowind
m\Tx_potion_standard_01.tga,Alchemy,p_levitation_s,Standard Rising Force Potion,m\Misc_Potion_Standard_01.NIF,Morrowind
m\Tx_potion_standard_01.tga,Alchemy,p_light_s,Standard Potion of Light,m\Misc_Potion_Standard_01.nif,Morrowind
m\Tx_potion_standard_01.tga,Alchemy,p_lightning shield_s,Standard Lightning Shield,m\Misc_Potion_Standard_01.nif,Morrowind
m\Tx_potion_standard_01.tga,Alchemy,p_lovepotion_unique,Love Potion,m\Misc_Potion_Standard_01.nif,Morrowind
m\Tx_potion_standard_01.tga,Alchemy,p_magicka_resistance_s,Standard Magicka Resistance,m\Misc_Potion_Standard_01.nif,Morrowind
m\Tx_potion_standard_01.tga,Alchemy,p_night-eye_s,Standard Potion of Night-Eye,m\Misc_Potion_Standard_01.nif,Morrowind
m\Tx_potion_standard_01.tga,Alchemy,p_paralyze_s,Standard Potion of Paralyze,m\Misc_Potion_Standard_01.nif,Morrowind
m\Tx_potion_standard_01.tga,Alchemy,p_poison_resistance_s,Standard Poison Resistance,m\Misc_Potion_Standard_01.nif,Morrowind
m\Tx_potion_standard_01.tga,Alchemy,p_reflection_s,Standard Potion of Reflection,m\Misc_Potion_Standard_01.nif,Morrowind
m\Tx_potion_standard_01.tga,Alchemy,p_restore_agility_s,Standard Restore Agility,m\Misc_Potion_Standard_01.nif,Morrowind
m\Tx_potion_standard_01.tga,Alchemy,p_restore_endurance_s,Standard Restore Endurance,m\Misc_Potion_Standard_01.nif,Morrowind
m\Tx_potion_standard_01.tga,Alchemy,p_restore_fatigue_s,Standard Restore Fatigue,m\Misc_Potion_Standard_01.nif,Morrowind
m\Tx_potion_standard_01.tga,Alchemy,p_restore_health_s,Standard Restore Health Potion,m\Misc_Potion_Standard_01.nif,Morrowind
m\Tx_potion_standard_01.tga,Alchemy,p_restore_intelligence_s,Standard Restore Intelligence,m\Misc_Potion_Standard_01.nif,Morrowind
m\Tx_potion_standard_01.tga,Alchemy,p_restore_luck_s,Standard Potion of Restore Luck,m\Misc_Potion_Standard_01.nif,Morrowind
m\Tx_potion_standard_01.tga,Alchemy,p_restore_magicka_s,Standard Restore Magicka Potion,m\Misc_Potion_Standard_01.nif,Morrowind
m\Tx_potion_standard_01.tga,Alchemy,p_restore_personality_s,Standard Restore Personality,m\Misc_Potion_Standard_01.nif,Morrowind
m\Tx_potion_standard_01.tga,Alchemy,p_restore_speed_s,Standard Restore Speed,m\Misc_Potion_Standard_01.nif,Morrowind
m\Tx_potion_standard_01.tga,Alchemy,p_restore_strength_s,Standard Restore Strength,m\Misc_Potion_Standard_01.nif,Morrowind
m\Tx_potion_standard_01.tga,Alchemy,p_restore_willpower_s,Standard Restore Willpower,m\Misc_Potion_Standard_01.nif,Morrowind
m\Tx_potion_standard_01.tga,Alchemy,p_shock_resistance_s,Standard Shock Resistance,m\Misc_Potion_Standard_01.nif,Morrowind
m\Tx_potion_standard_01.tga,Alchemy,p_silence_s,Standard Potion of Silence,m\Misc_Potion_Standard_01.nif,Morrowind
m\Tx_potion_standard_01.tga,Alchemy,p_spell_absorption_s,Standard Spell Absorption,m\Misc_Potion_Standard_01.nif,Morrowind
n\Tx_Comberry_brandy_01.tga,Alchemy,p_vintagecomberrybrandy1,Vintage Brandy,n\Potion_Comberry_brandy_01.NIF,Morrowind
n\Tx_Comberry_brandy_01.tga,Alchemy,potion_comberry_brandy_01,Greef,n\Potion_Comberry_brandy_01.NIF,Morrowind
n\Tx_Comberry_wine_01.tga,Alchemy,potion_comberry_wine_01,Shein,n\Potion_Comberry_wine_01.NIF,Morrowind
n\Tx_T_bug_musk_01.tga,Alchemy,potion_t_bug_musk_01,Telvanni Bug Musk,n\Potion_T_bug_musk_01.NIF,Morrowind
n\Tx_cyro_brandy_01.tga,Alchemy,potion_cyro_brandy_01,Cyrodiilic Brandy,n\Potion_Cyro_brandy_01.NIF,Morrowind
n\Tx_cyro_brandy_01.tga,Alchemy,pyroil_tar_unique,Pyroil Tar,n\Potion_Cyro_brandy_01.NIF,Morrowind/Tribunal
n\Tx_cyro_whiskey_01.tga,Alchemy,Potion_Cyro_Whiskey_01,Flin,n\Potion_Cyro_whiskey_01.NIF,Morrowind
n\Tx_cyro_whiskey_01.tga,Alchemy,p_dwemer_lubricant00,Spoiled Dwemer Oil,n\Potion_Cyro_whiskey_01.NIF,Morrowind/Tribunal
n\Tx_cyro_whiskey_01.tga,Alchemy,potion_ancient_brandy,Ancient Dagoth Brandy,n\Potion_Cyro_whiskey_01.NIF,Morrowind
n\Tx_local_brew_01.tga,Alchemy,Potion_Local_Brew_01,Mazte,n\Potion_Local_brew_01.NIF,Morrowind
n\Tx_local_brew_01.tga,Alchemy,Potion_Local_Brew_01,Mazte,n\Potion_Local_brew_01.NIF,Morrowind/Bloodmoon
n\Tx_local_brew_01.tga,Alchemy,Potion_Local_Brew_01,Mazte,n\Potion_Local_brew_01.NIF,Morrowind/Tribunal
n\Tx_local_liquor_01.tga,Alchemy,potion_local_liquor_01,Sujamma,n\Potion_Local_liquor_01.NIF,Morrowind
n\Tx_skooma_01.tga,Alchemy,potion_skooma_01,Skooma,n\Potion_Skooma_01.NIF,Morrowind
m\Tx_Spipe_01.tga,Apparatus,apparatus_a_spipe_01,Good Skooma Pipe,m\Apparatus_A_Spipe_01.nif,Morrowind
m\Tx_Spipe_01.tga,Apparatus,apparatus_a_spipe_01,Good Skooma Pipe,m\Apparatus_A_Spipe_01.nif,Morrowind/Bloodmoon
m\Tx_Spipe_01.tga,Apparatus,apparatus_a_spipe_tsiya,Tsiya's Skooma Pipe,m\Apparatus_A_Spipe_01.nif,Morrowind
m\Tx_alembic_01.tga,Apparatus,apparatus_a_alembic_01,Apprentice's Alembic,m\Apparatus_A_Alembic_01.NIF,Morrowind
m\Tx_alembic_02.tga,Apparatus,apparatus_j_alembic_01,Journeyman's Alembic,m\Apparatus_J_Alembic_01.nif,Morrowind
m\Tx_alembic_02.tga,Apparatus,apparatus_j_alembic_01,Journeyman's Alembic,m\Apparatus_J_Alembic_01.nif,Morrowind/Bloodmoon
m\Tx_alembic_03.tga,Apparatus,apparatus_m_alembic_01,Master's Alembic,m\Apparatus_M_Alembic_01.nif,Morrowind
m\Tx_alembic_04.tga,Apparatus,apparatus_g_alembic_01,Grandmaster's Alembic,m\Apparatus_G_Alembic_01.nif,Morrowind
m\Tx_alembic_05.tga,Apparatus,apparatus_sm_alembic_01,SecretMaster's Alembic,m\Apparatus_S_Alembic_01.nif,Morrowind
m\Tx_calcinator_01.tga,Apparatus,apparatus_a_calcinator_01,Apprentice's Calcinator,m\Apparatus_A_Calcinator_01.NIF,Morrowind
m\Tx_calcinator_01.tga,Apparatus,apparatus_j_calcinator_01,Journeyman's Calcinator,m\Apparatus_A_Calcinator_01.NIF,Morrowind
m\Tx_calcinator_01.tga,Apparatus,apparatus_j_calcinator_01,Journeyman's Calcinator,m\Apparatus_A_Calcinator_01.NIF,Morrowind/Bloodmoon
m\Tx_calcinator_03.tga,Apparatus,apparatus_m_calcinator_01,Master's Calcinator,m\App_M_Calcinator_01.nif,Morrowind
m\Tx_calcinator_04.tga,Apparatus,apparatus_g_calcinator_01,Grandmaster's Calcinator,m\App_G_Calcinator_01.nif,Morrowind
m\Tx_calcinator_05.tga,Apparatus,apparatus_sm_calcinator_01,SecretMaster's Calcinator,m\App_S_Calcinator_01.nif,Morrowind
m\Tx_mortarpestle_01.tga,Apparatus,apparatus_a_mortar_01,Apprentice's Mortar and Pestle,m\Misc_mortarpestle_01.NIF,Morrowind
m\Tx_mortarpestle_01.tga,Apparatus,apparatus_j_mortar_01,Journeyman's Mortar and Pestle,m\Misc_mortarpestle_01.NIF,Morrowind
m\Tx_mortarpestle_01.tga,Apparatus,apparatus_j_mortar_01,Journeyman's Mortar and Pestle,m\Misc_mortarpestle_01.NIF,Morrowind/Bloodmoon
m\Tx_mortarpestle_G_01.tga,Apparatus,apparatus_g_mortar_01,Grandmaster's Mortar and Pestle,m\Misc_mortarpestle_G_01.nif,Morrowind
m\Tx_mortarpestle_M_01.tga,Apparatus,apparatus_m_mortar_01,Master's Mortar and Pestle,m\Misc_mortarpestle_M_01.nif,Morrowind
m\Tx_mortarpestle_S_01.tga,Apparatus,apparatus_sm_mortar_01,SecretMaster's Mortar and Pestl,m\Misc_mortarpestle_S_01.nif,Morrowind
m\Tx_retort_01.tga,Apparatus,apparatus_a_retort_01,Apprentice's Retort,m\Apparatus_A_Retort_01.NIF,Morrowind
m\Tx_retort_02.tga,Apparatus,apparatus_j_retort_01,Journeyman's Retort,m\Apparatus_J_Retort_01.nif,Morrowind
m\Tx_retort_02.tga,Apparatus,apparatus_j_retort_01,Journeyman's Retort,m\Apparatus_J_Retort_01.nif,Morrowind/Bloodmoon
m\Tx_retort_03.tga,Apparatus,apparatus_m_retort_01,Master's Retort,m\Apparatus_M_Retort_01.nif,Morrowind
m\Tx_retort_04.tga,Apparatus,apparatus_g_retort_01,Grandmaster's Retort,m\Apparatus_G_Retort_01.nif,Morrowind
m\Tx_retort_05.tga,Apparatus,apparatus_sm_retort_01,SecretMaster's Retort,m\Apparatus_S_Retort_01.nif,Morrowind
A\Ice_Boot.dds,Armor,BM_Ice_Boots,Ice Armor Boots,a\A_Ice_Boot_GND.NIF,Morrowind/Bloodmoon
A\Ice_Greaves.dds,Armor,BM_Ice_greaves,Ice Armor Greaves,a\A_Ice_Greaves_GND.NIF,Morrowind/Bloodmoon
A\Ice_Grove.dds,Armor,BM_Ice_gauntletL,Ice Armor Left Gauntlet,a\A_Ice_Gauntlet_GND.NIF,Morrowind/Bloodmoon
A\Ice_Grove.dds,Armor,BM_Ice_gauntletR,Ice Armor Right Gauntlet,a\A_Ice_Gauntlet_GND.NIF,Morrowind/Bloodmoon
A\Ice_M_Chest.dds,Armor,BM_Ice_cuirass,Ice Armor Cuirass,a\A_Ice_M_Cuirass_GND.NIF,Morrowind/Bloodmoon
A\Ice_M_Helmet.dds,Armor,BM_Ice_Helmet,Ice Armor Helmet,a\A_Icel_M_Helmet.NIF,Morrowind/Bloodmoon
A\Ice_Pauldron.dds,Armor,BM_Ice_PauldronL,Ice Armor Left Pauldron,a\A_Ice_Pauldron_GND.NIF,Morrowind/Bloodmoon
A\Ice_Pauldron.dds,Armor,BM_Ice_PauldronR,Ice Armor Right Pauldron,a\A_Ice_Pauldron_GND.NIF,Morrowind/Bloodmoon
A\Ice_shield.dds,Armor,BM_Ice_Shield,Ice Shield,a\A_Ice_Shield.NIF,Morrowind/Bloodmoon
A\Nord_shield.dds,Armor,BM_NordicMail_Shield,Nordic Mail Shield,a\A_Nord_Shield.NIF,Morrowind/Bloodmoon
A\NordicMail_Boot.dds,Armor,BM_NordicMail_Boots,Nordic Mail Boots,a\A_NordicMail_M_Boot_GND.NIF,Morrowind/Bloodmoon
A\NordicMail_Chest.dds,Armor,BM_NordicMail_cuirass,Nordic Mail Cuirass,a\A_NordicMail_M_C_GND.NIF,Morrowind/Bloodmoon
A\NordicMail_Greaves.dds,Armor,BM_NordicMail_greaves,Nordic Mail Greaves,a\A_NordicMail_Greaves_GND.NIF,Morrowind/Bloodmoon
A\NordicMail_Grove.dds,Armor,BM_NordicMail_gauntletL,Nordic Mail Left Gauntlet,a\A_NordicMail_M_Ga_GND.NIF,Morrowind/Bloodmoon
A\NordicMail_Grove.dds,Armor,BM_NordicMail_gauntletR,Nordic Mail Right Gauntlet,a\A_NordicMail_M_Ga_GND.NIF,Morrowind/Bloodmoon
A\NordicMail_Helmet.dds,Armor,BM_NordicMail_Helmet,Nordic Mail Helmet,a\A_NordicMail_M_Helmet.NIF,Morrowind/Bloodmoon
A\NordicMail_Pauldron.dds,Armor,BM_NordicMail_PauldronL,Nordic Mail Left Pauldron,a\A_NordicMail_Pauldron_GND.NIF,Morrowind/Bloodmoon
A\NordicMail_Pauldron.dds,Armor,BM_NordicMail_PauldronR,Nordic Mail Right Pauldron,a\A_NordicMail_Pauldron_GND.NIF,Morrowind/Bloodmoon
A\TX_IceM_Shield1.dds,Armor,BM_Ice minion_Shield1,Riekling Shield,a\A_Ice minions_Shield1.NIF,Morrowind/Bloodmoon
A\TX_adamantium_helm.dds,Armor,adamantium_helm,Adamantium Helm,A\A_adamantium_helm.nif,Morrowind/Tribunal
A\TX_adamantium_helm.dds,Armor,addamantium_helm,Adamantium Helm,A\A_adamantium_helm.nif,Morrowind/Tribunal
A\Tx_Bear2_Boot.dds,Armor,BM_bear_boots_snow,Snow Bear Boots,a\A_Bear2_Boot_GND.NIF,Morrowind/Bloodmoon
A\Tx_Bear2_Cuirass.dds,Armor,BM_bear_cuirass_snow,Snow Bear Cuirass,a\A_Bear2_Cuirass_GND.NIF,Morrowind/Bloodmoon
A\Tx_Bear2_Gauntlet.dds,Armor,BM_bear_left_gauntlet_snow,Snow Bear Left Gauntlet,a\A_Bear2_Gauntlet_GND.NIF,Morrowind/Bloodmoon
A\Tx_Bear2_Gauntlet.dds,Armor,BM_bear_right_gauntlet_snow,Snow Bear Right Gauntlet,a\A_Bear2_Gauntlet_GND.NIF,Morrowind/Bloodmoon
A\Tx_Bear2_Greaves.dds,Armor,BM_bear_greaves_snow,Snow Bear Greaves,a\A_Bear2_Greaves_GND.NIF,Morrowind/Bloodmoon
A\Tx_Bear2_Helmet.dds,Armor,BM_bear_helmet_snow,Snow Bear Helmet,a\A_Bear2_Helmet.NIF,Morrowind/Bloodmoon
A\Tx_Bear2_Pauldron.dds,Armor,BM_Bear_left_Pauldron_snow,Snow Bear Left Pauldron,a\A_Bear2_Pauldron_GND.NIF,Morrowind/Bloodmoon
A\Tx_Bear2_Pauldron.dds,Armor,BM_bear_right_pauldron_snow,Snow Bear Right Pauldron,a\A_Bear2_Pauldron_GND.NIF,Morrowind/Bloodmoon
A\Tx_Bear_Boot.dds,Armor,BM bear boots,Bear Boots,a\A_Bear_Boot_GND.NIF,Morrowind/Bloodmoon
A\Tx_Bear_Cuirass.dds,Armor,BM bear cuirass,Bear Cuirass,a\A_Bear_Cuirass_GND.NIF,Morrowind/Bloodmoon
A\Tx_Bear_Gauntlet.dds,Armor,BM bear right gauntlet,Bear Right Gauntlet,a\A_Bear_Gauntlet_GND.NIF,Morrowind/Bloodmoon
A\Tx_Bear_Gauntlet.dds,Armor,bm bear left gauntlet,Bear Left Gauntlet,a\A_Bear_Gauntlet_GND.NIF,Morrowind/Bloodmoon
A\Tx_Bear_Greaves.dds,Armor,BM bear greaves,Bear Greaves,a\A_Bear_Greaves_GND.NIF,Morrowind/Bloodmoon
A\Tx_Bear_Helmet.dds,Armor,BM Bear Helmet,Bear Helmet,a\A_Bear_Helmet.NIF,Morrowind/Bloodmoon
A\Tx_Bear_Helmet.dds,Armor,BM Bear Helmet eddard,Helm of Bear Scent,a\A_Bear_Helmet.NIF,Morrowind/Bloodmoon
A\Tx_Bear_Helmet.dds,Armor,BM Bear Helmet_ber,Helmet of Bearkind,a\A_Bear_Helmet.NIF,Morrowind/Bloodmoon
A\Tx_Bear_Pauldron.dds,Armor,BM Bear left Pauldron,Bear Left Pauldron,a\A_Bear_Pauldron_GND.NIF,Morrowind/Bloodmoon
A\Tx_Bear_Pauldron.dds,Armor,BM bear right pauldron,Bear Right Pauldron,a\A_Bear_Pauldron_GND.NIF,Morrowind/Bloodmoon
A\Tx_Bear_Shield.dds,Armor,BM bear shield,Bear Shield,a\A_Bear_Shield.NIF,Morrowind/Bloodmoon
A\Tx_ColovianHelm_W.dds,Armor,fur_colovian_helm_white,White Colovian Fur Helm,a\A_Helm_Colovian_W.NIF,Morrowind/Bloodmoon
A\Tx_Wolf2_Boot.dds,Armor,BM wolf boots,Wolf Boots,a\A_Wolf2_Boot_GND.NIF,Morrowind/Bloodmoon
A\Tx_Wolf2_Boot.dds,Armor,wolfwalkers,Paws of the Wolf-Runner,a\A_Wolf2_Boot_GND.NIF,Morrowind/Bloodmoon
A\Tx_Wolf2_Cuirass.dds,Armor,BM wolf cuirass,Wolf Cuirass,a\A_Wolf2_Cuirass_GND.NIF,Morrowind/Bloodmoon
A\Tx_Wolf2_Gauntlet.dds,Armor,BM wolf right gauntlet,Wolf Right Gauntlet,a\A_Wolf2_Gauntlet_GND.NIF,Morrowind/Bloodmoon
A\Tx_Wolf2_Gauntlet.dds,Armor,bm wolf left gauntlet,Wolf Left Gauntlet,a\A_Wolf2_Gauntlet_GND.NIF,Morrowind/Bloodmoon
A\Tx_Wolf2_Greaves.dds,Armor,BM wolf greaves,Wolf Greaves,a\A_Wolf2_Greaves_GND.NIF,Morrowind/Bloodmoon
A\Tx_Wolf2_Helmet.dds,Armor,BM Wolf Helmet,Wolf Helmet,a\A_Wolf2_Helmet.NIF,Morrowind/Bloodmoon
A\Tx_Wolf2_Helmet.dds,Armor,BM Wolf Helmet_heartfang,Helm of the Wolf's Heart,a\A_Wolf2_Helmet.NIF,Morrowind/Bloodmoon
A\Tx_Wolf2_Pauldron.dds,Armor,BM Wolf Left Pauldron,Wolf Left Pauldron,a\A_Wolf2_Pauldron_GND.NIF,Morrowind/Bloodmoon
A\Tx_Wolf2_Pauldron.dds,Armor,BM Wolf right pauldron,Wolf Right Pauldron,a\A_Wolf2_Pauldron_GND.NIF,Morrowind/Bloodmoon
A\Tx_Wolf_Boot.dds,Armor,BM_wolf_boots_snow,Snow Wolf Boots,a\A_Wolf_Boot_GND.NIF,Morrowind/Bloodmoon
A\Tx_Wolf_Cuirass.dds,Armor,BM_wolf_cuirass_snow,Snow Wolf Cuirass,a\A_Wolf_Cuirass_GND.NIF,Morrowind/Bloodmoon
A\Tx_Wolf_Gauntlet.dds,Armor,BM_wolf_left_gauntlet_snow,Snow Wolf Left Gauntlet,a\A_Wolf_Gauntlet_GND.NIF,Morrowind/Bloodmoon
A\Tx_Wolf_Gauntlet.dds,Armor,BM_wolf_right_gauntlet_snow,Snow Wolf Right Gauntlet,a\A_Wolf_Gauntlet_GND.NIF,Morrowind/Bloodmoon
A\Tx_Wolf_Greaves.dds,Armor,BM_wolf_greaves_snow,Snow Wolf Greaves,a\A_Wolf_Greaves_GND.NIF,Morrowind/Bloodmoon
A\Tx_Wolf_Helmet.dds,Armor,BM_wolf_helmet_snow,Snow Wolf Helmet,a\A_Wolf_Helmet.NIF,Morrowind/Bloodmoon
A\Tx_Wolf_Pauldron.dds,Armor,BM_wolf_left_pauldron_snow,Snow Wolf Left Pauldron,a\A_Wolf_Pauldron_GND.NIF,Morrowind/Bloodmoon
A\Tx_Wolf_Pauldron.dds,Armor,BM_wolf_right_pauldron_snow,Snow Wolf Right Pauldron,a\A_Wolf_Pauldron_GND.NIF,Morrowind/Bloodmoon
A\Tx_Wolf_Shield.dds,Armor,BM wolf shield,Wolf Shield,a\A_Wolf_Shield.NIF,Morrowind/Bloodmoon
a\A_Nerevar_B_Shield.dds,Armor,dwemer_shield_battle_unique,Dwemer Battle Shield,a\A_dwemer_shield_battle.NIF,Morrowind/Tribunal
a\A_boots_apostle.tga,Armor,boots_apostle_unique,Boots of the Apostle,a\A_art_Apostle_Boots_GND.NIF,Morrowind
a\A_boots_apostle.tga,Armor,boots_apostle_unique_x,Boots of the Apostle,a\A_art_Apostle_Boots_GND.NIF,Morrowind/Tribunal
a\A_cuirass_dragon.tga,Armor,dragonbone_cuirass_unique,Dragonbone cuirass,a\A_art_dragon_GND.NIF,Morrowind
a\A_cuirass_dragon.tga,Armor,dragonbone_cuirass_unique_x,Dragonbone cuirass,a\A_art_dragon_GND.NIF,Morrowind/Tribunal
a\A_cuirass_ebon.tga,Armor,ebon_plate_cuirass_unique,Ebony Mail,a\A_art_ebon_Cuirass_GND.NIF,Morrowind
a\A_cuirass_ebon.tga,Armor,ebon_plate_cuirass_unique_x,Ebony Mail,a\A_art_ebon_Cuirass_GND.NIF,Morrowind/Tribunal
a\A_cuirass_lords.tga,Armor,lords_cuirass_unique,Lord's Mail,a\A_art_cuirass_lords_GND.NIF,Morrowind
a\A_cuirass_lords.tga,Armor,lords_cuirass_unique_x,Lord's Mail,a\A_art_cuirass_lords_GND.NIF,Morrowind/Tribunal
a\A_cuirass_savior.tga,Armor,cuirass_savior_unique,Cuirass of the Savior's Hide,a\A_art_cuirass_savior_GND.NIF,Morrowind
a\A_cuirass_savior.tga,Armor,cuirass_savior_unique_x,Cuirass of the Savior's Hide,a\A_art_cuirass_savior_GND.NIF,Morrowind/Tribunal
a\A_gauntlet_fists.tga,Armor,gauntlet_fists_l_unique,Fist of Randagulf Left Gauntlet,a\A_art_gauntlet_fist_GND.NIF,Morrowind
a\A_gauntlet_fists.tga,Armor,gauntlet_fists_r_unique,Fist of Randagulf Rt Gauntlet,a\A_art_gauntlet_fist_GND.NIF,Morrowind
a\A_helm_bearclaw.tga,Armor,helm_bearclaw_unique,Helm of Oreyn Bearclaw,a\A_art_helm_bearclaw.NIF,Morrowind
a\A_helm_bearclaw.tga,Armor,helm_bearclaw_unique_x,Helm of Oreyn Bearclaw,a\A_art_helm_bearclaw.NIF,Morrowind/Tribunal
a\A_shield_breaker.tga,Armor,spell_breaker_unique,Spell Breaker,a\A_art_shield_breaker.NIF,Morrowind
a\A_shield_breaker.tga,Armor,spell_breaker_unique_x,Spell Breaker,a\A_art_shield_breaker.NIF,Morrowind/Tribunal
a\A_shieled_eleidon.tga,Armor,towershield_eleidon_unique,Eleidon's Ward,a\A_art_towershield_eleidon.NIF,Morrowind
a\A_shieled_eleidon.tga,Armor,towershield_eleidon_unique,Eleidon's Ward,a\A_art_towershield_eleidon.NIF,Morrowind/Tribunal
a\A_shieled_eleidon.tga,Armor,towershield_eleidon_unique_x,Eleidon's Ward,a\A_art_towershield_eleidon.NIF,Morrowind/Tribunal
a\TX_Adamantium_Boots.dds,Armor,adamantium boots,Adamantium Boots,A\A_Adamantium_Boots_GND.NIF,Morrowind/Tribunal
a\TX_Adamantium_Bracer.dds,Armor,adamantium_bracer_left,Adamantium Left Bracer,A\A_Adamantium_Bracer_GND.NIF,Morrowind/Tribunal
a\TX_Adamantium_Bracer.dds,Armor,adamantium_bracer_right,Adamantium Right Bracer,A\A_Adamantium_Bracer_GND.NIF,Morrowind/Tribunal
a\TX_Adamantium_Cuirass.dds,Armor,adamantium_cuirass,Adamantium Cuirass,A\A_Adamantium_Cuirass_GND.NIF,Morrowind/Tribunal
a\TX_Adamantium_Greaves.dds,Armor,adamantium_greaves,Adamantium Greaves,A\A_Adamantium_Greaves_GND.NIF,Morrowind/Tribunal
a\TX_Adamantium_Pauldron.dds,Armor,adamantium_pauldron_left,Adamantium Left Pauldron,A\A_Adamantium_Pauldron_GND.NIF,Morrowind/Tribunal
a\TX_Adamantium_Pauldron.dds,Armor,adamantium_pauldron_right,Adamantium Right Pauldron,A\A_Adamantium_Pauldron_GND.NIF,Morrowind/Tribunal
a\TX_Art_wraithguard.tga,Armor,wraithguard,Wraithguard,a\A_ART_Wraithguard_GND.NIF,Morrowind
a\TX_Art_wraithguard.tga,Armor,wraithguard_jury_rig,Wraithguard,a\A_Art_Wraithguard_GND.NIF,Morrowind
a\TX_Bonemold_Armun_An_Pau.tga,Armor,bonemold_armun-an_pauldron_l,Armun-An Bonemold L Pauldron,a\A_Bonemold_Armun_UA_GND.nif,Morrowind
a\TX_Bonemold_Armun_An_Pau.tga,Armor,bonemold_armun-an_pauldron_r,Armun-An Bonemold R Pauldron,a\A_Bonemold_Armun_UA_GND.nif,Morrowind
a\TX_Bonemold_Armun_An_helm.tga,Armor,bonemold_armun-an_helm,Native Armun-An Bonemold Helm,a\A_Bonemold_Armun_An_helm.nif,Morrowind
a\TX_Bonemold_Gah_Julan_Pau.tga,Armor,bonemold_gah-julan_pauldron_l,Gah-Julan Bonemold L Pauldron,a\A_Bonemold_Gah_J_UA_GND.nif,Morrowind
a\TX_Bonemold_Gah_Julan_Pau.tga,Armor,bonemold_gah-julan_pauldron_r,Gah-Julan Bonemold R Pauldron,a\A_Bonemold_Gah_J_UA_GND.nif,Morrowind
a\TX_Bonemold_Gah_Julan_c.tga,Armor,Mountain Spirit,Mountain Spirit,a\A_Bonemold_Gah_Julan_CGND.NIF,Morrowind
a\TX_Bonemold_Gah_Julan_c.tga,Armor,bonemold_gah-julan_cuirass,Gah-Julan Bonemold Cuirass,a\A_Bonemold_Gah_Julan_CGND.NIF,Morrowind
a\TX_Bonemold_Gah_Julan_c.tga,Armor,heart wall,Heart Wall,a\A_Bonemold_Gah_Julan_CGND.NIF,Morrowind
a\TX_Bonemold_Gah_Julan_h.tga,Armor,bonemold_gah-julan_helm,Native Gah-Julan Bonemold Helm,a\A_Bonemold_Gah_Julan_h.nif,Morrowind
a\TX_Bonemold_Gah_Julan_h.tga,Armor,bonemold_gah-julan_hhda,Native Gah-Julan Bonemold Helm,a\A_Bonemold_Gah_Julan_h.nif,Morrowind
a\TX_Bonemold_Gah_Julan_h.tga,Armor,storm helm,Storm Helm,a\A_Bonemold_Gah_Julan_h.nif,Morrowind
a\TX_Bonemold_Gah_Julan_h.tga,Armor,storm helm,Storm Helm,a\A_Bonemold_Gah_Julan_h.nif,Morrowind/Bloodmoon
a\TX_Bonemold_boots.tga,Armor,bonemold_boots,Bonemold Boots,a\A_Bonemold_Boot_GND.nif,Morrowind
a\TX_Bonemold_boots.tga,Armor,bonemold_boots,Bonemold Boots,a\A_Bonemold_Boot_GND.nif,Morrowind/Tribunal
a\TX_Bonemold_bracer.tga,Armor,bonemold_bracer_left,Bonemold Left Bracer,a\A_Bonemold_Bracer_GND.nif,Morrowind
a\TX_Bonemold_bracer.tga,Armor,bonemold_bracer_right,Bonemold Right Bracer,a\A_Bonemold_Bracer_GND.nif,Morrowind
a\TX_Bonemold_bracer.tga,Armor,lbonemold brace of horny fist,Bonemold Brace of Horny Fist,a\A_Bonemold_Bracer_GND.nif,Morrowind
a\TX_Bonemold_bracer.tga,Armor,rbonemold bracer of horny fist,Bonemold Bracer of Horny Fist,a\A_Bonemold_Bracer_GND.nif,Morrowind
a\TX_Bonemold_chuzei_helm.tga,Armor,bonemold_chuzei_helm,Native Chuzei Bonemold Helm,a\A_Bonemold_Chuzei_helmet.nif,Morrowind
a\TX_Bonemold_cuirass.tga,Armor,bonemold_armun-an_cuirass,Armun-An Bonemold Cuirass,a\A_Bonemold_cuirass_GND.nif,Morrowind
a\TX_Bonemold_cuirass.tga,Armor,bonemold_cuirass,Bonemold Cuirass,a\A_Bonemold_cuirass_GND.nif,Morrowind
a\TX_Bonemold_cuirass.tga,Armor,bonemold_cuirass,Bonemold Cuirass,a\A_Bonemold_cuirass_GND.nif,Morrowind/Tribunal
a\TX_Bonemold_cuirass.tga,Armor,erur_dan_cuirass_unique,Erur-Dan's Cuirass,a\A_Bonemold_cuirass_GND.nif,Morrowind
a\TX_Bonemold_greaves.tga,Armor,bonemold_greaves,Bonemold Greaves,a\A_Bonemold_Greaves_GND.nif,Morrowind
a\TX_Bonemold_helmet.tga,Armor,bonemold_founders_helm,Redoran Founder's Helm,a\A_Bonemold_Helmet.nif,Morrowind
a\TX_Bonemold_helmet.tga,Armor,bonemold_helm,Bonemold Helm,a\A_Bonemold_Helmet.nif,Morrowind
a\TX_Bonemold_helmet.tga,Armor,bonemold_helm,Bonemold Helm,a\A_Bonemold_Helmet.nif,Morrowind/Tribunal
a\TX_Bonemold_pauldron.tga,Armor,bonemold_pauldron_l,Bonemold L Pauldron,a\A_Bonemold_Pauldron_GND.nif,Morrowind
a\TX_Bonemold_pauldron.tga,Armor,bonemold_pauldron_r,Bonemold R Pauldron,a\A_Bonemold_Pauldron_GND.nif,Morrowind
a\TX_Bonemold_pauldron.tga,Armor,bonemold_pauldron_r,Bonemold R Pauldron,a\A_Bonemold_Pauldron_GND.nif,Morrowind/Tribunal
a\TX_Chitin_boot.tga,Armor,chitin boots,Chitin Boots,a\A_M_Chitin_Boot_GND.nif,Morrowind
a\TX_Chitin_boot.tga,Armor,chitin boots,Chitin Boots,a\A_M_Chitin_Boot_GND.nif,Morrowind/Tribunal
a\TX_Chitin_curaiss.tga,Armor,chest of fire,Chest of Fire,a\A_M_Chitin_Cuirass_GND.nif,Morrowind
a\TX_Chitin_curaiss.tga,Armor,chitin cuirass,Chitin Cuirass,a\A_M_Chitin_Cuirass_GND.nif,Morrowind
a\TX_Chitin_curaiss.tga,Armor,chitin cuirass,Chitin Cuirass,a\A_M_Chitin_Cuirass_GND.nif,Morrowind/Tribunal
a\TX_Chitin_curaiss.tga,Armor,the_chiding_cuirass,The Chiding Cuirass,a\A_M_Chitin_Cuirass_GND.nif,Morrowind
a\TX_Chitin_gauntlet.tga,Armor,bonedancer gauntlet,Bonedancer Gauntlet,a\A_M_Chitin_Gauntlet_GND.nif,Morrowind
a\TX_Chitin_gauntlet.tga,Armor,boneweave gauntlet,Boneweave Gauntlet,a\A_M_Chitin_Gauntlet_GND.nif,Morrowind
a\TX_Chitin_gauntlet.tga,Armor,chitin guantlet - left,Chitin Left Gauntlet,a\A_M_Chitin_Gauntlet_GND.nif,Morrowind
a\TX_Chitin_gauntlet.tga,Armor,chitin guantlet - left,Chitin Left Gauntlet,a\A_M_Chitin_Gauntlet_GND.nif,Morrowind/Tribunal
a\TX_Chitin_gauntlet.tga,Armor,chitin guantlet - right,Chitin Right Gauntlet,a\A_M_Chitin_Gauntlet_GND.nif,Morrowind
a\TX_Chitin_gauntlet.tga,Armor,left gauntlet of the horny fist,Left Gauntlet of the Horny Fist,a\A_M_Chitin_Gauntlet_GND.nif,Morrowind
a\TX_Chitin_gauntlet.tga,Armor,right gauntlet of horny fist,Right Gauntlet of Horny Fist,a\A_M_Chitin_Gauntlet_GND.nif,Morrowind
a\TX_Chitin_greaves.tga,Armor,chitin greaves,Chitin Greaves,a\A_M_Chitin_Greaves_GND.nif,Morrowind
a\TX_Chitin_greaves.tga,Armor,chitin greaves,Chitin Greaves,a\A_M_Chitin_Greaves_GND.nif,Morrowind/Tribunal
a\TX_Chitin_helmet.tga,Armor,chitin helm,Chitin Helm,a\A_M_Chitin_Helmet.nif,Morrowind
a\TX_Chitin_helmet.tga,Armor,chitin_mask_helm,Chitin Mask Helm,a\A_M_Chitin_Helmet.nif,Morrowind
a\TX_Chitin_helmet.tga,Armor,merisan helm,Merisan Helm,a\A_M_Chitin_Helmet.nif,Morrowind
a\TX_Chitin_helmet.tga,Armor,velothian_helm,Velothian Helm,a\A_M_Chitin_Helmet.nif,Morrowind
a\TX_Chitin_pauldron.tga,Armor,chitin pauldron - left,Chitin Left Pauldron,a\A_M_Chitin_UA_Pauldron.nif,Morrowind
a\TX_Chitin_pauldron.tga,Armor,chitin pauldron - right,Chitin Right Pauldron,a\A_M_Chitin_UA_Pauldron.nif,Morrowind
a\TX_Daedric_fountain_helm.tga,Armor,daedric_fountain_helm,Daedric Face of Inspiration,a\A_Daedric_fountain_h.NIF,Morrowind
a\TX_Daedric_god_h.tga,Armor,daedric_god_helm,Daedric Face of God,a\A_Daedric_god_h.NIF,Morrowind
a\TX_Daedric_terrifying_h.tga,Armor,bound_helm,Bound_Helm,a\A_Daedric_terrifying_h.nif,Morrowind
a\TX_Daedric_terrifying_h.tga,Armor,daedric_terrifying_helm,Daedric Face of Terror,a\A_Daedric_terrifying_h.nif,Morrowind
a\TX_Dwemer_boots.tga,Armor,dwemer_boots,Dwemer Boots,a\A_Dwemer_Boots_GND.nif,Morrowind
a\TX_Dwemer_boots.tga,Armor,dwemer_boots of flying,Dwemer Boots of Flying,a\A_Dwemer_Boots_GND.nif,Morrowind
a\TX_Dwemer_bracer.tga,Armor,dwemer_bracer_left,Dwemer Left Bracer,a\A_Dwemer_Bracer_W.nif,Morrowind
a\TX_Dwemer_bracer.tga,Armor,dwemer_bracer_right,Dwemer Right Bracer,a\A_Dwemer_Bracer_W.nif,Morrowind
a\TX_Dwemer_cuirass.tga,Armor,dwemer_cuirass,Dwemer Cuirass,a\A_Dwemer_Cuir_GND.NIF,Morrowind
a\TX_Dwemer_greaves.tga,Armor,dwemer_greaves,Dwemer Greaves,a\A_Dwemer_Greaves_GND.nif,Morrowind
a\TX_Dwemer_helmet.tga,Armor,dwemer_helm,Dwemer Helm,a\A_Dwemer_Helmet.NIF,Morrowind
a\TX_Dwemer_helmet.tga,Armor,helm of wounding,Helm of Wounding,a\A_Dwemer_Helmet.NIF,Morrowind
a\TX_Dwemer_pauldron.tga,Armor,dwemer_pauldron_left,Dwemer Left Pauldron,a\A_Dwemer_Pauldron_UA.nif,Morrowind
a\TX_Dwemer_pauldron.tga,Armor,dwemer_pauldron_right,Dwemer Right Pauldron,a\A_Dwemer_Pauldron_UA.nif,Morrowind
a\TX_Glass_boots.tga,Armor,glass_boots,Glass Boots,a\A_Glass_Boots_GND.nif,Morrowind
a\TX_Glass_bracer.tga,Armor,glass_bracer_left,Left Glass Bracer,a\A_Glass_Bracer_W.nif,Morrowind
a\TX_Glass_bracer.tga,Armor,glass_bracer_right,Right Glass Bracer,a\A_Glass_Bracer_W.nif,Morrowind
a\TX_Glass_cuirass.tga,Armor,glass_cuirass,Glass Cuirass,a\A_Glass_cuirass_GND.nif,Morrowind
a\TX_Glass_greaves.tga,Armor,glass_greaves,Glass Greaves,a\A_Glass_Greaves_GND.nif,Morrowind
a\TX_Glass_helmet.tga,Armor,glass_helm,Glass Helm,a\A_Glass_Helmet.nif,Morrowind
a\TX_Glass_pauldron.tga,Armor,glass_pauldron_left,Glass Left Pauldron,a\A_Glass_Pauldron_GND.nif,Morrowind
a\TX_Glass_pauldron.tga,Armor,glass_pauldron_right,Glass Right Pauldron,a\A_Glass_Pauldron_GND.nif,Morrowind
a\TX_NordicFur_greaves.tga,Armor,fur_greaves,Nordic Fur Greaves,a\A_NordicFur_Greave_GND.nif,Morrowind
a\TX_NordicFur_helmet.tga,Armor,fur_helm,Nordic Fur Helm,a\A_NordicFur_Helmet.nif,Morrowind
a\TX_NordicFur_helmet.tga,Armor,fur_helm,Nordic Fur Helm,a\A_NordicFur_Helmet.nif,Morrowind/Tribunal
a\TX_NordicFur_helmet.tga,Armor,icecap_unique,The Icecap,a\A_NordicFur_Helmet.nif,Morrowind
a\TX_Orcish_boots.tga,Armor,orcish_boots,Orcish Boots,a\A_Orcish_Boots_GND.nif,Morrowind
a\TX_Orcish_bracer.tga,Armor,orcish_bracer_left,Orcish Left Bracer,a\A_Orcish_Bracer_GND.nif,Morrowind
a\TX_Orcish_bracer.tga,Armor,orcish_bracer_right,Orcish Right Bracer,a\A_Orcish_Bracer_GND.nif,Morrowind
a\TX_Orcish_cuirass.tga,Armor,orcish_cuirass,Orcish Cuirass,a\A_Orcish_Cuirass_GND.nif,Morrowind
a\TX_Orcish_greaves.tga,Armor,orcish_greaves,Orcish Greaves,a\A_Orcish_Greaves_GND.nif,Morrowind
a\TX_Orcish_helmet.tga,Armor,orcish_helm,Orcish Helm,a\A_Orcish_Helmet.nif,Morrowind
a\TX_Orcish_pauldron.tga,Armor,orcish_pauldron_left,Orcish Left Pauldron,a\A_Orcish_Pauldron_GND.nif,Morrowind
a\TX_Orcish_pauldron.tga,Armor,orcish_pauldron_right,Orcish Right Pauldron,a\A_Orcish_Pauldron_UA.nif,Morrowind
a\TX_Steel_curaiss.tga,Armor,steel_cuirass,Steel Cuirass,a\A_Steel_Cuirass_GND.nif,Morrowind
a\TX_Steel_curaiss.tga,Armor,steel_cuirass,Steel Cuirass,a\A_Steel_Cuirass_GND.nif,Morrowind/Bloodmoon
a\TX_Steel_curaiss.tga,Armor,steel_cuirass,Steel Cuirass,a\A_Steel_Cuirass_GND.nif,Morrowind/Tribunal
a\TX_Steel_curaiss.tga,Armor,steel_cuirass_ancient,Ancient Steel Cuirass,a\A_Steel_Cuirass_GND.nif,Morrowind/Bloodmoon
a\TX_Steel_gauntlet.tga,Armor,steel_gauntlet_left,Steel Left Gauntlet,a\A_Steel_Gauntlet_GND.NIF,Morrowind
a\TX_Steel_gauntlet.tga,Armor,steel_gauntlet_left,Steel Left Gauntlet,a\A_Steel_Gauntlet_GND.NIF,Morrowind/Tribunal
a\TX_Steel_gauntlet.tga,Armor,steel_gauntlet_left_ancient,Ancient Steel Left Gauntlet,a\A_Steel_Gauntlet_GND.NIF,Morrowind/Bloodmoon
a\TX_Steel_gauntlet.tga,Armor,steel_gauntlet_right,Steel Right Gauntlet,a\A_Steel_Gauntlet_GND.NIF,Morrowind
a\TX_Steel_gauntlet.tga,Armor,steel_gauntlet_right,Steel Right Gauntlet,a\A_Steel_Gauntlet_GND.NIF,Morrowind/Tribunal
a\TX_Steel_gauntlet.tga,Armor,steel_gauntlet_right_ancient,Ancient Steel Right Gauntlet,a\A_Steel_Gauntlet_GND.NIF,Morrowind/Bloodmoon
a\TX_Steel_greaves.tga,Armor,steel_greaves,Steel Greaves,a\A_Steel_Greaves_GND.nif,Morrowind
a\TX_Steel_greaves.tga,Armor,steel_greaves,Steel Greaves,a\A_Steel_Greaves_GND.nif,Morrowind/Bloodmoon
a\TX_Steel_greaves.tga,Armor,steel_greaves_ancient,Ancient Steel Greaves,a\A_Steel_Greaves_GND.nif,Morrowind/Bloodmoon
a\TX_Steel_helmet.tga,Armor,steel_helm,Steel Helm,a\A_Steel_Helmet.nif,Morrowind
a\TX_Steel_helmet.tga,Armor,steel_helm,Steel Helm,a\A_Steel_Helmet.nif,Morrowind/Bloodmoon
a\TX_Steel_helmet.tga,Armor,steel_helm,Steel Helm,a\A_Steel_Helmet.nif,Morrowind/Tribunal
a\TX_Steel_helmet.tga,Armor,steel_helm_ancient,Ancient Steel Helm,a\A_Steel_Helmet.nif,Morrowind/Bloodmoon
a\TX_Steel_pauldron.tga,Armor,steel_pauldron_left,Steel Left Pauldron,a\A_Steel_Pauldron_GND.nif,Morrowind
a\TX_Steel_pauldron.tga,Armor,steel_pauldron_left_ancient,Ancient Steel Left Pauldron,a\A_Steel_Pauldron_GND.nif,Morrowind/Bloodmoon
a\TX_Steel_pauldron.tga,Armor,steel_pauldron_right,Steel Right Pauldron,a\A_Steel_Pauldron_GND.nif,Morrowind
a\TX_Steel_pauldron.tga,Armor,steel_pauldron_right,Steel Right Pauldron,a\A_Steel_Pauldron_GND.nif,Morrowind/Bloodmoon
a\TX_Steel_pauldron.tga,Armor,steel_pauldron_right_ancient,Ancient Steel Right Pauldron,a\A_Steel_Pauldron_GND.nif,Morrowind/Bloodmoon
a\TX_Towershield_daedric.tga,Armor,daedric_towershield,Daedric Tower Shield,a\Towershield_Daedric.nif,Morrowind
a\TX_shield_daedric.tga,Armor,azura's servant,Azura's Servant,a\Shield_Daedric.nif,Morrowind
a\TX_shield_daedric.tga,Armor,bound_shield,Bound Shield,a\Shield_Daedric.nif,Morrowind
a\TX_shield_daedric.tga,Armor,daedric_shield,Daedric Shield,a\Shield_Daedric.nif,Morrowind
a\TX_shield_glass.tga,Armor,glass_shield,Glass Shield,a\Shield_Glass.nif,Morrowind
a\TX_towershield_glass.tga,Armor,glass_towershield,Glass Tower Shield,a\Towershield_Glass.nif,Morrowind
a\TX_towershield_orcish.tga,Armor,orcish_towershield,Orcish Tower Shield,a\Towershield_Orcish.nif,Morrowind
a\Tx_AlmIndoril_boots.tga,Armor,Indoril_Almalexia_boots,Her Hand's Boots,a\A_AlmIndoril_Boot_GND.NIF,Morrowind/Tribunal
a\Tx_AlmIndoril_boots.tga,Armor,Indoril_MH_Guard_boots,Her Hand's Boots,a\A_AlmIndoril_Boot_GND.NIF,Morrowind/Tribunal
a\Tx_AlmIndoril_cuirass.tga,Armor,Indoril_Almalexia_Cuirass,Her Hand's Cuirass,a\A_AlmIndoril_Cuirass_GND.NIF,Morrowind/Tribunal
a\Tx_AlmIndoril_cuirass.tga,Armor,Indoril_MH_Guard_Cuirass,Her Hand's Cuirass,a\A_AlmIndoril_Cuirass_GND.NIF,Morrowind/Tribunal
a\Tx_AlmIndoril_gauntlet.tga,Armor,Indoril_Almalexia_gauntlet_L,Her Hand's Left Gauntlet,a\A_AlmIndoril_Gauntlet_GND.NIF,Morrowind/Tribunal
a\Tx_AlmIndoril_gauntlet.tga,Armor,Indoril_Almalexia_gauntlet_R,Her Hand's Right Gauntlet,a\A_AlmIndoril_Gauntlet_GND.NIF,Morrowind/Tribunal
a\Tx_AlmIndoril_gauntlet.tga,Armor,Indoril_MH_Guard_gauntlet_L,Her Hand's Left Gauntlet,a\A_AlmIndoril_Gauntlet_GND.NIF,Morrowind/Tribunal
a\Tx_AlmIndoril_gauntlet.tga,Armor,Indoril_MH_Guard_gauntlet_R,Her Hand's Right Gauntlet,a\A_AlmIndoril_Gauntlet_GND.NIF,Morrowind/Tribunal
a\Tx_AlmIndoril_greaves.tga,Armor,Indoril_Almalexia_Greaves,Her Hand's Greaves,a\A_AlmIndoril_Greaves_GND.NIF,Morrowind/Tribunal
a\Tx_AlmIndoril_greaves.tga,Armor,Indoril_MH_Guard_Greaves,Her Hand's Greaves,a\A_AlmIndoril_Greaves_GND.NIF,Morrowind/Tribunal
a\Tx_AlmIndoril_helmet.tga,Armor,Indoril_Almalexia_helmet,Her Hand's Helmet,a\A_AlmIndoril_Helmet.NIF,Morrowind/Tribunal
a\Tx_AlmIndoril_helmet.tga,Armor,Indoril_MH_Guard_helmet,Her Hand's Helmet,a\A_AlmIndoril_Helmet.NIF,Morrowind/Tribunal
a\Tx_AlmIndoril_pauldron.tga,Armor,Indoril_Almalexia_Pauldron_L,Her Hand's Left Pauldron,a\A_AlmIndoril_Pauldron_GND.NIF,Morrowind/Tribunal
a\Tx_AlmIndoril_pauldron.tga,Armor,Indoril_Almalexia_Pauldron_R,Her Hand's Right Pauldron,a\A_AlmIndoril_Pauldron_GND.NIF,Morrowind/Tribunal
a\Tx_AlmIndoril_pauldron.tga,Armor,Indoril_MH_Guard_Pauldron_L,Her Hand's Left Pauldron,a\A_AlmIndoril_Pauldron_GND.NIF,Morrowind/Tribunal
a\Tx_AlmIndoril_pauldron.tga,Armor,Indoril_MH_Guard_Pauldron_R,Her Hand's Right Pauldron,a\A_AlmIndoril_Pauldron_GND.NIF,Morrowind/Tribunal
a\Tx_Boot_heavy_leather.tga,Armor,conoon_chodala_boots_unique,Conoon Chodala's Boots,a\A_Boot_hvy_leather_GND.NIF,Morrowind
a\Tx_Boot_heavy_leather.tga,Armor,heavy_leather_boots,Heavy Leather Boots,a\A_Boot_hvy_leather_GND.NIF,Morrowind
a\Tx_Daedric_boots.tga,Armor,bound_boots,Bound Boots,a\A_Daedric_Boots_GND.nif,Morrowind
a\Tx_Daedric_boots.tga,Armor,daedric_boots,Daedric Boots,a\A_Daedric_Boots_GND.nif,Morrowind
a\Tx_Daedric_cuirass.tga,Armor,bound_cuirass,Bound Cuirass,a\A_Daedric_cuirass_GND.nif,Morrowind
a\Tx_Daedric_cuirass.tga,Armor,daedric_cuirass,Daedric Cuirass,a\A_Daedric_cuirass_GND.nif,Morrowind
a\Tx_Daedric_cuirass.tga,Armor,daedric_cuirass_htab,Daedric Cuirass,a\A_Daedric_cuirass_GND.nif,Morrowind
a\Tx_Daedric_gauntlet.tga,Armor,bound_gauntlet_left,Bound Left Gauntlet,a\A_Daedric_gauntlet_GND.nif,Morrowind
a\Tx_Daedric_gauntlet.tga,Armor,bound_gauntlet_right,Bound Right Gauntlet,a\A_Daedric_gauntlet_GND.nif,Morrowind
a\Tx_Daedric_gauntlet.tga,Armor,daedric_gauntlet_left,Daedric Left Gauntlet,a\A_Daedric_gauntlet_GND.nif,Morrowind
a\Tx_Daedric_gauntlet.tga,Armor,daedric_gauntlet_right,Daedric Right Gauntlet,a\A_Daedric_gauntlet_GND.nif,Morrowind
a\Tx_Daedric_greaves.tga,Armor,daedric_greaves,Daedric Greaves,a\A_Daedric_Greaves_GND.nif,Morrowind
a\Tx_Daedric_greaves.tga,Armor,daedric_greaves_htab,Daedric Greaves,a\A_Daedric_Greaves_GND.nif,Morrowind
a\Tx_Daedric_pauldron.tga,Armor,daedric_pauldron_left,Daedric Left Pauldron,a\A_Daedric_Pauldron_GND.nif,Morrowind
a\Tx_Daedric_pauldron.tga,Armor,daedric_pauldron_right,Daedric Right Pauldron,a\A_Daedric_Pauldron_GND.nif,Morrowind
a\Tx_DarkBrotherhood_Boot.tga,Armor,DarkBrotherhood Boots,Dark Brotherhood Boots,a\A_DarkBrotherhood_B_GND.NIF,Morrowind/Tribunal
a\Tx_DarkBrotherhood_Gaunt.tga,Armor,DarkBrotherhood gauntlet_L,Dark Brotherhood Left Gauntlet,a\A_DarkBrotherhood_Gau_GND.NIF,Morrowind/Tribunal
a\Tx_DarkBrotherhood_Gaunt.tga,Armor,DarkBrotherhood gauntlet_R,Dark Brotherhood Right Gauntlet,a\A_DarkBrotherhood_Gau_GND.NIF,Morrowind/Tribunal
a\Tx_DarkBrotherhood_Pauld.tga,Armor,DarkBrotherhood pauldron_L,Dark Brotherhood Left Pauldron,a\A_DarkBrotherhood_Pa_GND.NIF,Morrowind/Tribunal
a\Tx_DarkBrotherhood_Pauld.tga,Armor,DarkBrotherhood pauldron_R,Dark Brotherhood Right Pauldron,a\A_DarkBrotherhood_Pa_GND.NIF,Morrowind/Tribunal
a\Tx_DarkBrotherhood_cuir.tga,Armor,DarkBrotherhood Cuirass,Dark Brotherhood Cuirass,a\A_DarkBrotherhood_C_GND.NIF,Morrowind/Tribunal
a\Tx_DarkBrotherhood_greav.tga,Armor,DarkBrotherhood greaves,Dark Brotherhood Greaves,a\A_DarkBrotherhood_Gr_GND.NIF,Morrowind/Tribunal
a\Tx_DarkBrotherhood_helm.tga,Armor,DarkBrotherhood Helm,Dark Brotherhood Helm,a\A_DarkBrotherhood_Helmet.NIF,Morrowind/Tribunal
a\Tx_Dwemer_shield.tga,Armor,dwemer_shield,Dwemer Shield,a\Shield_Dwemer.nif,Morrowind
a\Tx_Dwemer_shield.tga,Armor,shadow_shield,Shadow Shield,a\Shield_Dwemer.nif,Morrowind
a\Tx_Dwemer_shield.tga,Armor,shield of wounds,Shield of Wounds,a\Shield_Dwemer.nif,Morrowind
a\Tx_Ebony_boot.tga,Armor,ebony_boots,Ebony Boots,a\A_Ebony_Boot_GND.nif,Morrowind
a\Tx_Ebony_bracer.tga,Armor,ebony_bracer_left,Ebony Left Bracer,a\A_Ebony_Bracer_w.nif,Morrowind
a\Tx_Ebony_bracer.tga,Armor,ebony_bracer_left_tgeb,Ebony Left Bracer,a\A_Ebony_Bracer_w.nif,Morrowind
a\Tx_Ebony_bracer.tga,Armor,ebony_bracer_right,Ebony Right Bracer,a\A_Ebony_Bracer_w.nif,Morrowind
a\Tx_Ebony_bracer.tga,Armor,ebony_bracer_right_tgeb,Ebony Right Bracer,a\A_Ebony_Bracer_w.nif,Morrowind
a\Tx_Ebony_cuirass.tga,Armor,ebony_cuirass,Ebony Cuirass,a\A_Ebony_Cuirass_GND.nif,Morrowind
a\Tx_Ebony_cuirass.tga,Armor,ebony_cuirass_soscean,Soscean's Cuirass,a\A_Ebony_Cuirass_GND.nif,Morrowind/Tribunal
a\Tx_Ebony_greaves.tga,Armor,ebony_greaves,Ebony Greaves,a\A_Ebony_Greaves_GND.nif,Morrowind
a\Tx_Ebony_helmet.tga,Armor,ebony_closed_helm,Ebony Closed Helm,a\A_Ebony_Helmet.nif,Morrowind
a\Tx_Ebony_helmet.tga,Armor,ebony_closed_helm_fghl,Sarano Ebony Helm,a\A_Ebony_Helmet.nif,Morrowind
a\Tx_Ebony_pauldron.tga,Armor,ebony_pauldron_left,Ebony Left Pauldron,a\A_Ebony_Pauldron_GND.nif,Morrowind
a\Tx_Ebony_pauldron.tga,Armor,ebony_pauldron_right,Ebony Right Pauldron,a\A_Ebony_Pauldron_GND.nif,Morrowind
a\Tx_Fur_Colovian_helm.tga,Armor,fur_colovian_helm,Colovian Fur Helm,a\A_Helm_Colovian.NIF,Morrowind
a\Tx_Fur_Colovian_helm.tga,Armor,fur_colovian_helm_red,Red Colovian Fur Helm,a\A_Helm_Colovian.NIF,Morrowind/Bloodmoon
a\Tx_HelsethGuard_boots.tga,Armor,Helsethguard_boots,Royal Guard Boots,a\A_HelsethGuard_Boots_GND.NIF,Morrowind/Tribunal
a\Tx_HelsethGuard_cuirass.tga,Armor,Helsethguard_cuirass,Royal Guard Cuirass,a\A_HelsethGuard_cur_GND.NIF,Morrowind/Tribunal
a\Tx_HelsethGuard_gauntlet.tga,Armor,Helsethguard_gauntlet_left,Royal Guard Left Gauntlet,a\A_HelsethGuard_gauntl_GND.NIF,Morrowind/Tribunal
a\Tx_HelsethGuard_gauntlet.tga,Armor,Helsethguard_gauntlet_right,Royal Guard Right Gauntlet,a\A_HelsethGuard_gauntl_GND.NIF,Morrowind/Tribunal
a\Tx_HelsethGuard_greave.tga,Armor,Helsethguard_greaves,Royal Guard Greaves,a\A_HelsethGuard_Greave_GND.NIF,Morrowind/Tribunal
a\Tx_HelsethGuard_helmet.tga,Armor,Helsethguard_Helmet,Royal Guard Helm,a\A_HelsethGuard_Helm.NIF,Morrowind/Tribunal
a\Tx_HelsethGuard_pauldron.tga,Armor,Helsethguard_pauldron_left,Royal Guard Left Pauldron,a\A_HelsethGuard_Pauld_GND.NIF,Morrowind/Tribunal
a\Tx_HelsethGuard_pauldron.tga,Armor,Helsethguard_pauldron_right,Royal Guard Right Pauldron,a\A_HelsethGuard_Pauld_GND.NIF,Morrowind/Tribunal
a\Tx_ImperialChain_Cuirass.tga,Armor,imperial_chain_cuirass,Imperial Chain Cuirass,a\A_M_ImperialChain_C_GND.nif,Morrowind
a\Tx_ImperialChain_Cuirass.tga,Armor,imperial_chain_cuirass,Imperial Chain Cuirass,a\A_M_ImperialChain_C_GND.nif,Morrowind/Tribunal
a\Tx_ImperialChain_Greaves.tga,Armor,imperial_chain_greaves,Imperial Chain Greaves,a\A_M_ImperialChain_Gr_GND.nif,Morrowind
a\Tx_ImperialChain_Greaves.tga,Armor,imperial_chain_greaves,Imperial Chain Greaves,a\A_M_ImperialChain_Gr_GND.nif,Morrowind/Tribunal
a\Tx_ImperialChain_Helmet.tga,Armor,imperial_chain_coif_helm,Imperial Chain Coif,a\A_M_ImperialChain_Helmet.nif,Morrowind
a\Tx_ImperialChain_pauldron.tga,Armor,imperial_chain_pauldron_left,Imperial Chain Left Pauldron,a\A_M_ImperialChain_Pa_UA.nif,Morrowind
a\Tx_ImperialChain_pauldron.tga,Armor,imperial_chain_pauldron_left,Imperial Chain Left Pauldron,a\A_M_ImperialChain_Pa_UA.nif,Morrowind/Tribunal
a\Tx_ImperialChain_pauldron.tga,Armor,imperial_chain_pauldron_right,Imperial Chain Right Pauldron,a\A_M_ImperialChain_Pa_GND.nif,Morrowind
a\Tx_ImperialChain_pauldron.tga,Armor,imperial_chain_pauldron_right,Imperial Chain Right Pauldron,a\A_M_ImperialChain_Pa_GND.nif,Morrowind/Tribunal
a\Tx_Imperial_boot.tga,Armor,imperial boots,Imperial Steel Boots,a\A_Imperial_A_Boot_GND.nif,Morrowind
a\Tx_Imperial_curaiss.tga,Armor,imperial cuirass_armor,Imperial Steel Cuirass,a\A_Imperial_M_Cuirass_GND.nif,Morrowind
a\Tx_Imperial_curaiss.tga,Armor,imperial cuirass_armor,Imperial Steel Cuirass,a\A_Imperial_M_Cuirass_GND.nif,Morrowind/Tribunal
a\Tx_Imperial_gauntlet.tga,Armor,imperial left gauntlet,Imperial Steel Left Gauntlet,a\A_Imperial_A_Gauntlet_GND.nif,Morrowind
a\Tx_Imperial_gauntlet.tga,Armor,imperial right gauntlet,Imperial Steel Right Gauntlet,a\A_Imperial_A_Gauntlet_GND.nif,Morrowind
a\Tx_Imperial_greaves.tga,Armor,imperial_greaves,Imperial Steel Greaves,a\A_Imperial_Greaves_GND.NIF,Morrowind
a\Tx_Imperial_helmet.tga,Armor,imperial helmet armor,Imperial Steel Helmet,a\A_Imperial_M_Helmet.nif,Morrowind
a\Tx_Imperial_helmet.tga,Armor,imperial helmet armor_Dae_curse,Imperial Steel Helmet,a\A_Imperial_M_Helmet.nif,Morrowind
a\Tx_Imperial_helmet.tga,Armor,imperial_helm_frald_uniq,Helm of Graff the White,a\A_Imperial_M_Helmet.nif,Morrowind
a\Tx_Imperial_pauldron.tga,Armor,imperial left pauldron,Imperial Steel Left Pauldron,a\A_Imperial_Pauldron_GND.nif,Morrowind
a\Tx_Imperial_pauldron.tga,Armor,imperial right pauldron,Imperial Steel Right Pauldron,a\A_Imperial_Pauldron_GND.nif,Morrowind
a\Tx_Imperial_shield.tga,Armor,feather_shield,Feather Shield,a\A_Shield_Imperial.nif,Morrowind
a\Tx_Imperial_shield.tga,Armor,imperial shield,Imperial Shield,a\A_Shield_Imperial.nif,Morrowind
a\Tx_Imperial_shield.tga,Armor,shield_of_light,Shield of Light,a\A_Shield_Imperial.nif,Morrowind
a\Tx_Imperial_shield.tga,Armor,velothis_shield,Velothi's Shield,a\A_Shield_Imperial.nif,Morrowind
a\Tx_Indoril_boot.tga,Armor,indoril boots,Indoril Boots,a\A_Indoril_M_boot_GND.nif,Morrowind
a\Tx_Indoril_curaiss.tga,Armor,indoril cuirass,Indoril Cuirass,a\A_Indoril_M_Cuirass_GND.nif,Morrowind
a\Tx_Indoril_gauntlet.tga,Armor,indoril left gauntlet,Indoril Left Gauntlet,a\A_Indoril_M_Gauntlet_GND.nif,Morrowind
a\Tx_Indoril_gauntlet.tga,Armor,indoril right gauntlet,Indoril Right Gauntlet,a\A_Indoril_M_Gauntlet_GND.nif,Morrowind
a\Tx_Indoril_helmet.tga,Armor,indoril helmet,Indoril Helmet,a\A_Indoril_M_Helmet.nif,Morrowind
a\Tx_Indoril_helmet.tga,Armor,indoril helmet,Indoril Helmet,a\A_Indoril_M_Helmet.nif,Morrowind/Tribunal
a\Tx_Indoril_pauldron.tga,Armor,indoril pauldron left,Indoril Left Pauldron,a\A_Indoril_M_Pauldron_GND.nif,Morrowind
a\Tx_Indoril_pauldron.tga,Armor,indoril pauldron right,Indoril Right Pauldron,a\A_Indoril_M_Pauldron_GND.nif,Morrowind
a\Tx_Indoril_shield.tga,Armor,indoril shield,Indoril Shield,a\Shield_Indoril.nif,Morrowind
a\Tx_Indoril_shield.tga,Armor,spirit of indoril,Spirit of Indoril,a\Shield_Indoril.nif,Morrowind
a\Tx_Indoril_shield.tga,Armor,succour of indoril,Succour of Indoril,a\Shield_Indoril.nif,Morrowind
a\Tx_Iron_Gauntlet.tga,Armor,iron_gauntlet_left,Iron Left Gauntlet,a\A_Iron_Gauntlet_GND.nif,Morrowind
a\Tx_Iron_Gauntlet.tga,Armor,iron_gauntlet_right,Iron Right Gauntlet,a\A_Iron_Gauntlet_GND.nif,Morrowind
a\Tx_Iron_Helm_01.tga,Armor,iron_helmet,Iron Helmet,a\A_Iron_Helm_01.nif,Morrowind
a\Tx_Iron_Helm_01.tga,Armor,iron_helmet,Iron Helmet,a\A_Iron_Helm_01.nif,Morrowind/Tribunal
a\Tx_Iron_boots.tga,Armor,iron boots,Iron Boots,a\A_Iron_Boot_GND.nif,Morrowind
a\Tx_Iron_boots.tga,Armor,iron boots,Iron Boots,a\A_Iron_Boot_GND.nif,Morrowind/Tribunal
a\Tx_Iron_bracer.tga,Armor,iron_bracer_left,Iron Left Bracer,a\A_Iron_Bracer_W.nif,Morrowind
a\Tx_Iron_bracer.tga,Armor,iron_bracer_right,Iron Right Bracer,a\A_Iron_Bracer_W.nif,Morrowind
a\Tx_Iron_cuirass.tga,Armor,iron_cuirass,Iron Cuirass,a\A_Iron_Cuirass_GND.nif,Morrowind
a\Tx_Iron_cuirass.tga,Armor,iron_cuirass,Iron Cuirass,a\A_Iron_Cuirass_GND.nif,Morrowind/Tribunal
a\Tx_Iron_greaves.tga,Armor,iron_greaves,Iron Greaves,a\A_Iron_Greaves_GND.nif,Morrowind
a\Tx_Iron_pauldron.tga,Armor,iron_pauldron_left,Iron Left Pauldron,a\A_Iron_Pauldron_GND.nif,Morrowind
a\Tx_Iron_pauldron.tga,Armor,iron_pauldron_right,Iron Right Pauldron,a\A_Iron_Pauldron_GND.nif,Morrowind
a\Tx_MoragTong_Helm.tga,Armor,morag_tong_helm,Morag Tong Helm,a\A_MoragTong_Helm.NIF,Morrowind
a\Tx_Netch_Helmet.tga,Armor,netch_leather_helm,Netch Leather Helm,a\A_Netch_M_Helmet.nif,Morrowind
a\Tx_Netch_boiled_helm.tga,Armor,netch_leather_boiled_helm,Boiled Netch Leather Helm,a\A_Netch_boiled_helm.NIF,Morrowind
a\Tx_Netch_boots.tga,Armor,boots of blinding speed[unique],Boots of Blinding Speed,a\A_Netch_M_boot_GND.nif,Morrowind
a\Tx_Netch_boots.tga,Armor,boots of blinding speed_x,Boots of Blinding Speed,a\A_Netch_M_boot_GND.nif,Morrowind/Tribunal
a\Tx_Netch_boots.tga,Armor,netch_leather_boots,Netch Leather Boots,a\A_Netch_M_boot_GND.nif,Morrowind
a\Tx_Netch_boots.tga,Armor,netch_leather_boots,Netch Leather Boots,a\A_Netch_M_boot_GND.nif,Morrowind/Tribunal
a\Tx_Netch_cuirass.tga,Armor,merisan_cuirass,Merisan Cuirass,a\A_Netch_M_cuirass_GND.nif,Morrowind
a\Tx_Netch_cuirass.tga,Armor,netch_leather_boiled_cuirass,Boiled Netch Leather Cuirass,a\A_Netch_M_cuirass_GND.nif,Morrowind
a\Tx_Netch_cuirass2.tga,Armor,netch_leather_cuirass,Netch Leather Cuirass,a\A_Netch_M_Currais2_GND.NIF,Morrowind
a\Tx_Netch_cuirass2.tga,Armor,netch_leather_cuirass,Netch Leather Cuirass,a\A_Netch_M_Currais2_GND.NIF,Morrowind/Tribunal
a\Tx_Netch_gauntlet.tga,Armor,gauntlet _horny_fist_l,Left Gauntlet of the Horny Fist,a\A_Netch_M_gauntlet_GND.nif,Morrowind
a\Tx_Netch_gauntlet.tga,Armor,gauntlet_horny_fist_r,Right Gauntlet of Horny Fist,a\A_Netch_M_gauntlet_GND.nif,Morrowind
a\Tx_Netch_gauntlet.tga,Armor,left_horny_fist_gauntlet,Left Glove of the Horny Fist,a\A_Netch_M_gauntlet_GND.nif,Morrowind
a\Tx_Netch_gauntlet.tga,Armor,netch_leather_gauntlet_left,Netch Leather Left Gauntlet,a\A_Netch_M_gauntlet_GND.nif,Morrowind
a\Tx_Netch_gauntlet.tga,Armor,netch_leather_gauntlet_left,Netch Leather Left Gauntlet,a\A_Netch_M_gauntlet_GND.nif,Morrowind/Tribunal
a\Tx_Netch_gauntlet.tga,Armor,netch_leather_gauntlet_right,Netch Leather Right Gauntlet,a\A_Netch_M_gauntlet_GND.nif,Morrowind
a\Tx_Netch_gauntlet.tga,Armor,netch_leather_gauntlet_right,Netch Leather Right Gauntlet,a\A_Netch_M_gauntlet_GND.nif,Morrowind/Tribunal
a\Tx_Netch_gauntlet.tga,Armor,right horny fist gauntlet,Right Glove of the Horny Fist,a\A_Netch_M_gauntlet_GND.nif,Morrowind
a\Tx_Netch_greaves.tga,Armor,netch_leather_greaves,Netch Leather Greaves,a\A_Netch_M_Greave_GND.nif,Morrowind
a\Tx_Netch_pauldron.tga,Armor,netch_leather_pauldron_left,Netch Leather Left Pauldron,a\A_Netch_M_Pauldron_GND.nif,Morrowind
a\Tx_Netch_pauldron.tga,Armor,netch_leather_pauldron_left,Netch Leather Left Pauldron,a\A_Netch_M_Pauldron_GND.nif,Morrowind/Tribunal
a\Tx_Netch_pauldron.tga,Armor,netch_leather_pauldron_right,Netch Leather Right Pauldron,a\A_Netch_M_Pauldron_GND.nif,Morrowind
a\Tx_Netch_pauldron.tga,Armor,netch_leather_pauldron_right,Netch Leather Right Pauldron,a\A_Netch_M_Pauldron_GND.nif,Morrowind/Tribunal
a\Tx_NordicFur_boots.tga,Armor,fur_boots,Nordic Fur Boots,a\A_NordicFur_Boot_GND.nif,Morrowind
a\Tx_NordicFur_boots.tga,Armor,fur_boots,Nordic Fur Boots,a\A_NordicFur_Boot_GND.nif,Morrowind/Tribunal
a\Tx_NordicFur_cuirass.tga,Armor,fur_cuirass,Nordic Fur Cuirass,a\A_NordicFur_M_Cuirass_GND.nif,Morrowind
a\Tx_NordicFur_gauntlet.tga,Armor,Gauntlet_of_Glory_left,Left Gauntlet of Glory,a\A_NordicFur_Gauntlet_GND.nif,Morrowind
a\Tx_NordicFur_gauntlet.tga,Armor,fur_gauntlet_left,Nordic Fur Left Gauntlet,a\A_NordicFur_Gauntlet_GND.nif,Morrowind
a\Tx_NordicFur_gauntlet.tga,Armor,fur_gauntlet_right,Nordic Fur Right Gauntlet,a\A_NordicFur_Gauntlet_GND.nif,Morrowind
a\Tx_NordicFur_gauntlet.tga,Armor,gauntlet_of_glory_right,Right Gauntlet of Glory,a\A_NordicFur_Gauntlet_GND.nif,Morrowind
a\Tx_NordicFur_pauldron.tga,Armor,fur_pauldron_left,Nordic Fur Left Pauldron,a\A_NordicFur_Pauldron_GND.nif,Morrowind
a\Tx_NordicFur_pauldron.tga,Armor,fur_pauldron_left,Nordic Fur Left Pauldron,a\A_NordicFur_Pauldron_GND.nif,Morrowind/Tribunal
a\Tx_NordicFur_pauldron.tga,Armor,fur_pauldron_right,Nordic Fur Right Pauldron,a\A_NordicFur_Pauldron_GND.nif,Morrowind
a\Tx_NordicFur_pauldron.tga,Armor,fur_pauldron_right,Nordic Fur Right Pauldron,a\A_NordicFur_Pauldron_GND.nif,Morrowind/Tribunal
a\Tx_NordicIron_Cuirass.tga,Armor,nordic_iron_cuirass,Nordic Iron Cuirass,a\A_NordicIron_C_GND.NIF,Morrowind
a\Tx_Ringmail_cuirass.tga,Armor,nordic_ringmail_cuirass,Nordic Ringmail Cuirass,a\A_Ringmail_Cuirass_GND.nif,Morrowind
a\Tx_Shield_AlmIndoril.dds,Armor,Indoril_Almalexia_shield,Her Hand's Shield,a\Shield_AmIndoril.NIF,Morrowind/Tribunal
a\Tx_Shield_AlmIndoril.dds,Armor,Indoril_MH_Guard_shield,Her Hand's Shield,a\Shield_AmIndoril.NIF,Morrowind/Tribunal
a\Tx_Steel_boot.tga,Armor,steel_boots,Steel Boots,a\A_Steel_Boots_GND.nif,Morrowind
a\Tx_Steel_boot.tga,Armor,steel_boots,Steel Boots,a\A_Steel_Boots_GND.nif,Morrowind/Bloodmoon
a\Tx_Steel_boot.tga,Armor,steel_boots_ancient,Ancient Steel Boots,a\A_Steel_Boots_GND.nif,Morrowind/Bloodmoon
a\Tx_StuddedLeather_cuirass.tga,Armor,imperial_studded_cuirass,Imperial Studded Leather Cuiras,a\A_StuddedLeather_C_GND.nif,Morrowind
a\Tx_StuddedLeather_cuirass.tga,Armor,imperial_studded_cuirass,Imperial Studded Leather Cuiras,a\A_StuddedLeather_C_GND.nif,Morrowind/Tribunal
a\Tx_Templar_boot.tga,Armor,templar boots,Imperial Templar Boots,a\A_Templar_M_Boot_GND.nif,Morrowind
a\Tx_Templar_bracer.tga,Armor,templar bracer left,Imperial Templar Left Bracer,a\A_Templar_M_W_Bracer.nif,Morrowind
a\Tx_Templar_bracer.tga,Armor,templar bracer right,Imperial Templar Right Bracer,a\A_Templar_M_W_Bracer.nif,Morrowind
a\Tx_Templar_curaiss.tga,Armor,templar_cuirass,Imperial Templar Knight Cuirass,a\A_Templar_M_Cuirass_GND.nif,Morrowind
a\Tx_Templar_helmet.tga,Armor,templar_helmet_armor,Imperial Templar Helmet,a\A_Templar_M_Helmet.nif,Morrowind
a\Tx_Templar_helmet.tga,Armor,templar_helmet_armor,Imperial Templar Helmet,a\A_Templar_M_Helmet.nif,Morrowind/Bloodmoon
a\Tx_Templar_pauldron.tga,Armor,templar_pauldron_left,Imperial Templar Left Pauldron,a\A_Templar_M_CL_Pauldron.nif,Morrowind
a\Tx_Templar_pauldron.tga,Armor,templar_pauldron_right,Imperial Templar Right Pauldron,a\A_Templar_M_CL_Pauldron.nif,Morrowind
a\Tx_Towershield_Netch.tga,Armor,netch_leather_towershield,Netch Leather Tower Shield,a\TowerShield_Netch_leather.NIF,Morrowind
a\Tx_Towershield_Netch.tga,Armor,veloths_tower_shield,Veloth's Tower Shield,a\TowerShield_Netch_leather.NIF,Morrowind
a\Tx_Towershield_RedoranM.tga,Armor,bonemold_tshield_hrlb,Redoran Banner Shield,a\Towershield_RedoranM.NIF,Morrowind
a\Tx_Towershield_RedoranM.tga,Armor,bonemold_tshield_redoranguard,Redoran Guard Shield,a\Towershield_RedoranM.NIF,Morrowind
a\Tx_Towershield_chitin.tga,Armor,chitin_towershield,Chitin Tower Shield,a\TowerShield_Chitin.NIF,Morrowind
a\Tx_cephalopod_helm.tga,Armor,cephalopod_helm,Telvanni Cephalopod Helm,a\A_Cephalopod_helm.NIF,Morrowind
a\Tx_cephalopod_helm.tga,Armor,cephalopod_helm_HTNK,Gothren's Cephalopod Helm,a\A_Cephalopod_helm.NIF,Morrowind
a\Tx_cephalopod_helm.tga,Armor,demon cephalopod,Demon Cephalopod,a\A_Cephalopod_helm.NIF,Morrowind
a\Tx_cephalopod_helm.tga,Armor,devil cephalopod helm,Devil Cephalopod Helm,a\A_Cephalopod_helm.NIF,Morrowind
a\Tx_dustAdept_helm.tga,Armor,demon helm,Demon Helm,a\A_DustAdept_Helm.NIF,Morrowind
a\Tx_dustAdept_helm.tga,Armor,devil helm,Devil Helm,a\A_DustAdept_Helm.NIF,Morrowind
a\Tx_dustAdept_helm.tga,Armor,dust_adept_helm,Telvanni Dust Adept Helm,a\A_DustAdept_Helm.NIF,Morrowind
a\Tx_dustAdept_helm.tga,Armor,fiend helm,Fiend Helm,a\A_DustAdept_Helm.NIF,Morrowind
a\Tx_fur_cuirass.tga,Armor,fur_bearskin_cuirass,Nordic Bearskin Cuirass,a\A_fur_cuirass_GND.NIF,Morrowind
a\Tx_shield_Nordic_leather.tga,Armor,netch_leather_shield,Netch Leather Shield,a\Shield_Netch_leather.NIF,Morrowind
a\Tx_shield_Nordic_leather.tga,Armor,nordic_leather_shield,Nordic Leather Shield,a\Shield_Nordic_leather.NIF,Morrowind
a\Tx_shield_Nordic_leather.tga,Armor,nordic_leather_shield,Nordic Leather Shield,a\Shield_Nordic_leather.NIF,Morrowind/Bloodmoon
a\Tx_shield_chitin.tga,Armor,chitin_shield,Chitin Shield,a\Shield_Chitin.NIF,Morrowind
a\Tx_shield_chitin.tga,Armor,shield of the undaunted,Shield of the Undaunted,a\Shield_Chitin.NIF,Morrowind
a\Tx_shield_chitin.tga,Armor,velothian shield,Velothian Shield,a\Shield_Chitin.NIF,Morrowind
a\Tx_shield_chitin.tga,Armor,veloths_shield,Veloth's Shield,a\Shield_Chitin.NIF,Morrowind
a\Tx_shield_steel.tga,Armor,blessed_shield,Blessed Shield,a\shield_steel.NIF,Morrowind
a\Tx_shield_steel.tga,Armor,blessed_shield,Blessed Shield,a\shield_steel.NIF,Morrowind/Bloodmoon
a\Tx_shield_steel.tga,Armor,steel_shield,Steel Shield,a\shield_steel.NIF,Morrowind
a\Tx_shield_steel.tga,Armor,steel_shield,Steel Shield,a\shield_steel.NIF,Morrowind/Bloodmoon
a\Tx_towershield_steel.tga,Armor,Blood_Feast_Shield,Blood Feat Shield,a\TowerShield_steel.NIF,Morrowind
a\Tx_towershield_steel.tga,Armor,blessed_tower_shield,Blessed Tower Shield,a\TowerShield_steel.NIF,Morrowind
a\Tx_towershield_steel.tga,Armor,steel_towershield,Steel Tower Shield,a\TowerShield_steel.NIF,Morrowind
a\Tx_towershield_steel.tga,Armor,steel_towershield_ancient,Ancient Steel Tower Shield,a\TowerShield_steel.NIF,Morrowind/Bloodmoon
a\Tx_watchmansHelm.tga,Armor,chitin_watchman_helm,Redoran Watchman's Helm,a\A_WatchmansHelm.NIF,Morrowind
a\tx_Masque_Clavicus.tga,Armor,daedric_helm_clavicusvile,Masque of Clavicus Vile,a\A_Masque_Clavicus_Vile.NIF,Morrowind
a\tx_Newtscale_cuirass.tga,Armor,newtscale_cuirass,Imperial Newtscale Cuirass,a\A_Newstscale_C_GND.NIF,Morrowind
a\tx_NordicFur_bracer.tga,Armor,fur_bracer_left,Nordic Fur Left Bracer,a\A_NordicFur_Bracer_W.NIF,Morrowind
a\tx_NordicFur_bracer.tga,Armor,fur_bracer_right,Nordic Fur Right Bracer,a\A_NordicFur_Bracer_W.NIF,Morrowind
a\tx_NordicIron_Helm.tga,Armor,nordic_iron_helm,Nordic Iron Helm,a\A_NordicIron_Helm.NIF,Morrowind
a\tx_Templar_greaves.tga,Armor,templar_greaves,Imperial Templar Greaves,a\A_Templar_Greaves_GND.NIF,Morrowind
a\tx_TenPaceBoot.tga,Armor,tenpaceboots,Ten Pace Boots,a\A_TenPaceboot_GND.NIF,Morrowind
a\tx_TenPaceBoot.tga,Armor,tenpaceboots_x,Ten Pace Boots,a\A_TenPaceboot_GND.NIF,Morrowind/Tribunal
a\tx_Towershield_Hlaalu.tga,Armor,bonemold_tshield_hlaaluguard,Hlaalu Guard Shield,a\Towershield_Hlaluu.NIF,Morrowind
a\tx_Towershield_dragon.tga,Armor,dragonscale_towershield,Dragonscale Tower Shield,a\Towershield_Dragonscale.NIF,Morrowind
a\tx_Towershield_iron.tga,Armor,iron_towershield,Iron Tower Shield,a\TowerShield_iron.NIF,Morrowind
a\tx_Trollbone_helm.tga,Armor,bloodworm_helm_unique,Bloodworm Helm,a\A_Trollbone_Helm.NIF,Morrowind
a\tx_Trollbone_helm.tga,Armor,bloodworm_helm_unique_x,Bloodworm Helm,a\A_Trollbone_Helm.NIF,Morrowind/Tribunal
a\tx_Trollbone_helm.tga,Armor,trollbone_helm,Nordic Trollbone Helm,a\A_Trollbone_Helm.NIF,Morrowind
a\tx_Trollbone_helm.tga,Armor,trollbone_helm,Nordic Trollbone Helm,a\A_Trollbone_Helm.NIF,Morrowind/Tribunal
a\tx_bonemold_shield.tga,Armor,bonemold_shield,Bonemold Shield,a\Shield_bonemold.NIF,Morrowind
a\tx_bonemold_shield.tga,Armor,bonemold_shield,Bonemold Shield,a\Shield_bonemold.NIF,Morrowind/Tribunal
a\tx_bonemold_shield.tga,Armor,holy_shield,Holy Shield,a\Shield_bonemold.NIF,Morrowind
a\tx_dragonscale_cuirass.tga,Armor,dragonscale_cuirass,Imperial Dragonscale Cuirass,a\A_Dragonscale_Cuir_GND.NIF,Morrowind
a\tx_dragonscale_helm.tga,Armor,dragonscale_helm,Imperial Dragonscale Helm,a\A_Dragonscale_Helm.NIF,Morrowind
a\tx_dreugh_cuirass.tga,Armor,dreugh_cuirass,Dreugh Cuirass,a\A_Dreugh_Cuirass_GND.NIF,Morrowind
a\tx_dreugh_cuirass.tga,Armor,dreugh_cuirass_ttrm,Dreugh Cuirass,a\A_Dreugh_Cuirass_GND.NIF,Morrowind
a\tx_dreugh_helm.tga,Armor,dreugh_helm,Dreugh Helm,a\A_Dreugh_Helm.NIF,Morrowind
a\tx_dreugh_helm.tga,Armor,helm of holy fire,Helm of Holy Fire,a\A_Dreugh_Helm.NIF,Morrowind
a\tx_gondolier_helm.tga,Armor,gondolier_helm,Gondolier's Helm,a\A_Gondolier_M_Helmet.NIF,Morrowind
a\tx_helm_silver.tga,Armor,silver_helm,Imperial Silver Helm,a\A_Helm_silver.NIF,Morrowind
a\tx_helm_silver.tga,Armor,silver_helm_uvenim,Imperial Silver Helm,a\A_Helm_silver.NIF,Morrowind/Tribunal
a\tx_molecrab_helm.tga,Armor,demon mole crab,Demon Mole Crab,a\A_molecrab_helm.NIF,Morrowind
a\tx_molecrab_helm.tga,Armor,devil mole crab helm,Devil Mole Crab Helm,a\A_molecrab_helm.NIF,Morrowind
a\tx_molecrab_helm.tga,Armor,mole_crab_helm,Telvanni Mole Crab Helm,a\A_molecrab_helm.NIF,Morrowind
a\tx_redoranMaster_h.tga,Armor,redoran_master_helm,Redoran Master Helm,a\A_RedoranMaster_H.NIF,Morrowind
a\tx_shield_auriel.tga,Armor,ebony_shield_auriel,Auriel's Shield,a\Shield_Art_Auriel.NIF,Morrowind
a\tx_shield_auriel.tga,Armor,ebony_shield_auriel_x,Auriel's Shield,a\Shield_Art_Auriel.NIF,Morrowind/Tribunal
a\tx_shield_dreugh.tga,Armor,dreugh_shield,Dreugh Shield,a\Shield_dreugh.NIF,Morrowind
a\tx_shield_dreugh.tga,Armor,dreugh_shield,Dreugh Shield,a\Shield_dreugh.NIF,Morrowind/Tribunal
a\tx_shield_ebony.tga,Armor,darksun_shield_unique,Darksun Shield,a\Shield_ebony.NIF,Morrowind
a\tx_shield_ebony.tga,Armor,ebony_shield,Ebony Shield,a\Shield_ebony.NIF,Morrowind
a\tx_shield_ebony.tga,Armor,saint's shield,Saint's Shield,a\Shield_ebony.NIF,Morrowind
a\tx_shield_ebony.tga,Armor,saint's shield,Saint's Shield,a\Shield_ebony.NIF,Morrowind/Bloodmoon
a\tx_shield_iron.tga,Armor,iron_shield,Iron Shield,a\Shield_iron.NIF,Morrowind
a\tx_silver_cuirass.tga,Armor,silver_cuirass,Imperial Silver Cuirass,a\A_Silver_Cuir_GND.NIF,Morrowind
a\tx_silver_dukes_cuir.tga,Armor,silver_dukesguard_cuirass,Duke's Guard Silver Cuirass,a\A_silver_duke_GND.NIF,Morrowind
a\tx_towershield_Telv.tga,Armor,bonemold_tshield_telvanniguard,Telvanni Guard Shield,a\Towershield_Telvanni.NIF,Morrowind
a\tx_towershield_bonemold.tga,Armor,bonemold_towershield,Bonemold Tower Shield,a\Towershield_bonemold.nif,Morrowind
a\tx_towershield_bonemold.tga,Armor,holy_tower_shield,Holy Tower Shield,a\Towershield_bonemold.nif,Morrowind
a\tx_towershield_ebony.tga,Armor,ebony_towershield,Ebony Tower Shield,a\TowerShield_ebony.NIF,Morrowind
a\tx_towershield_trollbone.tga,Armor,trollbone_shield,Nordic Trollbone Shield,a\TowerShield_Trollbone.NIF,Morrowind
a\tx_trollbone_cuirass.tga,Armor,trollbone_cuirass,Nordic Trollbone Cuirass,a\A_Trollbone_Cuirass_GND.NIF,Morrowind
c\TX_C_bracerCloth.tga,Armor,cloth bracer left,Cloth Left Bracer,c\C_M_Bracer_W_clothwrap02.nif,Morrowind
c\TX_C_bracerCloth.tga,Armor,cloth bracer right,Cloth Right Bracer,c\C_M_Bracer_W_clothwrap02.nif,Morrowind
c\TX_C_bracerCloth.tga,Armor,left cloth horny fist bracer,Left Cloth Horny Fist Bracer,c\C_M_Bracer_W_clothwrap02.nif,Morrowind
c\TX_C_bracerCloth.tga,Armor,right cloth horny fist bracer,Right Cloth Horny Fist Bracer,c\C_M_Bracer_W_clothwrap02.nif,Morrowind
c\TX_C_bracerleather01.tga,Armor,left leather bracer,Left Leather Bracer,c\C_M_Bracer_W_leather01.nif,Morrowind
c\TX_C_bracerleather01.tga,Armor,right leather bracer,Right Leather Bracer,c\C_M_Bracer_W_leather01.nif,Morrowind
c\tx_slavebracer.tga,Armor,slave_bracer_left,Slave's Left Bracer,c\C_Slave_Bracer.NIF,Morrowind
c\tx_slavebracer.tga,Armor,slave_bracer_right,Slave's Right Bracer,c\C_Slave_Bracer.NIF,Morrowind
w\Tx_w_Goblin_Shield.dds,Armor,goblin_shield,Goblin Buckler,w\W_Goblin_Shield.NIF,Morrowind/Tribunal
w\Tx_w_Goblin_Shield.dds,Armor,goblin_shield_durgok_uni,Goblin Buckler,w\W_Goblin_Shield.NIF,Morrowind/Tribunal
m\Tx_book_01.tga,Book,BookSkill_Block1,Death Blow of Abernanit,m\Text_Octavo_07.nif,Morrowind
m\Tx_book_01.tga,Book,BookSkill_Conjuration3,"2920, Hearth Fire",m\Text_Octavo_07.nif,Morrowind
m\Tx_book_01.tga,Book,BookSkill_Conjuration4,"2920, FrostFall",m\Text_Octavo_07.nif,Morrowind
m\Tx_book_01.tga,Book,BookSkill_Heavy Armor2,"2920, MidYear",m\Text_Octavo_07.nif,Morrowind
m\Tx_book_01.tga,Book,BookSkill_Long Blade2,"2920, Morning Star",m\Text_Octavo_07.nif,Morrowind
m\Tx_book_01.tga,Book,BookSkill_Mercantile3,"2920, Sun's Height",m\Text_Octavo_07.nif,Morrowind
m\Tx_book_01.tga,Book,BookSkill_Mysticism2,"2920, Sun's Dawn",m\Text_Octavo_07.nif,Morrowind
m\Tx_book_01.tga,Book,BookSkill_Restoration4,"2920, Rain's Hand",m\Text_Octavo_07.nif,Morrowind
m\Tx_book_01.tga,Book,BookSkill_Short Blade2,"2920, Sun's Dusk",m\Text_Octavo_07.nif,Morrowind
m\Tx_book_01.tga,Book,BookSkill_Short Blade3,"2920, Evening Star",m\Text_Octavo_07.nif,Morrowind
m\Tx_book_01.tga,Book,BookSkill_Sneak2,"2920, Last Seed",m\Text_Octavo_07.nif,Morrowind
m\Tx_book_01.tga,Book,BookSkill_Spear2,"2920, First Seed",m\Text_Octavo_07.nif,Morrowind
m\Tx_book_01.tga,Book,BookSkill_Speechcraft3,"2920, Second Seed",m\Text_Octavo_07.nif,Morrowind
m\Tx_book_01.tga,Book,bk_AncestorsAndTheDunmer,Ancestors and the Dunmer,m\Text_Octavo_07.nif,Morrowind
m\Tx_book_01.tga,Book,bk_AncestorsAndTheDunmer,Ancestors and the Dunmer,m\Text_Octavo_07.nif,Morrowind/Tribunal
m\Tx_book_01.tga,Book,bk_BookOfDaedra,The Book of Daedra,m\Text_Octavo_07.NIF,Morrowind
m\Tx_book_01.tga,Book,bk_BookOfDaedra,The Book of Daedra,m\Text_Octavo_07.NIF,Morrowind/Tribunal
m\Tx_book_01.tga,Book,bk_BookOfLifeAndService,Book of Life and Service,m\Text_Octavo_07.nif,Morrowind
m\Tx_book_01.tga,Book,bk_OverviewOfGodsAndWorship,Overview of Gods and Worship,m\Text_Octavo_07.NIF,Morrowind
m\Tx_book_01.tga,Book,bk_fortpelagiadprisonerlog,Fort Pelagiad Prisoner Log,m\Text_Octavo_07.nif,Morrowind
m\Tx_book_01.tga,Book,bk_galerionthemystic,Galerion The Mystic,m\Text_Octavo_07.nif,Morrowind
m\Tx_book_01.tga,Book,bk_galur_rithari's_papers,Galur Rithari's Papers,m\Text_Octavo_07.nif,Morrowind
m\Tx_book_01.tga,Book,bk_gnisiseggmineledger,Gnisis Eggmine Ledger,m\Text_Octavo_07.nif,Morrowind
m\Tx_book_01.tga,Book,bk_hanginggardenswasten,Hanging Gardens...,m\Text_Octavo_07.nif,Morrowind
m\Tx_book_01.tga,Book,bk_notes-kagouti mating habits,Kagouti Mating Habits,m\Text_Octavo_07.nif,Morrowind
m\Tx_book_01.tga,Book,bk_onoblivion,On Oblivion,m\Text_Octavo_07.nif,Morrowind
m\Tx_book_01.tga,Book,bk_ordolegionis,Ordo Legionis,m\Text_Octavo_07.NIF,Morrowind
m\Tx_book_01.tga,Book,bk_redbook426,Red Book of 3E 426,m\Text_Octavo_07.nif,Morrowind
m\Tx_book_01.tga,Book,bk_redbookofriddles,The Red Book of Riddles,m\Text_Octavo_07.nif,Morrowind
m\Tx_book_01.tga,Book,bk_truenoblescode,The True Noble's Code,m\Text_Octavo_07.nif,Morrowind
m\Tx_book_01.tga,Book,bk_vampiresofvvardenfell1,"Vampires of Vvardenfell, v I",m\Text_Octavo_07.NIF,Morrowind
m\Tx_book_01.tga,Book,bk_vampiresofvvardenfell2,"Vampires of Vvardenfell, v II",m\Text_Octavo_07.NIF,Morrowind
m\Tx_book_01.tga,Book,bk_varietiesoffaithintheempire,Varieties of Faith...,m\Text_Octavo_07.NIF,Morrowind
m\Tx_book_01.tga,Book,bookskill_marksman1,The Gold Ribbon of Merit,m\Text_Octavo_07.nif,Morrowind
m\Tx_book_02.tga,Book,BookSkill_Acrobatics4,"The Black Arrow, Volume 1",m\Text_Octavo_08.nif,Morrowind
m\Tx_book_02.tga,Book,BookSkill_Alteration1,Breathing Water,m\Text_Octavo_08.nif,Morrowind
m\Tx_book_02.tga,Book,bk_ABCs,ABCs for Barbarians,m\Text_Octavo_08.nif,Morrowind
m\Tx_book_02.tga,Book,bk_BlackGlove,The Black Glove,m\Text_Octavo_08.NIF,Morrowind
m\Tx_book_02.tga,Book,bk_BlueBookOfRiddles,The Blue Book of Riddles,m\Text_Octavo_08.nif,Morrowind
m\Tx_book_02.tga,Book,bk_Boethiah's Glory_unique,Boethiah's Glory,m\Text_Octavo_08.nif,Morrowind
m\Tx_book_02.tga,Book,bk_BriefHistoryofWood_01,No-h's Picture Book of Wood,m\Text_Octavo_08.nif,Morrowind
m\Tx_book_02.tga,Book,bk_ChildrensAnuad,The Annotated Anuad,m\Text_Octavo_08.nif,Morrowind
m\Tx_book_02.tga,Book,bk_ChildrensAnuad,The Annotated Anuad,m\Text_Octavo_08.nif,Morrowind/Tribunal
m\Tx_book_02.tga,Book,bk_ChroniclesNchuleft,Chronicles of Nchuleft,m\Text_Octavo_08.nif,Morrowind
m\Tx_book_02.tga,Book,bk_ChroniclesNchuleft,Chronicles of Nchuleft,m\Text_Octavo_08.nif,Morrowind/Tribunal
m\Tx_book_02.tga,Book,bk_NGastaKvataKvakis_c,N'Gasta! Kvata! Kvakis!,m\Text_Octavo_08.NIF,Morrowind
m\Tx_book_02.tga,Book,bk_SpiritOfTheDaedra,Spirit of the Daedra,m\Text_Octavo_08.nif,Morrowind
m\Tx_book_02.tga,Book,bk_corpsepreperation1_c,Corpse Preparation v I,m\Text_Octavo_08.NIF,Morrowind
m\Tx_book_02.tga,Book,bk_corpsepreperation2_c,Corpse Preparation v II,m\Text_Octavo_08.NIF,Morrowind
m\Tx_book_02.tga,Book,bk_corpsepreperation3_c,Corpse Preparation v III,m\Text_Octavo_08.NIF,Morrowind
m\Tx_book_02.tga,Book,bk_fishystick,Capn's Guide to the Fishy Stick,m\Text_Octavo_08.NIF,Morrowind
m\Tx_book_02.tga,Book,bk_fragmentonartaeum,Fragment: On Artaeum,m\Text_Octavo_08.NIF,Morrowind
m\Tx_book_02.tga,Book,bk_oldways,The Old Ways,m\Text_Octavo_08.nif,Morrowind
m\Tx_book_02.tga,Book,bk_sottildescodebook,Sottilde's Code Book,m\Text_Octavo_08.nif,Morrowind
m\Tx_book_02.tga,Book,bk_tamrielicreligions,The Ruins of Kemel-Ze,m\Text_Octavo_08.NIF,Morrowind
m\Tx_book_02.tga,Book,bk_tamrielicreligions,The Ruins of Kemel-Ze,m\Text_Octavo_08.NIF,Morrowind/Tribunal
m\Tx_book_02.tga,Book,bookskill_block2,The Mirror,m\Text_Octavo_08.nif,Morrowind
m\Tx_book_02.tga,Book,bookskill_heavy armor4,How Orsinium Passed to the Orcs,m\Text_Octavo_08.nif,Morrowind
m\Tx_book_02.tga,Book,bookskill_marksman5,"The Black Arrow, Volume II",m\Text_Octavo_08.nif,Morrowind
m\Tx_book_03.tga,Book,BookSkill_Alchemy4,"36 Lessons of Vivec, Sermon 2",m\Text_Octavo_06.nif,Morrowind
m\Tx_book_03.tga,Book,BookSkill_Alchemy5,"36 Lessons of Vivec, Sermon 18",m\Text_Octavo_06.nif,Morrowind
m\Tx_book_03.tga,Book,BookSkill_Alteration4,"36 Lessons of Vivec, Sermon 13",m\Text_Octavo_06.nif,Morrowind
m\Tx_book_03.tga,Book,BookSkill_Armorer3,"36 Lessons of Vivec, Sermon 6",m\Text_Octavo_06.nif,Morrowind
m\Tx_book_03.tga,Book,BookSkill_Armorer4,"36 Lessons of Vivec, Sermon 25",m\Text_Octavo_06.nif,Morrowind
m\Tx_book_03.tga,Book,BookSkill_Armorer5,"36 Lessons of Vivec, Sermon 29",m\Text_Octavo_06.nif,Morrowind
m\Tx_book_03.tga,Book,BookSkill_Athletics3,"36 Lessons of Vivec, Sermon 1",m\Text_Octavo_06.nif,Morrowind
m\Tx_book_03.tga,Book,BookSkill_Athletics4,"36 Lessons of Vivec, Sermon 8",m\Text_Octavo_06.nif,Morrowind
m\Tx_book_03.tga,Book,BookSkill_Athletics5,"36 Lessons of Vivec, Sermon 31",m\Text_Octavo_06.nif,Morrowind
m\Tx_book_03.tga,Book,BookSkill_Axe4,"36 Lessons of Vivec, Sermon 5",m\Text_Octavo_06.nif,Morrowind
m\Tx_book_03.tga,Book,BookSkill_Axe5,"36 Lessons of Vivec, Sermon 16",m\Text_Octavo_06.nif,Morrowind
m\Tx_book_03.tga,Book,BookSkill_Axe5_open,"36 Lessons of Vivec, Sermon 16",m\Text_Octavo_open_06.NIF,Morrowind
m\Tx_book_03.tga,Book,BookSkill_Block4,"36 Lessons of Vivec, Sermon 7",m\Text_Octavo_06.nif,Morrowind
m\Tx_book_03.tga,Book,BookSkill_Block5,"36 Lessons of Vivec, Sermon 32",m\Text_Octavo_06.nif,Morrowind
m\Tx_book_03.tga,Book,BookSkill_Blunt Weapon4,"36 Lessons of Vivec, Sermon 3",m\Text_Octavo_06.nif,Morrowind
m\Tx_book_03.tga,Book,BookSkill_Blunt Weapon5,"36 Lessons of Vivec, Sermon 9",m\Text_Octavo_06.nif,Morrowind
m\Tx_book_03.tga,Book,BookSkill_Long Blade1,Words and Philosophy,m\Text_Octavo_06.nif,Morrowind
m\Tx_book_03.tga,Book,BookSkill_Mysticism3,"36 Lessons of Vivec, Sermon 4",m\Text_Octavo_06.nif,Morrowind
m\Tx_book_03.tga,Book,BookSkill_Mysticism4,"36 Lessons of Vivec, Sermon 36",m\Text_Octavo_06.nif,Morrowind
m\Tx_book_03.tga,Book,BookSkill_Short Blade4,"36 Lessons of Vivec, Sermon 10",m\Text_Octavo_06.nif,Morrowind
m\Tx_book_03.tga,Book,BookSkill_Short Blade5,"36 Lessons of Vivec, Sermon 30",m\Text_Octavo_06.nif,Morrowind
m\Tx_book_03.tga,Book,bk_AedraAndDaedra,Aedra and Daedra,m\Text_Octavo_06.nif,Morrowind
m\Tx_book_03.tga,Book,bk_Aedra_Tarer_Unique,Tarer's Aedra and Daedra,m\Text_Octavo_06.nif,Morrowind
m\Tx_book_03.tga,Book,bk_AffairsOfWizards,The Affairs of Wizards,m\Text_Octavo_06.nif,Morrowind
m\Tx_book_03.tga,Book,bk_AnnotatedAnuad,The Annotated Anuad,m\Text_Octavo_06.NIF,Morrowind
m\Tx_book_03.tga,Book,bk_AnnotatedAnuad,The Annotated Anuad,m\Text_Octavo_06.NIF,Morrowind/Tribunal
m\Tx_book_03.tga,Book,bk_Anticipations,The Anticipations,m\Text_Octavo_06.NIF,Morrowind
m\Tx_book_03.tga,Book,bk_Anticipations,The Anticipations,m\Text_Octavo_06.NIF,Morrowind/Tribunal
m\Tx_book_03.tga,Book,bk_CantatasOfVivec,The Cantatas of Vivec,m\Text_Octavo_06.nif,Morrowind
m\Tx_book_03.tga,Book,bk_HouseOfTroubles_c,The House of Troubles,m\Text_Octavo_06.nif,Morrowind
m\Tx_book_03.tga,Book,bk_HouseOfTroubles_c,The House of Troubles,m\Text_Octavo_06.nif,Morrowind/Bloodmoon
m\Tx_book_03.tga,Book,bk_HouseOfTroubles_c,The House of Troubles,m\Text_Octavo_06.nif,Morrowind/Tribunal
m\Tx_book_03.tga,Book,bk_LegendaryScourge,The Legendary Scourge,m\Text_Octavo_06.NIF,Morrowind
m\Tx_book_03.tga,Book,bk_LivesOfTheSaints,Lives of the Saints,m\Text_Octavo_06.NIF,Morrowind
m\Tx_book_03.tga,Book,bk_LivesOfTheSaints,Lives of the Saints,m\Text_Octavo_06.NIF,Morrowind/Tribunal
m\Tx_book_03.tga,Book,bk_NerevarMoonandStar,Nerevar Moon-and-Star,m\Text_Octavo_06.NIF,Morrowind
m\Tx_book_03.tga,Book,bk_PostingOfTheHunt,The Posting of the Hunt,m\Text_Octavo_06.nif,Morrowind
m\Tx_book_03.tga,Book,bk_fellowshiptemple,Fellowship of the Temple,m\Text_Octavo_06.NIF,Morrowind
m\Tx_book_03.tga,Book,book_dwe_cogs00,Old Dwemer Book,m\Text_Octavo_06.nif,Morrowind/Tribunal
m\Tx_book_03.tga,Book,bookskill_enchant4,"36 Lessons of Vivec, Sermon 19",m\Text_Octavo_06.nif,Morrowind
m\Tx_book_03.tga,Book,bookskill_hand to hand1,The Prayers of Baranat,m\Text_Octavo_06.nif,Morrowind
m\Tx_book_03.tga,Book,bookskill_heavy armor5,"36 Lessons of Vivec, Sermon 12",m\Text_Octavo_06.nif,Morrowind
m\Tx_book_03.tga,Book,bookskill_light armor4,"36 Lessons of Vivec, Sermon 21",m\Text_Octavo_06.nif,Morrowind
m\Tx_book_03.tga,Book,bookskill_light armor5,"36 Lessons of Vivec, Sermon 28",m\Text_Octavo_06.nif,Morrowind
m\Tx_book_03.tga,Book,bookskill_long blade3,"36 Lessons of Vivec, Sermon 17",m\Text_Octavo_06.nif,Morrowind
m\Tx_book_03.tga,Book,bookskill_long blade4,"36 Lessons of Vivec, Sermon 20",m\Text_Octavo_06.nif,Morrowind
m\Tx_book_03.tga,Book,bookskill_long blade5,"36 Lessons of Vivec, Sermon 23",m\Text_Octavo_06.nif,Morrowind
m\Tx_book_03.tga,Book,bookskill_medium armor4,"36 Lessons of Vivec, Sermon 22",m\Text_Octavo_06.nif,Morrowind
m\Tx_book_03.tga,Book,bookskill_medium armor5,"36 Lessons of Vivec, Sermon 33",m\Text_Octavo_06.nif,Morrowind
m\Tx_book_03.tga,Book,bookskill_sneak5,"36 Lessons of Vivec, Sermon 26",m\Text_Octavo_06.nif,Morrowind
m\Tx_book_03.tga,Book,bookskill_spear3,"36 Lessons of Vivec, Sermon 14",m\Text_Octavo_06.nif,Morrowind
m\Tx_book_03.tga,Book,bookskill_spear4,"36 Lessons of Vivec, Sermon 24",m\Text_Octavo_06.nif,Morrowind
m\Tx_book_03.tga,Book,bookskill_spear5,"36 Lessons of Vivec, Sermon 35",m\Text_Octavo_06.nif,Morrowind
m\Tx_book_03.tga,Book,bookskill_speechcraft5,"36 Lessons of Vivec, Sermon 27",m\Text_Octavo_06.nif,Morrowind
m\Tx_book_03.tga,Book,bookskill_unarmored3,"36 Lessons of Vivec, Sermon 11",m\Text_Octavo_06.nif,Morrowind
m\Tx_book_03.tga,Book,bookskill_unarmored4,"36 Lessons of Vivec, Sermon 15",m\Text_Octavo_06.nif,Morrowind
m\Tx_book_03.tga,Book,bookskill_unarmored5,"36 Lessons of Vivec, Sermon 34",m\Text_Octavo_06.nif,Morrowind
m\Tx_book_04.tga,Book,BookSkill_Alchemy3,Song of the Alchemists,m\Text_Octavo_05.nif,Morrowind
m\Tx_book_04.tga,Book,BookSkill_Athletics1,The Ransom of Zarek,m\Text_Octavo_05.nif,Morrowind
m\Tx_book_04.tga,Book,BookSkill_Axe3,The Seed,m\Text_Octavo_05.nif,Morrowind
m\Tx_book_04.tga,Book,BookSkill_Mysticism5,"Charwich-Koniinge, Volume 3",m\Text_Octavo_05.nif,Morrowind
m\Tx_book_04.tga,Book,BookSkill_Sneak3,Azura and the Box,m\Text_Octavo_05.nif,Morrowind
m\Tx_book_04.tga,Book,bk_BiographyBarenziah1,Biography of Barenziah v I,m\Text_Octavo_05.nif,Morrowind
m\Tx_book_04.tga,Book,bk_BiographyBarenziah2,Biography of Barenziah v II,m\Text_Octavo_05.nif,Morrowind
m\Tx_book_04.tga,Book,bk_BiographyBarenziah3,Biography of Barenziah v III,m\Text_Octavo_05.nif,Morrowind
m\Tx_book_04.tga,Book,bk_BookOfRestAndEndings,Book of Rest and Endings,m\Text_Octavo_05.NIF,Morrowind
m\Tx_book_04.tga,Book,bk_BrownBook426,Brown Book of 3E 426,m\Text_Octavo_05.nif,Morrowind
m\Tx_book_04.tga,Book,bk_OnMorrowind,On Morrowind,m\Text_Octavo_05.NIF,Morrowind
m\Tx_book_04.tga,Book,bk_easternprovincesimpartial,The Eastern Provinces...,m\Text_Octavo_05.NIF,Morrowind
m\Tx_book_04.tga,Book,bk_easternprovincesimpartial,The Eastern Provinces...,m\Text_Octavo_05.NIF,Morrowind/Tribunal
m\Tx_book_04.tga,Book,bk_frontierconquestaccommodat,"Frontier, Conquest...",m\Text_Octavo_05.NIF,Morrowind
m\Tx_book_04.tga,Book,bk_lustyargonianmaid,The Lusty Argonian Maid,m\Text_Octavo_05.nif,Morrowind
m\Tx_book_04.tga,Book,bk_madnessofpelagius,The Madness of Pelagius,m\Text_Octavo_05.nif,Morrowind
m\Tx_book_04.tga,Book,bk_nermarcnotes,Private Notes -- DO NOT READ,m\Text_Octavo_05.nif,Morrowind/Tribunal
m\Tx_book_04.tga,Book,bk_playscript,The Horror of Castle Xyr,m\Text_Octavo_05.nif,Morrowind/Tribunal
m\Tx_book_04.tga,Book,bk_reflectionsoncultworship...,Reflections on Cult Worship,m\Text_Octavo_05.nif,Morrowind
m\Tx_book_04.tga,Book,bk_spiritofnirn,"Spirit of Nirn, God of Mortals",m\Text_Octavo_05.nif,Morrowind
m\Tx_book_04.tga,Book,bk_truenatureoforcs,The True Nature of Orcs,m\Text_Octavo_05.nif,Morrowind
m\Tx_book_04.tga,Book,bk_vivecandmephala,Vivec and Mephala,m\Text_Octavo_05.NIF,Morrowind
m\Tx_book_04.tga,Book,bk_wherewereyoudragonbroke,Where Were You ... Dragon Broke,m\Text_Octavo_05.NIF,Morrowind
m\Tx_book_04.tga,Book,bk_yellowbookofriddles,The Yellow Book of Riddles,m\Text_Octavo_05.nif,Morrowind
m\Tx_book_04.tga,Book,book_dwe_metal_fab00,Old Dwemer Book,m\Text_Octavo_05.NIF,Morrowind/Tribunal
m\Tx_book_04.tga,Book,bookskill_destruction1,The Horror of Castle Xyr,m\Text_Octavo_05.nif,Morrowind
m\Tx_book_04.tga,Book,bookskill_destruction4,The Art of War Magic,m\Text_Octavo_05.nif,Morrowind
m\Tx_book_04.tga,Book,bookskill_hand to hand3,"Charwich-Koniinge, Volume 2",m\Text_Octavo_05.nif,Morrowind
m\Tx_book_04.tga,Book,bookskill_hand to hand4,"Charwich-Koniinge, Volume 4",m\Text_Octavo_05.nif,Morrowind
m\Tx_book_04.tga,Book,bookskill_marksman4,The Marksmanship Lesson,m\Text_Octavo_05.nif,Morrowind
m\Tx_book_04.tga,Book,bookskill_unarmored2,"Charwich-Koniinge, Volume 1",m\Text_Octavo_05.nif,Morrowind
m\Tx_book_open_02.tga,Book,BookSkill_Alteration3,Sithis,m\Text_Octavo_open_08.nif,Morrowind
m\Tx_book_open_02.tga,Book,bk_Dren_shipping_log,Dren's shipping log,m\Text_Octavo_open_08.NIF,Morrowind
m\Tx_book_open_02.tga,Book,bk_NGastaKvataKvakis_o,N'Gasta! Kvata! Kvakis!,m\Text_Octavo_open_08.NIF,Morrowind
m\Tx_book_open_02.tga,Book,bk_corpsepreperation1_o,Corpse Preparation v I,m\Text_Octavo_open_08.NIF,Morrowind
m\Tx_book_open_02.tga,Book,bk_eastempirecompanyledger,East Empire Company Ledger,m\Text_Octavo_open_08.nif,Morrowind
m\Tx_book_open_03.tga,Book,BookSkill_Alchemy1,A Game at Dinner,m\Text_Octavo_open_06.nif,Morrowind
m\Tx_book_open_03.tga,Book,BookSkill_Alchemy1,A Game at Dinner,m\Text_Octavo_open_06.nif,Morrowind/Tribunal
m\Tx_book_open_03.tga,Book,bk_AlchemistsFormulary,The Alchemists Formulary,m\Text_Octavo_open_06.nif,Morrowind
m\Tx_book_open_03.tga,Book,bk_AlchemistsFormulary,The Alchemists Formulary,m\Text_Octavo_open_06.nif,Morrowind/Tribunal
m\Tx_book_open_03.tga,Book,bk_HomiliesOfBlessedAlmalexia,Homilies of Blessed Almalexia,m\Text_Octavo_open_06.nif,Morrowind
m\Tx_book_open_03.tga,Book,bk_HouseOfTroubles_o,The House of Troubles,m\Text_Octavo_open_06.nif,Morrowind
m\Tx_book_open_03.tga,Book,bk_HouseOfTroubles_o,The House of Troubles,m\Text_Octavo_open_06.nif,Morrowind/Bloodmoon
m\Tx_book_open_03.tga,Book,bk_honorthieves,Honor Among Thieves,m\Text_Octavo_open_06.nif,Morrowind
m\Tx_book_open_03.tga,Book,bk_snowprince,Fall of the Snow Prince,m\Text_Octavo_open_06.nif,Morrowind/Bloodmoon
m\Tx_folio_01.tga,Book,BookSkill_Medium Armor2,"Bone, Part One",m\Text_Folio_01.nif,Morrowind
m\Tx_folio_01.tga,Book,BookSkill_Medium Armor3,"Bone, Part Two",m\Text_Folio_01.nif,Morrowind
m\Tx_folio_01.tga,Book,bk_Confessions,Confessions of a Skooma-Eater,m\Text_Folio_01.NIF,Morrowind
m\Tx_folio_01.tga,Book,bk_PilgrimsPath,The Pilgrim's Path,m\Text_Folio_01.NIF,Morrowind
m\Tx_folio_01.tga,Book,bookskill_heavy armor1,Hallgerd's Tale,m\Text_Folio_01.NIF,Morrowind
m\Tx_folio_02.tga,Book,bk_SaryonisSermons,Saryoni's Sermons,m\Text_Folio_02.NIF,Morrowind
m\Tx_folio_02.tga,Book,bk_SaryonisSermons,Saryoni's Sermons,m\Text_Folio_02.NIF,Morrowind/Tribunal
m\Tx_folio_02.tga,Book,bk_darkestdarkness,Darkest Darkness,m\Text_Folio_02.NIF,Morrowind
m\Tx_folio_02.tga,Book,bk_saryonisermonsmanuscript,Saryoni's Sermons Manuscript,m\Text_Folio_02.NIF,Morrowind
m\Tx_folio_02.tga,Book,bookskill_short blade1,Unnamed Book,m\Text_Folio_02.NIF,Morrowind
m\Tx_folio_03.tga,Book,bk_Airship_Captains_Journal,Airship Captain's Journal,m\Text_Folio_03.nif,Morrowind/Bloodmoon
m\Tx_folio_03.tga,Book,bk_DivineMetaphysics,Divine Metaphysics...,m\Text_Folio_03.NIF,Morrowind
m\Tx_folio_03.tga,Book,bk_EggOfTime,The Egg of Time,m\Text_Folio_03.NIF,Morrowind
m\Tx_folio_03.tga,Book,bk_falljournal_unique,Journal of Tarhiel,m\Text_Folio_03.NIF,Morrowind
m\Tx_folio_03.tga,Book,bk_fryssajournal,Journal of Fryssa,m\Text_Folio_03.NIF,Morrowind/Bloodmoon
m\Tx_folio_03.tga,Book,bk_guylainesarchitecture,Guylaine's Architecture,m\Text_Folio_03.NIF,Morrowind
m\Tx_folio_03.tga,Book,bk_leggejournal,Settler's Journal,m\Text_Folio_03.NIF,Morrowind/Bloodmoon
m\Tx_folio_03.tga,Book,bk_necrojournal,Rogue Necromancer's Journal,m\Text_Folio_03.NIF,Morrowind/Bloodmoon
m\Tx_folio_04.tga,Book,bk_SecretsDwemerAnimunculi,Secrets of Dwemer Animunculi,m\Text_Folio_04.NIF,Morrowind
m\Tx_folio_04.tga,Book,bk_TalMarogKersResearches,Tal Marog Ker's Researches,m\Text_Folio_04.NIF,Morrowind
m\Tx_folio_04.tga,Book,bookskill_destruction2,Response to Bero's Speech,m\Text_Folio_04.NIF,Morrowind
m\Tx_folio_04.tga,Book,bookskill_mercantile1,The Buying Game,m\Text_Folio_04.nif,Morrowind
m\Tx_folio_open_01.tga,Book,BookSkill_Armorer1,The Armorer's Challenge,m\Text_Folio_open_01.NIF,Morrowind
m\Tx_folio_open_02.tga,Book,bookskill_security5,Surfeit of Thieves,m\Text_Folio_open_02.NIF,Morrowind
m\Tx_folio_open_03.tga,Book,bookskill_light armor3,Lord Jornibret's Last Dance,m\Text_Folio_open_03.NIF,Morrowind
m\Tx_folio_open_03.tga,Book,bookskill_marksman3,Vernaccus and Bourlor,m\Text_Folio_open_03.NIF,Morrowind
m\Tx_folio_open_04.tga,Book,BookSkill_Heavy Armor3,Chimarvamidium,m\Text_Folio_open_04.nif,Morrowind
m\Tx_note_01.tga,Book,bk_Adren,WARNING!!!,m\Text_Note_01.nif,Morrowind/Tribunal
m\Tx_note_01.tga,Book,bk_BeramJournal5,Beram Journal Entry 5,m\Text_Note_01.nif,Morrowind
m\Tx_note_01.tga,Book,bk_NoteFromJ'Zhirr,Note from J'zhirr,m\Text_Note_01.nif,Morrowind
m\Tx_note_01.tga,Book,bk_ahnia,Note to Ahnia,m\Text_Note_01.nif,Morrowind/Tribunal
m\Tx_note_01.tga,Book,bk_clientlist,Client List,m\Text_Note_01.nif,Morrowind
m\Tx_note_01.tga,Book,bk_colony_Toralf,Tattered Note,m\Text_Note_01.nif,Morrowind/Bloodmoon
m\Tx_note_01.tga,Book,bk_contract_ralen,Weapons and Armor Contract,m\Text_Note_01.nif,Morrowind
m\Tx_note_01.tga,Book,bk_leaflet_false,A Leaflet,m\Text_Note_01.nif,Morrowind
m\Tx_note_01.tga,Book,bk_letterfromjzhirr,Letter From J'Zhirr,m\Text_Note_01.nif,Morrowind
m\Tx_note_01.tga,Book,bk_letterfromllaalam,Letter From Llaalam Dredil,m\Text_Note_01.nif,Morrowind
m\Tx_note_01.tga,Book,bk_letterfromllaalam2,Letter From Llaalam Dredil,m\Text_Note_01.nif,Morrowind
m\Tx_note_01.tga,Book,bk_miungei,Letter from Tsrazami,m\Text_Note_01.nif,Morrowind
m\Tx_note_01.tga,Book,bk_notefrombildren,Note From Bildren,m\Text_Note_01.nif,Morrowind
m\Tx_note_01.tga,Book,bk_notefromferele,Note from Ferele,m\Text_Note_01.nif,Morrowind
m\Tx_note_01.tga,Book,bk_notefromradras,Note From Radras,m\Text_Note_01.nif,Morrowind
m\Tx_note_01.tga,Book,bk_notetocalderamages,Note to Mages,m\Text_Note_01.nif,Morrowind
m\Tx_note_01.tga,Book,bk_notetocalderaslaves,Note to Slaves,m\Text_Note_01.nif,Morrowind
m\Tx_note_01.tga,Book,bk_notetomenus,Note to Menus,m\Text_Note_01.nif,Morrowind
m\Tx_note_01.tga,Book,bk_propertyofjolda,Property of Jolda,m\Text_Note_01.nif,Morrowind
m\Tx_note_01.tga,Book,bk_storagenotice,Notice,m\Text_Note_01.nif,Morrowind
m\Tx_note_01.tga,Book,bk_suicidenote,"For Shara, on my death",m\Text_Note_01.nif,Morrowind/Tribunal
m\Tx_note_01.tga,Book,note to hrisskar,Note to Hrisskar,m\Text_Note_01.nif,Morrowind
m\Tx_note_01.tga,Book,note_Peke_Utchoo,Peke Utchoo's last words,m\Text_Note_01.nif,Morrowind
m\Tx_note_01.tga,Book,sc_Erna,Erna's Note to Brandr,m\Text_Note_01.nif,Morrowind/Bloodmoon
m\Tx_note_01.tga,Book,sc_Erna01,Erna's Note to Erna,m\Text_Note_01.nif,Morrowind/Bloodmoon
m\Tx_note_01.tga,Book,sc_bloodynote_s,A Blood-Stained Note,m\Text_Note_01.nif,Morrowind/Bloodmoon
m\Tx_note_01.tga,Book,sc_fjaldingnote,"Old, Wet Note",m\Text_Note_01.nif,Morrowind/Bloodmoon
m\Tx_note_01.tga,Book,sc_fjellnote,Bloody Note,m\Text_Note_01.nif,Morrowind/Bloodmoon
m\Tx_note_01.tga,Book,sc_frosselnote,Bloody Note,m\Text_Note_01.nif,Morrowind/Bloodmoon
m\Tx_note_01.tga,Book,sc_jeleen,Jeleen's Sad Farewell,m\Text_Note_01.nif,Morrowind/Bloodmoon
m\Tx_note_01.tga,Book,sc_piratetreasure,Pirate Captain's Note,m\Text_Note_01.nif,Morrowind/Bloodmoon
m\Tx_note_01.tga,Book,sc_rumornote_bm,Odd Rumor,m\Text_Note_01.nif,Morrowind/Bloodmoon
m\Tx_note_01.tga,Book,sc_sjobalnote,Thauraver's Orders,m\Text_Note_01.nif,Morrowind/Bloodmoon
m\Tx_note_01.tga,Book,sc_witchnote,Note from a Glenmoril Witch,m\Text_Note_01.nif,Morrowind/Bloodmoon
m\Tx_note_02.tga,Book,bk_BMtrial_unique,Letter from Rigmor to Risi,m\Text_Note_02.nif,Morrowind/Bloodmoon
m\Tx_note_02.tga,Book,bk_BeramJournal1,Beram Journal Entry 1,m\Text_Note_02.nif,Morrowind
m\Tx_note_02.tga,Book,bk_BeramJournal2,Beram Journal Entry 2,m\Text_Note_02.nif,Morrowind
m\Tx_note_02.tga,Book,bk_BeramJournal3,Beram Journal Entry 3,m\Text_Note_02.nif,Morrowind
m\Tx_note_02.tga,Book,bk_BeramJournal4,Beram Journal Entry 4,m\Text_Note_02.nif,Morrowind
m\Tx_note_02.tga,Book,bk_BlightPotionNotice,Cure Blight Potion Notice,m\Text_Note_02.nif,Morrowind
m\Tx_note_02.tga,Book,bk_ILHermit_Page,Page from History of the Empire,m\Text_Note_02.nif,Morrowind
m\Tx_note_02.tga,Book,bk_falanaamonote,Note to Falanaamo,m\Text_Note_02.nif,Morrowind
m\Tx_note_02.tga,Book,bk_impmuseumwelcome,Imperial Museum Welcome,m\Text_Note_02.nif,Morrowind
m\Tx_note_02.tga,Book,bk_joldanote,A hastily scrawled note,m\Text_Note_02.nif,Morrowind
m\Tx_note_02.tga,Book,bk_note,A worn and weathered note,m\Text_Note_02.nif,Morrowind
m\Tx_note_02.tga,Book,bk_notefromernil,Note From Ernil,m\Text_Note_02.nif,Morrowind
m\Tx_note_02.tga,Book,bk_notefromirgola,Note from Irgola,m\Text_Note_02.nif,Morrowind
m\Tx_note_02.tga,Book,bk_notefromnelos,Note from Nelos,m\Text_Note_02.nif,Morrowind
m\Tx_note_02.tga,Book,bk_notesoldout,Sold Out Notice,m\Text_Note_02.nif,Morrowind
m\Tx_note_02.tga,Book,bk_notetocalderaguard,NoteToCalderaGuard,m\Text_Note_02.nif,Morrowind
m\Tx_note_02.tga,Book,bk_notetoinorra,Note to Inorra,m\Text_Note_02.nif,Morrowind
m\Tx_note_02.tga,Book,bk_notetotelvon,Note to Telvon,m\Text_Note_02.nif,Morrowind
m\Tx_note_02.tga,Book,bk_notetovalvius,Note to Valvius,m\Text_Note_02.nif,Morrowind
m\Tx_note_02.tga,Book,bk_shalit_note,Note to Giden,m\Text_Note_02.nif,Morrowind
m\Tx_note_02.tga,Book,bk_shalitjournal_deal,Rels Tenim Journal Page,m\Text_Note_02.nif,Morrowind
m\Tx_octavo_01.tga,Book,BookSkill_Athletics2,"A Dance in Fire, Chapter 3",m\Text_Octavo_01.nif,Morrowind
m\Tx_octavo_01.tga,Book,BookSkill_Block3,"A Dance in Fire, Chapter 2",m\Text_Octavo_01.nif,Morrowind
m\Tx_octavo_01.tga,Book,BookSkill_Marksman2,"A Dance in Fire, Chapter 5",m\Text_Octavo_01.nif,Morrowind
m\Tx_octavo_01.tga,Book,bk_CalderaRecordBook2,Secret Caldera Ledger,m\Text_Octavo_01.NIF,Morrowind
m\Tx_octavo_01.tga,Book,bk_OriginOfTheMagesGuild,Origin of the Mages Guild,m\Text_Octavo_01.NIF,Morrowind
m\Tx_octavo_01.tga,Book,bk_WaroftheFirstCouncil,The War of the First Council,m\Text_Octavo_01.NIF,Morrowind
m\Tx_octavo_01.tga,Book,bk_istunondescosmology,A Less Rude Song,m\Text_Octavo_01.NIF,Morrowind
m\Tx_octavo_01.tga,Book,bk_specialfloraoftamriel,Special Flora of Tamriel,m\Text_Octavo_01.NIF,Morrowind
m\Tx_octavo_01.tga,Book,bk_yellowbook426,Yellow Book of 3E 426,m\Text_Octavo_01.NIF,Morrowind
m\Tx_octavo_01.tga,Book,bk_ynglingledger,Yngling's Ledger,m\Text_Octavo_01.NIF,Morrowind
m\Tx_octavo_01.tga,Book,book_dwe_water00,Old Dwemer Book,m\Text_Octavo_01.nif,Morrowind/Tribunal
m\Tx_octavo_01.tga,Book,bookskill_blunt weapon1,The Hope of the Redoran,m\Text_Octavo_01.NIF,Morrowind
m\Tx_octavo_01.tga,Book,bookskill_mercantile4,"A Dance in Fire, Chapter 6",m\Text_Octavo_01.nif,Morrowind
m\Tx_octavo_01.tga,Book,bookskill_mercantile5,"A Dance in Fire, Chapter 7",m\Text_Octavo_01.nif,Morrowind
m\Tx_octavo_01.tga,Book,bookskill_security4,Chance's Folly,m\Text_Octavo_01.nif,Morrowind
m\Tx_octavo_01.tga,Book,bookskill_spear1,Smuggler's Island,m\Text_Octavo_01.NIF,Morrowind
m\Tx_octavo_02.tga,Book,BookSkill_Acrobatics5,"Mystery of Talara, Part 1",m\Text_Octavo_02.nif,Morrowind
m\Tx_octavo_02.tga,Book,BookSkill_Armorer2,Last Scabbard of Akrash,m\Text_Octavo_02.nif,Morrowind
m\Tx_octavo_02.tga,Book,BookSkill_Destruction5,"Mystery of Talara, Part 3",m\Text_Octavo_02.nif,Morrowind
m\Tx_octavo_02.tga,Book,BookSkill_Destruction5_open,"Mystery of Talara, Part 3",m\Text_Octavo_open_02.NIF,Morrowind
m\Tx_octavo_02.tga,Book,BookSkill_Light Armor2,Ice and Chiton,m\Text_Octavo_02.NIF,Morrowind
m\Tx_octavo_02.tga,Book,BookSkill_Restoration5,"Mystery of Talara, Part 2",m\Text_Octavo_02.NIF,Morrowind
m\Tx_octavo_02.tga,Book,bk_Artifacts_Tamriel,Famed Artifacts of Tamriel,m\Text_Octavo_02.nif,Morrowind/Tribunal
m\Tx_octavo_02.tga,Book,bk_ChangedOnes,The Changed Ones,m\Text_Octavo_02.NIF,Morrowind
m\Tx_octavo_02.tga,Book,bk_ChildrenOfTheSky,Children of the Sky,m\Text_Octavo_02.NIF,Morrowind
m\Tx_octavo_02.tga,Book,bk_ChildrenOfTheSky,Children of the Sky,m\Text_Octavo_02.NIF,Morrowind/Tribunal
m\Tx_octavo_02.tga,Book,bk_InvocationOfAzura,Invocation of Azura,m\Text_Octavo_02.NIF,Morrowind
m\Tx_octavo_02.tga,Book,bk_RealNerevar,The Real Nerevar,m\Text_Octavo_02.NIF,Morrowind
m\Tx_octavo_02.tga,Book,bk_Yagrum's_Book,Tamrielic Lore,m\Text_Octavo_02.nif,Morrowind
m\Tx_octavo_02.tga,Book,bk_Yagrum's_Book,Tamrielic Lore,m\Text_Octavo_02.nif,Morrowind/Tribunal
m\Tx_octavo_02.tga,Book,book_dwe_mach00,Old Dwemer Book,m\Text_Octavo_02.nif,Morrowind/Tribunal
m\Tx_octavo_02.tga,Book,book_dwe_pipe00,Old Dwemer Book,m\Text_Octavo_open_02.NIF,Morrowind/Tribunal
m\Tx_octavo_02.tga,Book,bookskill_axe2,The Axe Man,m\Text_Octavo_02.nif,Morrowind
m\Tx_octavo_02.tga,Book,bookskill_illusion3,Incident in Necrom,m\Text_Octavo_02.nif,Morrowind
m\Tx_octavo_02.tga,Book,bookskill_illusion5,"Mystery of Talara, Part 4",m\Text_Octavo_02.nif,Morrowind
m\Tx_octavo_02.tga,Book,bookskill_mystery5,"Mystery of Talara, Part 5",m\Text_Octavo_02.nif,Morrowind
m\Tx_octavo_03.tga,Book,BookSkill_Alchemy2,The Cake and the Diamond,m\Text_Octavo_03.nif,Morrowind
m\Tx_octavo_03.tga,Book,BookSkill_Enchant2,"The Wolf Queen, Book VIII",m\Text_Octavo_03.nif,Morrowind
m\Tx_octavo_03.tga,Book,BookSkill_Security3,The Dowry,m\Text_Octavo_03.nif,Morrowind
m\Tx_octavo_03.tga,Book,BookSkill_Speechcraft1,Biography of the Wolf Queen,m\Text_Octavo_03.nif,Morrowind
m\Tx_octavo_03.tga,Book,bk_ArcturianHeresy,The Arcturian Heresy,m\Text_Octavo_03.NIF,Morrowind
m\Tx_octavo_03.tga,Book,bk_ArcturianHeresy,The Arcturian Heresy,m\Text_Octavo_03.NIF,Morrowind/Tribunal
m\Tx_octavo_03.tga,Book,bk_BoethiahPillowBook,Boethiah's Pillow Book,m\Text_Octavo_03.NIF,Morrowind
m\Tx_octavo_03.tga,Book,bk_ConsolationsOfPrayer,The Consolations of Prayer,m\Text_Octavo_03.NIF,Morrowind
m\Tx_octavo_03.tga,Book,bk_ConsolationsOfPrayer,The Consolations of Prayer,m\Text_Octavo_03.NIF,Morrowind/Tribunal
m\Tx_octavo_03.tga,Book,bk_MixedUnitTactics,Mixed Unit Tactics v1,m\Text_Octavo_03.NIF,Morrowind
m\Tx_octavo_03.tga,Book,bk_MixedUnitTactics,Mixed Unit Tactics v1,m\Text_Octavo_03.NIF,Morrowind/Bloodmoon
m\Tx_octavo_03.tga,Book,bk_SamarStarloversJournal,Starlover's Log,m\Text_Octavo_03.NIF,Morrowind
m\Tx_octavo_03.tga,Book,bk_charterFG,Fighters Guild Charter,m\Text_Octavo_03.NIF,Morrowind
m\Tx_octavo_03.tga,Book,bk_charterMG,Mages Guild Charter,m\Text_Octavo_03.NIF,Morrowind
m\Tx_octavo_03.tga,Book,bk_firmament,The Firmament,m\Text_Octavo_03.NIF,Morrowind
m\Tx_octavo_03.tga,Book,bk_firmament,The Firmament,m\Text_Octavo_03.NIF,Morrowind/Tribunal
m\Tx_octavo_03.tga,Book,bk_five_far_stars,The Five Far Stars,m\Text_Octavo_03.NIF,Morrowind
m\Tx_octavo_03.tga,Book,bk_five_far_stars,The Five Far Stars,m\Text_Octavo_03.NIF,Morrowind/Bloodmoon
m\Tx_octavo_03.tga,Book,bk_graspingfortune,Grasping Fortune,m\Text_Octavo_03.NIF,Morrowind
m\Tx_octavo_03.tga,Book,bk_graspingfortune,Grasping Fortune,m\Text_Octavo_03.NIF,Morrowind/Tribunal
m\Tx_octavo_03.tga,Book,bk_kagrenac'sjournal_excl,Kagrenac's Journal,m\Text_Octavo_03.NIF,Morrowind
m\Tx_octavo_03.tga,Book,bk_kagrenac'splans_excl,Kagrenac's Planbook,m\Text_Octavo_03.NIF,Morrowind
m\Tx_octavo_03.tga,Book,bk_legionsofthedead,Legions of the Dead,m\Text_Octavo_03.NIF,Morrowind
m\Tx_octavo_03.tga,Book,bk_legionsofthedead,Legions of the Dead,m\Text_Octavo_03.NIF,Morrowind/Tribunal
m\Tx_octavo_03.tga,Book,bk_manyfacesmissinggod,The Monomyth,m\Text_Octavo_03.NIF,Morrowind
m\Tx_octavo_03.tga,Book,bk_sharnslegionsofthedead,Sharn's Legions of the Dead,m\Text_Octavo_03.NIF,Morrowind
m\Tx_octavo_03.tga,Book,bookskill_destruction3,A Hypothetical Treachery,m\Text_Octavo_03.nif,Morrowind
m\Tx_octavo_03.tga,Book,bookskill_hand to hand2,"The Wolf Queen, Book II",m\Text_Octavo_03.nif,Morrowind
m\Tx_octavo_03.tga,Book,bookskill_hand to hand5,Master Zoaraym's Tale,m\Text_Octavo_03.nif,Morrowind
m\Tx_octavo_03.tga,Book,bookskill_illusion1,"The Wolf Queen, Book III",m\Text_Octavo_03.nif,Morrowind
m\Tx_octavo_03.tga,Book,bookskill_mercantile2,"The Wolf Queen, Book IV",m\Text_Octavo_03.nif,Morrowind
m\Tx_octavo_03.tga,Book,bookskill_restoration3,The Four Suitors of Benitah,m\Text_Octavo_03.NIF,Morrowind
m\Tx_octavo_03.tga,Book,bookskill_security2,"The Wolf Queen, Book I",m\Text_Octavo_03.nif,Morrowind
m\Tx_octavo_03.tga,Book,bookskill_sneak1,"The Wolf Queen, Book VI",m\Text_Octavo_03.nif,Morrowind
m\Tx_octavo_03.tga,Book,bookskill_speechcraft2,"The Wolf Queen, Book V",m\Text_Octavo_03.nif,Morrowind
m\Tx_octavo_03.tga,Book,bookskill_speechcraft2,"The Wolf Queen, Book V",m\Text_Octavo_03.nif,Morrowind/Tribunal
m\Tx_octavo_03.tga,Book,bookskill_speechcraft4,"The Wolf Queen, Book VII",m\Text_Octavo_03.nif,Morrowind
m\Tx_octavo_04.tga,Book,BookSkill_Alteration2,The Dragon Break Re-Examined,m\Text_Octavo_04.nif,Morrowind
m\Tx_octavo_04.tga,Book,bk_Ibardad_Elante_notes,Elante's Notes,m\Text_Octavo_open_04.NIF,Morrowind
m\Tx_octavo_04.tga,Book,bookskill_conjuration5,The Warrior's Charge,m\Text_Octavo_04.nif,Morrowind
m\Tx_octavo_04.tga,Book,bookskill_enchant3,"Palla, Book II",m\Text_Octavo_04.nif,Morrowind
m\Tx_octavo_04.tga,Book,bookskill_enchant5,The Final Lesson,m\Text_Octavo_04.NIF,Morrowind
m\Tx_octavo_04.tga,Book,bookskill_illusion4,"Palla, Book I",m\Text_Octavo_04.nif,Morrowind
m\Tx_octavo_04.tga,Book,bookskill_restoration1,Withershins,m\Text_Octavo_04.nif,Morrowind
m\Tx_octavo_04.tga,Book,bookskill_sneak4,Trap,m\Text_Octavo_04.NIF,Morrowind
m\Tx_octavo_open_02.tga,Book,BookSkill_Blunt Weapon2,The Importance of Where,m\Text_Octavo_open_02.NIF,Morrowind
m\Tx_octavo_open_02.tga,Book,book_dwe_boom00,Old Dwemer Book,m\Text_Octavo_open_02.NIF,Morrowind/Tribunal
m\Tx_octavo_open_02.tga,Book,bookskill_restoration2,Notes on Racial Phylogeny,m\Text_Octavo_open_02.NIF,Morrowind
m\Tx_octavo_open_03.tga,Book,bk_CalderaRecordBook1,Caldera Ledger,m\Text_Octavo_open_03.nif,Morrowind
m\Tx_octavo_open_03.tga,Book,bk_Hlaalu_Vaults_Ledger,Hlaalu Vaults Ledger,m\Text_Octavo_open_03.nif,Morrowind
m\Tx_octavo_open_03.tga,Book,bk_Redoran_Vaults_Ledger,Redoran Vaults Ledger,m\Text_Octavo_open_03.nif,Morrowind
m\Tx_octavo_open_03.tga,Book,bk_Telvanni_Vault_Ledger,Telvanni Vault Ledger,m\Text_Octavo_open_03.nif,Morrowind
m\Tx_octavo_open_03.tga,Book,bk_Warehouse_log,Warehouse shipping log,m\Text_Octavo_open_03.nif,Morrowind
m\Tx_paper_plain_01.tga,Book,bk_eggorders,Order Manifest,m\Misc_paper_plain_01.nif,Morrowind
m\Tx_paper_plain_01.tga,Book,bk_orderfrommollismo,Order From Mollismo,m\Misc_paper_plain_01.nif,Morrowind
m\Tx_paper_plain_01.tga,Book,sc_paper plain,paper,m\Misc_paper_plain_01.nif,Morrowind
m\Tx_paper_plain_01.tga,Book,sc_paper plain,paper,m\Misc_paper_plain_01.nif,Morrowind/Bloodmoon
m\Tx_paper_plain_01.tga,Book,sc_paper_plain_01_canodia,paper,m\Misc_paper_plain_01.nif,Morrowind
m\Tx_paper_roll_01.dds,Book,bk_diary_sailor,Diary of a Lost Sailor,m\Text_paper_roll_01.nif,Morrowind/Tribunal
m\Tx_paper_roll_01.tga,Book,bk_dbcontract,A Dark Brotherhood Contract,m\Text_paper_roll_01.nif,Morrowind/Tribunal
m\Tx_paper_roll_01.tga,Book,text_paper_roll_01,Rolled Paper,m\Text_paper_roll_01.nif,Morrowind
m\Tx_paper_roll_01.tga,Book,writ_Alen,Royal Writ of Execution,m\Text_paper_roll_01.nif,Morrowind/Tribunal
m\Tx_paper_roll_01.tga,Book,writ_Berano,Royal Writ of Execution,m\Text_paper_roll_01.nif,Morrowind/Tribunal
m\Tx_paper_roll_01.tga,Book,writ_Hloggar,Royal Writ of Execution,m\Text_paper_roll_01.nif,Morrowind/Tribunal
m\Tx_paper_roll_01.tga,Book,writ_baladas,Honorable Writ of Execution,m\Text_paper_roll_01.nif,Morrowind
m\Tx_paper_roll_01.tga,Book,writ_belvayn,Honorable Writ of Execution,m\Text_paper_roll_01.nif,Morrowind
m\Tx_paper_roll_01.tga,Book,writ_bemis,Honorable Writ of Execution,m\Text_paper_roll_01.nif,Morrowind
m\Tx_paper_roll_01.tga,Book,writ_bero,Honorable Writ of Execution,m\Text_paper_roll_01.nif,Morrowind
m\Tx_paper_roll_01.tga,Book,writ_brilnosu,Honorable Writ of Execution,m\Text_paper_roll_01.nif,Morrowind
m\Tx_paper_roll_01.tga,Book,writ_galasa,Honorable Writ of Execution,m\Text_paper_roll_01.nif,Morrowind
m\Tx_paper_roll_01.tga,Book,writ_guril,Honorable Writ of Execution,m\Text_paper_roll_01.nif,Morrowind
m\Tx_paper_roll_01.tga,Book,writ_mavon,Honorable Writ of Execution,m\Text_paper_roll_01.nif,Morrowind
m\Tx_paper_roll_01.tga,Book,writ_navil,Honorable Writ of Execution,m\Text_paper_roll_01.nif,Morrowind
m\Tx_paper_roll_01.tga,Book,writ_oran,Honorable Writ of Execution,m\Text_paper_roll_01.nif,Morrowind
m\Tx_paper_roll_01.tga,Book,writ_sadus,Honorable Writ of Execution,m\Text_paper_roll_01.nif,Morrowind
m\Tx_paper_roll_01.tga,Book,writ_saren,Honorable Writ of Execution,m\Text_paper_roll_01.nif,Morrowind
m\Tx_paper_roll_01.tga,Book,writ_therana,Honorable Writ of Execution,m\Text_paper_roll_01.nif,Morrowind
m\Tx_paper_roll_01.tga,Book,writ_varro,Honorable Writ of Execution,m\Text_paper_roll_01.nif,Morrowind
m\Tx_paper_roll_01.tga,Book,writ_vendu,Honorable Writ of Execution,m\Text_paper_roll_01.nif,Morrowind
m\Tx_paper_roll_01.tga,Book,writ_yasalmibaal,Honorable Writ of Execution,m\Text_paper_roll_01.nif,Morrowind
m\Tx_parchment_01.tga,Book,bk_A1_7_HuleeyaInformant,Notes from Huleeya,m\Text_Parchment_01.NIF,Morrowind
m\Tx_parchment_01.tga,Book,bk_Alen_note,handwritten letter,m\Text_Parchment_01.NIF,Morrowind/Tribunal
m\Tx_parchment_01.tga,Book,bk_NerevarineNotice,Public notice,m\Text_Parchment_01.NIF,Morrowind
m\Tx_parchment_01.tga,Book,bk_a1_1_caiuspackage,Package for Caius Cosades,m\Text_Parchment_01.NIF,Morrowind
m\Tx_parchment_01.tga,Book,bk_a1_1_packagedecoded,decoded package,m\Text_Parchment_01.NIF,Morrowind
m\Tx_parchment_01.tga,Book,bk_a1_2_antabolistocosades,Hasphat's notes for Cosades,m\Text_Parchment_01.NIF,Morrowind
m\Tx_parchment_01.tga,Book,bk_a1_2_introtocadiusus,Letter to Senilias Cadiusus,m\Text_Parchment_01.NIF,Morrowind
m\Tx_parchment_01.tga,Book,bk_a2_1_sevenvisions,The Seven Visions,m\Text_Parchment_01.NIF,Morrowind
m\Tx_parchment_01.tga,Book,bk_a2_1_thestranger,The Stranger,m\Text_Parchment_01.NIF,Morrowind
m\Tx_parchment_01.tga,Book,bk_carniusnote,Note from Carnius,m\Text_Parchment_01.NIF,Morrowind/Bloodmoon
m\Tx_parchment_01.tga,Book,bk_custom_armor,Custom Armor Price List,m\Text_Parchment_01.NIF,Morrowind/Tribunal
m\Tx_parchment_01.tga,Book,bk_fur_armor,Custom Fur Armor Price List,m\Text_Parchment_01.nif,Morrowind/Bloodmoon
m\Tx_parchment_01.tga,Book,bk_galtisguvronsnote,Galtis Guvron's Note,m\Text_Parchment_01.NIF,Morrowind
m\Tx_parchment_01.tga,Book,bk_gnisiseggminepass,Gnisis Eggmine Pass,m\Text_Parchment_01.NIF,Morrowind
m\Tx_parchment_01.tga,Book,bk_hospitality_papers,Hospitality Papers,m\Text_Parchment_01.NIF,Morrowind
m\Tx_parchment_01.tga,Book,bk_red_mountain_map,Map of Red Mountain,m\Text_Parchment_01.NIF,Morrowind
m\Tx_parchment_01.tga,Book,bk_talostreason,Note from Oritius Maro,m\Text_Parchment_01.NIF,Morrowind
m\Tx_parchment_01.tga,Book,bk_uleni's_papers,Ghost-Free Papers,m\Text_Parchment_01.NIF,Morrowind
m\Tx_parchment_01.tga,Book,sc_Indie,A dying man's last words,m\Text_Parchment_01.nif,Morrowind
m\Tx_parchment_02.tga,Book,bk_6thhouseravings,Parchment with Scrawlings,m\Text_Parchment_02.nif,Morrowind
m\Tx_parchment_02.tga,Book,bk_Dagoth_Urs_Plans,Dagoth Ur's Plans,m\Text_Parchment_02.NIF,Morrowind
m\Tx_parchment_02.tga,Book,bk_Dren_Hlevala_note,Note to Hlevala,m\Text_Parchment_02.nif,Morrowind
m\Tx_parchment_02.tga,Book,bk_Irano_note,handwritten note,m\Text_Parchment_02.NIF,Morrowind/Tribunal
m\Tx_parchment_02.tga,Book,bk_Nerano,Note from Bakarak,m\Text_Parchment_02.NIF,Morrowind
m\Tx_parchment_02.tga,Book,bk_NoteToAmaya,Note to Amaya,m\Text_Parchment_02.NIF,Morrowind
m\Tx_parchment_02.tga,Book,bk_SaintNerevar,Saint Nerevar,m\Text_Parchment_02.nif,Morrowind
m\Tx_parchment_02.tga,Book,bk_Teran_invoice,Invoice,m\Text_Parchment_02.nif,Morrowind/Tribunal
m\Tx_parchment_02.tga,Book,bk_V_hlaaluprison,Prisoner Checklist,m\Text_Parchment_02.nif,Morrowind
m\Tx_parchment_02.tga,Book,bk_a1_11_zainsubaninotes,Zainsubani's Notes,m\Text_Parchment_02.NIF,Morrowind
m\Tx_parchment_02.tga,Book,bk_a1_1_directionscaiuscosades,Directions to Caius Cosades,m\Text_Parchment_02.NIF,Morrowind
m\Tx_parchment_02.tga,Book,bk_a1_1_directionscaiuscosades,Directions to Caius Cosades,m\Text_Parchment_02.NIF,Morrowind/Bloodmoon
m\Tx_parchment_02.tga,Book,bk_a1_1_elone_to_Balmora,Elone's Directions to Balmora,m\Text_Parchment_02.NIF,Morrowind
m\Tx_parchment_02.tga,Book,bk_a1_4_sharnsnotes,Nerevarine cult notes,m\Text_Parchment_02.nif,Morrowind
m\Tx_parchment_02.tga,Book,bk_a1_v_vivecinformants,Mission to Vivec -- from Caius,m\Text_Parchment_02.NIF,Morrowind
m\Tx_parchment_02.tga,Book,bk_a2_2_dagoth_message,Message from Dagoth Ur,m\Text_Parchment_02.NIF,Morrowind
m\Tx_parchment_02.tga,Book,bk_arrilles_tradehouse,tradehouse notice,m\Text_Parchment_02.NIF,Morrowind
m\Tx_parchment_02.tga,Book,bk_colonyreport,Colony Status Report,m\Text_Parchment_02.nif,Morrowind/Bloodmoon
m\Tx_parchment_02.tga,Book,bk_commontongue,The Common Tongue,m\Text_Parchment_02.NIF,Morrowind/Tribunal
m\Tx_parchment_02.tga,Book,bk_commontongue_irano,The Common Tongue: Irano''s copy,m\Text_Parchment_02.NIF,Morrowind/Tribunal
m\Tx_parchment_02.tga,Book,bk_dwemermuseumwelcome,Dwemer Museum Welcome,m\Text_Parchment_02.NIF,Morrowind
m\Tx_parchment_02.tga,Book,bk_indreledeed,Deed to Indrele's House,m\Text_Parchment_02.nif,Morrowind
m\Tx_parchment_02.tga,Book,bk_kagrenac'stools,Kagrenac's Tools,m\Text_Parchment_02.NIF,Morrowind
m\Tx_parchment_02.tga,Book,bk_letterfromgadayn,Letter from Gadayn,m\Text_Parchment_02.nif,Morrowind
m\Tx_parchment_02.tga,Book,bk_notebyaryon,Notes by Aryon,m\Text_Parchment_02.nif,Morrowind
m\Tx_parchment_02.tga,Book,bk_notefrombashuk,Note from Bashuk,m\Text_Parchment_02.NIF,Morrowind
m\Tx_parchment_02.tga,Book,bk_notefromberwen,Note from Berwen,m\Text_Parchment_02.nif,Morrowind
m\Tx_parchment_02.tga,Book,bk_notefrombugrol,Note from Bugrol,m\Text_Parchment_02.NIF,Morrowind
m\Tx_parchment_02.tga,Book,bk_notefromsondaale,Note from Sondaale,m\Text_Parchment_02.nif,Morrowind
m\Tx_parchment_02.tga,Book,bk_notetomalsa,Note to Malsa Ules,m\Text_Parchment_02.nif,Morrowind
m\Tx_parchment_02.tga,Book,bk_ocato_recommendation,Letter from Ocato,m\Text_Parchment_02.NIF,Morrowind
m\Tx_parchment_02.tga,Book,bk_ravilamemorial,Ravila Memorial,m\Text_Parchment_02.NIF,Morrowind
m\Tx_parchment_02.tga,Book,bk_saryoni_note,note from the Archcanon,m\Text_Parchment_02.NIF,Morrowind
m\Tx_parchment_02.tga,Book,bk_thelostprophecy,The Lost Prophecy,m\Text_Parchment_02.NIF,Morrowind
m\Tx_parchment_02.tga,Book,bk_thesevencurses,The Seven Curses,m\Text_Parchment_02.NIF,Morrowind
m\Tx_parchment_02.tga,Book,bk_varoorders,Shipping Notice,m\Text_Parchment_02.nif,Morrowind
m\Tx_parchment_02.tga,Book,bk_vivec_murders,Nerevar at Red Mountain,m\Text_Parchment_02.NIF,Morrowind
m\Tx_parchment_02.tga,Book,bk_vivec_no_murder,The Battle of Red Mountain,m\Text_Parchment_02.NIF,Morrowind
m\Tx_parchment_02.tga,Book,bk_vivecs_plan,Plan to Defeat Dagoth Ur,m\Text_Parchment_02.NIF,Morrowind
m\Tx_parchment_02.tga,Book,bk_widowdeed,Widow Vabdas' Land Deed,m\Text_Parchment_02.nif,Morrowind
m\Tx_quarto_01.tga,Book,BookSkill_Axe1,The Third Door,m\Text_Quarto_open_01.NIF,Morrowind
m\Tx_quarto_01.tga,Book,BookSkill_Light Armor1,The Rear Guard,m\Text_Quarto_01.NIF,Morrowind
m\Tx_quarto_01.tga,Book,Cumanya's Notes,A Fair Warning,m\Text_Quarto_open_01.NIF,Morrowind
m\Tx_quarto_01.tga,Book,bk_BlasphemousRevenants,Blasphemous Revenants,m\Text_Quarto_open_01.NIF,Morrowind
m\Tx_quarto_01.tga,Book,bk_BlasphemousRevenants,Blasphemous Revenants,m\Text_Quarto_open_01.NIF,Morrowind/Bloodmoon
m\Tx_quarto_01.tga,Book,bookskill_mysticism1,The Firsthold Revolt,m\Text_Quarto_open_01.NIF,Morrowind
m\Tx_quarto_01.tga,Book,bookskill_security1,The Locked Room,m\Text_Quarto_open_01.NIF,Morrowind
m\Tx_quarto_02.tga,Book,BookSkill_Conjuration1,Feyfolken II,m\Text_Quarto_02.nif,Morrowind
m\Tx_quarto_02.tga,Book,BookSkill_Conjuration2,Feyfolken III,m\Text_Quarto_02.nif,Morrowind
m\Tx_quarto_02.tga,Book,BookSkill_Enchant1,Feyfolken I,m\Text_Quarto_02.nif,Morrowind
m\Tx_quarto_02.tga,Book,bk_ArkayTheEnemy,Arkay the Enemy,m\Text_Quarto_02.NIF,Morrowind
m\Tx_quarto_02.tga,Book,bk_RealBarenziah1,The Real Barenziah v I,m\Text_Quarto_02.NIF,Morrowind
m\Tx_quarto_02.tga,Book,bk_RealBarenziah5,The Real Barenziah v V,m\Text_Quarto_02.NIF,Morrowind
m\Tx_quarto_02.tga,Book,bk_VagariesOfMagica,The Vagaries of Magicka,m\Text_Quarto_02.NIF,Morrowind
m\Tx_quarto_02.tga,Book,bk_fivesongsofkingwulfharth,Five Songs of King Wulfharth,m\Text_Quarto_02.NIF,Morrowind
m\Tx_quarto_02.tga,Book,bk_realbarenziah2,The Real Barenziah v II,m\Text_Quarto_02.NIF,Morrowind
m\Tx_quarto_02.tga,Book,bk_realbarenziah3,The Real Barenziah v III,m\Text_Quarto_02.NIF,Morrowind
m\Tx_quarto_02.tga,Book,bk_realbarenziah4,The Real Barenziah v IV,m\Text_Quarto_02.NIF,Morrowind
m\Tx_quarto_02.tga,Book,bookskill_illusion2,Silence,m\Text_Quarto_02.NIF,Morrowind
m\Tx_quarto_03.tga,Book,bk_BriefHistoryEmpire1,Brief History of the Empire v 1,m\Text_Quarto_03.NIF,Morrowind
m\Tx_quarto_03.tga,Book,bk_BriefHistoryEmpire1_oh,Odral's History of the Empire 1,m\Text_Quarto_03.NIF,Morrowind
m\Tx_quarto_03.tga,Book,bk_BriefHistoryEmpire2,Brief History of the Empire v 2,m\Text_Quarto_03.NIF,Morrowind
m\Tx_quarto_03.tga,Book,bk_BriefHistoryEmpire2_oh,Odral's History of the Empire 2,m\Text_Quarto_03.NIF,Morrowind
m\Tx_quarto_03.tga,Book,bk_BriefHistoryEmpire3,Brief History of the Empire v 3,m\Text_Quarto_03.NIF,Morrowind
m\Tx_quarto_03.tga,Book,bk_BriefHistoryEmpire3_oh,Odral's History of the Empire 3,m\Text_Quarto_03.NIF,Morrowind
m\Tx_quarto_03.tga,Book,bk_BriefHistoryEmpire4,Brief History of the Empire v 4,m\Text_Quarto_03.NIF,Morrowind
m\Tx_quarto_03.tga,Book,bk_BriefHistoryEmpire4_oh,Odral's History of the Empire 4,m\Text_Quarto_03.NIF,Morrowind
m\Tx_quarto_03.tga,Book,bk_BriefHistoryofWood,No-h's Picture Book of Wood,m\Text_Quarto_03.nif,Morrowind
m\Tx_quarto_03.tga,Book,bk_Mysticism,Mysticism,m\Text_Quarto_03.NIF,Morrowind
m\Tx_quarto_03.tga,Book,bk_Sovngarde,"Sovngarde, a Reexamination",m\Text_Quarto_03.nif,Morrowind/Bloodmoon
m\Tx_quarto_03.tga,Book,bk_ThirskHistory,"Thirsk, a History",m\Text_Quarto_03.nif,Morrowind/Bloodmoon
m\Tx_quarto_03.tga,Book,bk_ThirskHistory_revised_f,"Thirsk, a History -- Revised",m\Text_Quarto_03.nif,Morrowind/Bloodmoon
m\Tx_quarto_03.tga,Book,bk_ThirskHistory_revised_m,"Thirsk, a History -- Revised",m\Text_Quarto_03.nif,Morrowind/Bloodmoon
m\Tx_quarto_03.tga,Book,bk_WatersOfOblivion,The Waters of Oblivion,m\Text_Quarto_03.NIF,Morrowind
m\Tx_quarto_03.tga,Book,bk_bartendersguide,Hanin's Wake,m\Text_Quarto_03.nif,Morrowind
m\Tx_quarto_03.tga,Book,bk_bartendersguide,Hanin's Wake,m\Text_Quarto_03.nif,Morrowind/Tribunal
m\Tx_quarto_03.tga,Book,bk_formygodsandemperor,For my Gods and Emperor,m\Text_Quarto_03.NIF,Morrowind
m\Tx_quarto_03.tga,Book,bk_poisonsong1,Poison Song I,m\Text_Quarto_03.NIF,Morrowind
m\Tx_quarto_03.tga,Book,bk_poisonsong2,Poison Song II,m\Text_Quarto_03.NIF,Morrowind
m\Tx_quarto_03.tga,Book,bk_poisonsong3,Poison Song III,m\Text_Quarto_03.NIF,Morrowind
m\Tx_quarto_03.tga,Book,bk_poisonsong4,Poison Song IV,m\Text_Quarto_03.NIF,Morrowind
m\Tx_quarto_03.tga,Book,bk_poisonsong5,Poison Song V,m\Text_Quarto_03.NIF,Morrowind
m\Tx_quarto_03.tga,Book,bk_poisonsong6,Poison Song VI,m\Text_Quarto_03.NIF,Morrowind
m\Tx_quarto_03.tga,Book,bk_poisonsong7,Poison Song VII,m\Text_Quarto_03.NIF,Morrowind
m\Tx_quarto_03.tga,Book,bk_wildelves,The Wild Elves,m\Text_Quarto_03.NIF,Morrowind
m\Tx_quarto_03.tga,Book,bk_words_of_the_wind,Words of the Wind,m\Text_Quarto_03.NIF,Morrowind
m\Tx_quarto_03.tga,Book,bk_wordsclanmother,Words of Clan Mother Ahnissi,m\Text_Quarto_03.NIF,Morrowind
m\Tx_quarto_03.tga,Book,book_dwe_power_con00,Old Dwemer Book,m\Text_Quarto_03.NIF,Morrowind/Tribunal
m\Tx_quarto_03.tga,Book,bookskill_acrobatics1,Realizations of Acrobacy,m\Text_Quarto_03.nif,Morrowind
m\Tx_quarto_03.tga,Book,bookskill_blunt weapon3,Night Falls On Sentinel,m\Text_Quarto_03.NIF,Morrowind
m\Tx_quarto_04.tga,Book,bk_AntecedantsDwemerLaw,Antecedants of Dwemer Law,m\Text_Quarto_04.NIF,Morrowind
m\Tx_quarto_04.tga,Book,bk_ArcanaRestored,Arcana Restored,m\Text_Quarto_04.NIF,Morrowind
m\Tx_quarto_04.tga,Book,bk_Ashland_Hymns,Ashland Hymns,m\Text_Quarto_04.NIF,Morrowind
m\Tx_quarto_04.tga,Book,bk_PigChildren,The Pig Children,m\Text_Quarto_04.NIF,Morrowind
m\Tx_quarto_04.tga,Book,bk_ShortHistoryMorrowind,A Short History of Morrowind,m\Text_Quarto_04.NIF,Morrowind
m\Tx_quarto_04.tga,Book,bk_nchunaksfireandfaith,Nchunak's Fire and Faith,m\Text_Quarto_04.NIF,Morrowind
m\Tx_quarto_04.tga,Book,bk_redorancookingsecrets,Redoran Cooking Secrets,m\Text_Quarto_04.NIF,Morrowind
m\Tx_quarto_open_01.tga,Book,bk_BrothersOfDarkness,The Brothers of Darkness,m\Text_Quarto_01.NIF,Morrowind
m\Tx_quarto_open_01.tga,Book,bk_MysteriousAkavir,Mysterious Akavir,m\Text_Quarto_01.NIF,Morrowind
m\Tx_quarto_open_01.tga,Book,bk_MysteriousAkavir,Mysterious Akavir,m\Text_Quarto_01.NIF,Morrowind/Tribunal
m\Tx_quarto_open_01.tga,Book,bk_progressoftruth,Progress of Truth,m\Text_Quarto_01.NIF,Morrowind
m\Tx_quarto_open_01.tga,Book,bookskill_medium armor1,Cherim's Heart of Anequina,m\Text_Quarto_01.NIF,Morrowind
m\Tx_quarto_open_01.tga,Book,bookskill_unarmored1,The Wraith's Wedding Dowry,m\Text_Quarto_01.NIF,Morrowind
m\Tx_quarto_open_02.tga,Book,bk_DoorsOfTheSpirit,The Doors of the Spirit,m\Text_Quarto_open_02.NIF,Morrowind
m\Tx_quarto_open_03.tga,Book,bk_BookDawnAndDusk,The Book of Dawn and Dusk,m\Text_Quarto_open_03.NIF,Morrowind
m\Tx_quarto_open_03.tga,Book,bk_BookDawnAndDusk,The Book of Dawn and Dusk,m\Text_Quarto_open_03.NIF,Morrowind/Tribunal
m\Tx_quarto_open_03.tga,Book,bk_bartendersguide_01,Hanin's Wake,m\Text_Quarto_open_03.nif,Morrowind
m\Tx_scroll_01.tga,Book,bk_provinces_of_tamriel,Provinces of Tamriel,m\Text_Scroll_01.nif,Morrowind
m\Tx_scroll_02.tga,Book,bk_messagefrommasteraryon,Message from Master Aryon,m\Text_Scroll_02.NIF,Morrowind
m\Tx_scroll_02.tga,Book,bk_nemindasorders,Neminda's Orders,m\Text_Scroll_02.NIF,Morrowind
m\Tx_scroll_02.tga,Book,bk_ordersforbivaleteneran,Orders for Bivale Teneran,m\Text_Scroll_02.NIF,Morrowind
m\Tx_scroll_02.tga,Book,bk_responsefromdivaythfyr,Response from Divayth Fyr,m\Text_Scroll_02.NIF,Morrowind
m\Tx_scroll_02.tga,Book,bk_seniliasreport,Senilius' Report,m\Text_Scroll_02.NIF,Morrowind
m\Tx_scroll_02.tga,Book,bk_seydaneentaxrecord,Tax Record,m\Text_Scroll_02.NIF,Morrowind
m\Tx_scroll_02.tga,Book,bk_shishireport,Shishi Report,m\Text_Scroll_02.NIF,Morrowind
m\Tx_scroll_open_01.tga,Book,bk_Ajira1,Ajira's Mushroom Report,m\Text_Scroll_01.NIF,Morrowind
m\Tx_scroll_open_01.tga,Book,bk_Ajira2,Ajira's Flower Report,m\Text_Scroll_01.NIF,Morrowind
m\Tx_scroll_open_01.tga,Book,bk_AuraneFrernis1,Aurane Frernis' Recipies,m\Text_Scroll_01.NIF,Morrowind
m\Tx_scroll_open_01.tga,Book,bk_BM_Aevar,The Story of Aevar Stone-Singer,m\Text_Scroll_01.NIF,Morrowind/Bloodmoon
m\Tx_scroll_open_01.tga,Book,bk_BM_Stockcert,EEC Stock Certificate,m\Text_Scroll_01.NIF,Morrowind/Bloodmoon
m\Tx_scroll_open_01.tga,Book,bk_BM_StoneMap,Locations of the Stones,m\Text_Scroll_01.NIF,Morrowind/Bloodmoon
m\Tx_scroll_open_01.tga,Book,bk_auranefrernis2,Aurane Frernis' Recipies,m\Text_Scroll_01.NIF,Morrowind
m\Tx_scroll_open_01.tga,Book,bk_auranefrernis3,Aurane Frernis' Recipies,m\Text_Scroll_01.NIF,Morrowind
m\Tx_scroll_open_01.tga,Book,bk_dispelrecipe_tgca,Dispel Potion Formula,m\Text_Scroll_01.NIF,Morrowind
m\Tx_scroll_open_01.tga,Book,bk_drenblackmail,Dren's Note,m\Text_Scroll_01.NIF,Morrowind
m\Tx_scroll_open_01.tga,Book,bk_enamor,Note to Salyn Sarethi,m\Text_Scroll_01.NIF,Morrowind
m\Tx_scroll_open_01.tga,Book,bk_great_houses,Great Houses of Morrowind,m\Text_Scroll_01.NIF,Morrowind
m\Tx_scroll_open_01.tga,Book,bk_guide_to_ald_ruhn,Guide to Ald'ruhn,m\Text_Scroll_01.NIF,Morrowind
m\Tx_scroll_open_01.tga,Book,bk_guide_to_balmora,Guide to Balmora,m\Text_Scroll_01.NIF,Morrowind
m\Tx_scroll_open_01.tga,Book,bk_guide_to_sadrithmora,Guide to Sadrith Mora,m\Text_Scroll_01.NIF,Morrowind
m\Tx_scroll_open_01.tga,Book,bk_guide_to_vivec,Guide to Vivec,m\Text_Scroll_01.NIF,Morrowind
m\Tx_scroll_open_01.tga,Book,bk_guide_to_vvardenfell,Guide to Vvardenfell,m\Text_Scroll_01.NIF,Morrowind
m\Tx_scroll_open_01.tga,Book,bk_landdeed_hhrd,Ascadian Isles Land Deed,m\Text_Scroll_01.NIF,Morrowind
m\Tx_scroll_open_01.tga,Book,bk_landdeedfake_hhrd,Odral's Land Deed,m\Text_Scroll_01.NIF,Morrowind
m\Tx_scroll_open_01.tga,Book,bk_pillowinvoice,Invoice,m\Text_Parchment_02.nif,Morrowind
m\Tx_scroll_open_01.tga,Book,bk_stronghold_c_hlaalu,Construction Contract,m\Text_Scroll_01.NIF,Morrowind
m\Tx_scroll_open_01.tga,Book,bk_stronghold_ld_hlaalu,Rethan Manor Land Deed,m\Text_Scroll_01.NIF,Morrowind
m\Tx_scroll_open_01.tga,Book,bk_treasuryorders,Treasury Orders,m\Text_Scroll_01.NIF,Morrowind
m\Tx_scroll_open_01.tga,Book,bk_treasuryreport,Treasury Report,m\Text_Scroll_01.NIF,Morrowind
m\Tx_scroll_open_01.tga,Book,bk_ynglingletter,Yngling's Letter,m\Text_Scroll_01.NIF,Morrowind
m\Tx_scroll_open_01.tga,Book,sc_Chappy_sniper_test,Scroll of the Hidden killer,m\Text_Scroll_01.nif,Morrowind/Bloodmoon
m\Tx_scroll_open_01.tga,Book,sc_almsiviintervention,Scroll of Almsivi Intervention,m\Text_Scroll_01.nif,Morrowind
m\Tx_scroll_open_01.tga,Book,sc_cureblight_ranged,Scroll of Daerir's Blessing,m\Text_Scroll_01.nif,Morrowind
m\Tx_scroll_open_01.tga,Book,sc_divineintervention,Scroll of Divine Intervention,m\Text_Scroll_01.nif,Morrowind
m\Tx_scroll_open_01.tga,Book,sc_fur_armor,Custom Fur Armor Price List,m\Text_Scroll_01.nif,Morrowind/Bloodmoon
m\Tx_scroll_open_01.tga,Book,sc_hiddenkiller,Scroll of the Hidden Killer,m\Text_Scroll_01.nif,Morrowind/Bloodmoon
m\Tx_scroll_open_01.tga,Book,sc_messengerscroll,Messenger Scroll,m\Text_Scroll_01.nif,Morrowind
m\Tx_scroll_open_01.tga,Book,sc_summondaedroth_hto,Milyn Faram's Scroll,m\Text_Scroll_01.nif,Morrowind
m\Tx_scroll_open_02.tga,Book,bk_CalderaMiningContract,Caldera Mining Contract,m\Text_Scroll_open_02.nif,Morrowind
m\Tx_scroll_open_02.tga,Book,bk_itermerelsnotes,Itermerel's Notes,m\Text_Scroll_open_02.NIF,Morrowind
m\Tx_scroll_open_03.tga,Book,bk_tiramgadarscredentials,Tiram Gadar's Credentials,m\Text_Scroll_open_03.NIF,Morrowind
m\Tx_scroll_open_03.tga,Book,chargen statssheet,Release Identification,m\Text_Scroll_open_03.nif,Morrowind
m\tx_octavo_01.tga,Book,BookSkill_Acrobatics2,"A Dance in Fire, Chapter 1",m\text_octavo_01.nif,Morrowind
m\tx_octavo_01.tga,Book,BookSkill_Acrobatics2,"A Dance in Fire, Chapter 1",m\text_octavo_01.nif,Morrowind/Bloodmoon
m\tx_octavo_01.tga,Book,BookSkill_Acrobatics3,"A Dance in Fire, Chapter 4",m\text_octavo_01.nif,Morrowind
m\tx_quarto_03.tga,Book,BookSkill_Alteration5,The Lunar Lorkhan,m\text_quarto_03.nif,Morrowind
m\tx_scroll_open_01.tga,Book,sc_FiercelyRoastThyEnemy_unique,Scroll of Fiercely Roasting,m\text_scroll_01.nif,Morrowind
m\tx_scroll_open_01.tga,Book,sc_GrandfatherFrost,The Song of Grandfather Frost,m\text_scroll_01.nif,Morrowind/Bloodmoon
m\tx_scroll_open_01.tga,Book,sc_Malaki,A scroll written in blood,m\text_scroll_01.nif,Morrowind
m\tx_scroll_open_01.tga,Book,sc_Tyronius,Scroll of Tyronius,m\text_scroll_01.nif,Morrowind
m\tx_scroll_open_01.tga,Book,sc_Vulpriss,A scrawled note,m\text_scroll_01.nif,Morrowind
m\tx_scroll_open_01.tga,Book,sc_alvusiaswarping,Scroll of Alvusia's Warping,m\text_scroll_01.nif,Morrowind
m\tx_scroll_open_01.tga,Book,sc_argentglow,Scroll of The Argent Glow,m\text_scroll_01.nif,Morrowind
m\tx_scroll_open_01.tga,Book,sc_balefulsuffering,Scroll of Baleful Suffering,m\text_scroll_01.nif,Morrowind
m\tx_scroll_open_01.tga,Book,sc_blackdeath,Scroll of Black Death,m\text_scroll_01.nif,Morrowind
m\tx_scroll_open_01.tga,Book,sc_blackdespair,Scroll of Black Despair,m\text_scroll_01.nif,Morrowind
m\tx_scroll_open_01.tga,Book,sc_blackfate,Scroll of Black Fate,m\text_scroll_01.nif,Morrowind
m\tx_scroll_open_01.tga,Book,sc_blackmind,Scroll of Black Mind,m\text_scroll_01.nif,Morrowind
m\tx_scroll_open_01.tga,Book,sc_blackscorn,Scroll of Black Scorn,m\text_scroll_01.nif,Morrowind
m\tx_scroll_open_01.tga,Book,sc_blacksloth,Scroll of Black Sloth,m\text_scroll_01.nif,Morrowind
m\tx_scroll_open_01.tga,Book,sc_blackstorm,Scroll of The Black Storm,m\text_scroll_01.nif,Morrowind
m\tx_scroll_open_01.tga,Book,sc_blackweakness,Scroll of Black Weakness,m\text_scroll_01.nif,Morrowind
m\tx_scroll_open_01.tga,Book,sc_bloodfire,Scroll of Bloodfire,m\text_scroll_01.nif,Morrowind
m\tx_scroll_open_01.tga,Book,sc_bloodthief,Scroll of The Blood Thief,m\text_scroll_01.nif,Morrowind
m\tx_scroll_open_01.tga,Book,sc_bodily_restoration,Scroll of Bodily Restoration,m\text_scroll_01.nif,Morrowind/Bloodmoon
m\tx_scroll_open_01.tga,Book,sc_brevasavertedeyes,Scroll of Breva's Averted Eyes,m\text_scroll_01.nif,Morrowind
m\tx_scroll_open_01.tga,Book,sc_celerity,Scroll of Celerity,m\text_scroll_01.nif,Morrowind
m\tx_scroll_open_01.tga,Book,sc_chridittepanacea,Scroll of Chriditte's Panacea,m\text_scroll_01.nif,Morrowind/Tribunal
m\tx_scroll_open_01.tga,Book,sc_corruptarcanix,Scroll of Corrupt Arcanix,m\text_scroll_01.nif,Morrowind
m\tx_scroll_open_01.tga,Book,sc_daerirsmiracle,Scroll of Daerir's Miracle,m\text_scroll_01.nif,Morrowind
m\tx_scroll_open_01.tga,Book,sc_dawnsprite,Scroll of The Dawn Sprite,m\text_scroll_01.nif,Morrowind
m\tx_scroll_open_01.tga,Book,sc_daydenespanacea,Scroll of Daydene's Panacea,m\text_scroll_01.nif,Morrowind
m\tx_scroll_open_01.tga,Book,sc_daynarsairybubble,Scroll of Daynar's Airy Bubble,m\text_scroll_01.nif,Morrowind
m\tx_scroll_open_01.tga,Book,sc_dedresmasterfuleye,Scroll of Dedres' Masterful Eye,m\text_scroll_01.nif,Morrowind
m\tx_scroll_open_01.tga,Book,sc_didalasknack,Scroll of Didala's Knack,m\text_scroll_01.nif,Morrowind
m\tx_scroll_open_01.tga,Book,sc_drathissoulrot,Scroll of Drathis' Soulrot,m\text_scroll_01.nif,Morrowind
m\tx_scroll_open_01.tga,Book,sc_drathiswinterguest,Scroll of Drathis' Winter Guest,m\text_scroll_01.nif,Morrowind
m\tx_scroll_open_01.tga,Book,sc_ekashslocksplitter,Scroll of Ekash's Lock Splitter,m\text_scroll_01.nif,Morrowind
m\tx_scroll_open_01.tga,Book,sc_elementalburstfire,Scroll of Elemental Burst:Fire,m\text_scroll_01.nif,Morrowind
m\tx_scroll_open_01.tga,Book,sc_elementalburstfrost,Scroll of Elemental Burst:Frost,m\text_scroll_01.nif,Morrowind
m\tx_scroll_open_01.tga,Book,sc_elementalburstshock,Scroll of Elemental Burst:Shock,m\text_scroll_01.nif,Morrowind
m\tx_scroll_open_01.tga,Book,sc_elevramssty,Scroll of Elevram's Sty,m\text_scroll_01.nif,Morrowind
m\tx_scroll_open_01.tga,Book,sc_fadersleadenflesh,Scroll of Fader's Leaden Flesh,m\text_scroll_01.nif,Morrowind
m\tx_scroll_open_01.tga,Book,sc_feldramstrepidation,Scroll of Feldram's Trepidation,m\text_scroll_01.nif,Morrowind
m\tx_scroll_open_01.tga,Book,sc_fifthbarrier,Scroll of The Fifth Barrier,m\text_scroll_01.nif,Morrowind
m\tx_scroll_open_01.tga,Book,sc_firstbarrier,Scroll of The First Barrier,m\text_scroll_01.nif,Morrowind
m\tx_scroll_open_01.tga,Book,sc_flamebane,Scroll of Flamebane,m\text_scroll_01.nif,Morrowind
m\tx_scroll_open_01.tga,Book,sc_flameguard,Scroll of Flameguard,m\text_scroll_01.nif,Morrowind
m\tx_scroll_open_01.tga,Book,sc_fourthbarrier,Scroll of The Fourth Barrier,m\text_scroll_01.nif,Morrowind
m\tx_scroll_open_01.tga,Book,sc_fphyggisgemfeeder,Scroll of Fphyggi's Gem-Feeder,m\text_scroll_01.nif,Morrowind
m\tx_scroll_open_01.tga,Book,sc_frostbane,Scroll of Frostbane,m\text_scroll_01.nif,Morrowind
m\tx_scroll_open_01.tga,Book,sc_frostguard,Scroll of Frostguard,m\text_scroll_01.nif,Morrowind
m\tx_scroll_open_01.tga,Book,sc_galmsesseal,Scroll of Galmes' Seal,m\text_scroll_01.nif,Morrowind
m\tx_scroll_open_01.tga,Book,sc_gamblersprayer,Scroll of The Gambler's Prayer,m\text_scroll_01.nif,Morrowind
m\tx_scroll_open_01.tga,Book,sc_golnaraseyemaze,Scroll of Golnara's Eye-Maze,m\text_scroll_01.nif,Morrowind
m\tx_scroll_open_01.tga,Book,sc_gonarsgoad,Scroll of Gonar's Goad,m\text_scroll_01.nif,Morrowind
m\tx_scroll_open_01.tga,Book,sc_greaterdomination,Scroll of Greater Domination,m\text_scroll_01.nif,Morrowind
m\tx_scroll_open_01.tga,Book,sc_greydeath,Scroll of Grey Death,m\text_scroll_01.nif,Morrowind
m\tx_scroll_open_01.tga,Book,sc_greydespair,Scroll of Grey Despair,m\text_scroll_01.nif,Morrowind
m\tx_scroll_open_01.tga,Book,sc_greyfate,Scroll of Grey Fate,m\text_scroll_01.nif,Morrowind
m\tx_scroll_open_01.tga,Book,sc_greymind,Scroll of Grey Mind,m\text_scroll_01.nif,Morrowind
m\tx_scroll_open_01.tga,Book,sc_greyscorn,Scroll of Grey Scorn,m\text_scroll_01.nif,Morrowind
m\tx_scroll_open_01.tga,Book,sc_greysloth,Scroll of Grey Sloth,m\text_scroll_01.nif,Morrowind
m\tx_scroll_open_01.tga,Book,sc_greyweakness,Scroll of Grey Weakness,m\text_scroll_01.nif,Morrowind
m\tx_scroll_open_01.tga,Book,sc_healing,Scroll of Healing,m\text_scroll_01.nif,Morrowind
m\tx_scroll_open_01.tga,Book,sc_heartwise,Scroll of Heartwise,m\text_scroll_01.nif,Morrowind
m\tx_scroll_open_01.tga,Book,sc_hellfire,Scroll of Hellfire,m\text_scroll_01.nif,Morrowind
m\tx_scroll_open_01.tga,Book,sc_icarianflight,Scroll of Icarian Flight,m\text_scroll_01.nif,Morrowind
m\tx_scroll_open_01.tga,Book,sc_illneasbreath,Scroll of Illnea's Breath,m\text_scroll_01.nif,Morrowind
m\tx_scroll_open_01.tga,Book,sc_inaschastening,Scroll of Inas' Chastening,m\text_scroll_01.nif,Morrowind
m\tx_scroll_open_01.tga,Book,sc_inasismysticfinger,Scroll of Inasi's Mystic Finger,m\text_scroll_01.nif,Morrowind
m\tx_scroll_open_01.tga,Book,sc_insight,Scroll of Insight,m\text_scroll_01.nif,Morrowind
m\tx_scroll_open_01.tga,Book,sc_invisibility,Scroll of Invisibility,m\text_scroll_01.nif,Morrowind
m\tx_scroll_open_01.tga,Book,sc_leaguestep,Scroll of Leaguestep,m\text_scroll_01.nif,Morrowind
m\tx_scroll_open_01.tga,Book,sc_lesserdomination,Scroll of Lesser Domination,m\text_scroll_01.nif,Morrowind
m\tx_scroll_open_01.tga,Book,sc_llirosglowingeye,Scroll of Lliros' Glowing Eye,m\text_scroll_01.nif,Morrowind
m\tx_scroll_open_01.tga,Book,sc_lordmhasvengeance,Scroll of Lord Mhas' Vengeance,m\text_scroll_01.nif,Morrowind
m\tx_scroll_open_01.tga,Book,sc_lycanthropycure,Scroll of the Wolf Ender,m\text_scroll_01.nif,Morrowind/Bloodmoon
m\tx_scroll_open_01.tga,Book,sc_mageseye,Scroll of The Mage's Eye,m\text_scroll_01.nif,Morrowind
m\tx_scroll_open_01.tga,Book,sc_mageweal,Scroll of Mageweal,m\text_scroll_01.nif,Morrowind
m\tx_scroll_open_01.tga,Book,sc_manarape,Scroll of Manarape,m\text_scroll_01.nif,Morrowind
m\tx_scroll_open_01.tga,Book,sc_mark,Scroll of Mark,m\text_scroll_01.nif,Morrowind
m\tx_scroll_open_01.tga,Book,sc_mindfeeder,Scroll of The Mind Feeder,m\text_scroll_01.nif,Morrowind
m\tx_scroll_open_01.tga,Book,sc_mondensinstigator,Scroll of Monden's Instigator,m\text_scroll_01.nif,Morrowind
m\tx_scroll_open_01.tga,Book,sc_nerusislockjaw,Scroll of Nerusi's Lockjaw,m\text_scroll_01.nif,Morrowind
m\tx_scroll_open_01.tga,Book,sc_ninthbarrier,Scroll of The Ninth Barrier,m\text_scroll_01.nif,Morrowind
m\tx_scroll_open_01.tga,Book,sc_oathfast,Scroll of The Oathfast,m\text_scroll_01.nif,Morrowind
m\tx_scroll_open_01.tga,Book,sc_ondusisunhinging,Scroll of Ondusi's Unhinging,m\text_scroll_01.nif,Morrowind
m\tx_scroll_open_01.tga,Book,sc_princeovsbrightball,Scroll of Prince Ov's Brightbal,m\text_scroll_01.nif,Morrowind
m\tx_scroll_open_01.tga,Book,sc_psychicprison,Scroll of Psychic Prison,m\text_scroll_01.nif,Morrowind
m\tx_scroll_open_01.tga,Book,sc_purityofbody,Scroll of Purity of Body,m\text_scroll_01.nif,Morrowind
m\tx_scroll_open_01.tga,Book,sc_radiyasicymask,Scroll of Radiya's Icy Mask,m\text_scroll_01.nif,Morrowind
m\tx_scroll_open_01.tga,Book,sc_radrenesspellbreaker,Scroll of Radrene'sSpellBreaker,m\text_scroll_01.nif,Morrowind
m\tx_scroll_open_01.tga,Book,sc_reddeath,Scroll of Red Death,m\text_scroll_01.nif,Morrowind
m\tx_scroll_open_01.tga,Book,sc_reddespair,Scroll of Red Despair,m\text_scroll_01.nif,Morrowind
m\tx_scroll_open_01.tga,Book,sc_redfate,Scroll of Red Fate,m\text_scroll_01.nif,Morrowind
m\tx_scroll_open_01.tga,Book,sc_redmind,Scroll of Red Mind,m\text_scroll_01.nif,Morrowind
m\tx_scroll_open_01.tga,Book,sc_redscorn,Scroll of Red Scorn,m\text_scroll_01.nif,Morrowind
m\tx_scroll_open_01.tga,Book,sc_redsloth,Scroll of Red Sloth,m\text_scroll_01.nif,Morrowind
m\tx_scroll_open_01.tga,Book,sc_redweakness,Scroll of Red Weakness,m\text_scroll_01.nif,Morrowind
m\tx_scroll_open_01.tga,Book,sc_restoration,Scroll of Restoration,m\text_scroll_01.nif,Morrowind
m\tx_scroll_open_01.tga,Book,sc_reynosbeastfinder,Scroll of Reynos' Beast Finder,m\text_scroll_01.nif,Morrowind
m\tx_scroll_open_01.tga,Book,sc_reynosfins,Scroll of Reynos' Fins,m\text_scroll_01.nif,Morrowind
m\tx_scroll_open_01.tga,Book,sc_salensvivication,Scroll of Salen's Vivication,m\text_scroll_01.nif,Morrowind
m\tx_scroll_open_01.tga,Book,sc_savagemight,Scroll of Savage Might,m\text_scroll_01.nif,Morrowind
m\tx_scroll_open_01.tga,Book,sc_savagetyranny,Scroll of Savage Tyranny,m\text_scroll_01.nif,Morrowind/Bloodmoon
m\tx_scroll_open_01.tga,Book,sc_secondbarrier,Scroll of The Second Barrier,m\text_scroll_01.nif,Morrowind
m\tx_scroll_open_01.tga,Book,sc_selisfieryward,Scroll of Selis' Fiery Ward,m\text_scroll_01.nif,Morrowind
m\tx_scroll_open_01.tga,Book,sc_selynsmistslippers,Scroll of Selyn's Mist Slippers,m\text_scroll_01.nif,Morrowind
m\tx_scroll_open_01.tga,Book,sc_sertisesporphyry,Scroll of Sertises' Porphyry,m\text_scroll_01.nif,Morrowind
m\tx_scroll_open_01.tga,Book,sc_shockbane,Scroll of Shockbane,m\text_scroll_01.nif,Morrowind
m\tx_scroll_open_01.tga,Book,sc_shockguard,Scroll of Shockguard,m\text_scroll_01.nif,Morrowind
m\tx_scroll_open_01.tga,Book,sc_sixthbarrier,Scroll of The Sixth Barrier,m\text_scroll_01.nif,Morrowind
m\tx_scroll_open_01.tga,Book,sc_stormward,Scroll of Stormward,m\text_scroll_01.nif,Morrowind
m\tx_scroll_open_01.tga,Book,sc_summonflameatronach,Scroll of Summon Flame Atronach,m\text_scroll_01.nif,Morrowind
m\tx_scroll_open_01.tga,Book,sc_summonfrostatronach,Scroll of Summon Frost Atronach,m\text_scroll_01.nif,Morrowind
m\tx_scroll_open_01.tga,Book,sc_summongoldensaint,Scroll of Summon Golden Saint,m\text_scroll_01.nif,Morrowind
m\tx_scroll_open_01.tga,Book,sc_summonskeletalservant,Scroll of Summon Skeleton,m\text_scroll_01.nif,Morrowind
m\tx_scroll_open_01.tga,Book,sc_supremedomination,Scroll of Supreme Domination,m\text_scroll_01.nif,Morrowind
m\tx_scroll_open_01.tga,Book,sc_taldamsscorcher,Scroll of Taldam's Scorcher,m\text_scroll_01.nif,Morrowind
m\tx_scroll_open_01.tga,Book,sc_telvinscourage,Scroll of Telvin's Courage,m\text_scroll_01.nif,Morrowind
m\tx_scroll_open_01.tga,Book,sc_tendilstrembling,Scroll of Tendil's Trembling,m\text_scroll_01.nif,Morrowind
m\tx_scroll_open_01.tga,Book,sc_tevilspeace,Scroll of Tevil's Peace,m\text_scroll_01.nif,Morrowind
m\tx_scroll_open_01.tga,Book,sc_tevralshawkshaw,Scroll of Tevral's Hawkshaw,m\text_scroll_01.nif,Morrowind
m\tx_scroll_open_01.tga,Book,sc_thirdbarrier,Scroll of The Third Barrier,m\text_scroll_01.nif,Morrowind
m\tx_scroll_open_01.tga,Book,sc_tinurshoptoad,Scroll of Tinur's Hoptoad,m\text_scroll_01.nif,Morrowind
m\tx_scroll_open_01.tga,Book,sc_toususabidingbeast,Scroll of Tousu's Abiding Beast,m\text_scroll_01.nif,Morrowind
m\tx_scroll_open_01.tga,Book,sc_tranasasspellmire,Scroll of Tranasa's Spellmire,m\text_scroll_01.nif,Morrowind
m\tx_scroll_open_01.tga,Book,sc_tranasasspelltrap,Scroll of Tranasa's Spelltrap,m\text_scroll_01.nif,Morrowind
m\tx_scroll_open_01.tga,Book,sc_tranasasspelltwist,Scroll of Tranasa's Spelltwist,m\text_scroll_01.nif,Morrowind
m\tx_scroll_open_01.tga,Book,sc_ulmjuicedasfeather,Scroll of Ulm Juiceda's Feather,m\text_scroll_01.nif,Morrowind
m\tx_scroll_open_01.tga,Book,sc_unclesweetshare,The Song of Uncle Sweetshare,m\text_scroll_01.nif,Morrowind/Bloodmoon
m\tx_scroll_open_01.tga,Book,sc_uthshandofheaven,Scroll of Uth's Hand of Heaven,m\text_scroll_01.nif,Morrowind
m\tx_scroll_open_01.tga,Book,sc_vaerminaspromise,Scroll of Vaermina's Promise,m\text_scroll_01.nif,Morrowind
m\tx_scroll_open_01.tga,Book,sc_vigor,Scroll of Vigor,m\text_scroll_01.nif,Morrowind
m\tx_scroll_open_01.tga,Book,sc_vitality,Scroll of Vitality,m\text_scroll_01.nif,Morrowind
m\tx_scroll_open_01.tga,Book,sc_warriorsblessing,Scroll of Warrior's Blessing,m\text_scroll_01.nif,Morrowind
m\tx_scroll_open_01.tga,Book,sc_windform,Scroll of Windform,m\text_scroll_01.nif,Morrowind
m\tx_scroll_open_01.tga,Book,sc_windwalker,Scroll of Windwalker,m\text_scroll_01.nif,Morrowind
C\Tx_Common_Robe3blk.dds,Clothing,common_robe_unique,Glenmoril Witch Robe,c\C_common_robe3blk_GND.NIF,Morrowind/Bloodmoon
C\Tx_Common_Wool01_Robe.dds,Clothing,BM_Wool01_Robe,Common Robe,c\C_common_Wool01_robe_GND.NIF,Morrowind/Bloodmoon
a\Tx_Imperial_skirt.tga,Clothing,common_skirt_04,Common Skirt,c\C_M_Skirt_Imperial_GND.nif,Morrowind
a\Tx_Imperial_skirt.tga,Clothing,imperial skirt_clothing,Imperial Skirt,c\C_M_Skirt_Imperial_GND.nif,Morrowind
a\Tx_Imperial_skirt.tga,Clothing,therana's skirt,Therana's Skirt,c\C_M_Skirt_Imperial_GND.nif,Morrowind
a\Tx_Templar_skirt.tga,Clothing,templar skirt obj,Imperial Templar Skirt,c\C_M_Skirt_Templar_GND.nif,Morrowind
c\C_ring_denstagmer.tga,Clothing,ring_denstagmer_unique,Denstagmer's Ring,c\C_art_Ring_denstagmer.NIF,Morrowind
c\C_ring_khajiit.tga,Clothing,ring_khajiit_unique,Ring of Khajiit,c\C_art_Ring_khajiit.NIF,Morrowind
c\C_ring_mentor.tga,Clothing,ring_mentor_unique,Mentor's Ring,c\C_art_Ring_mentor.NIF,Morrowind
c\C_ring_phynaster.tga,Clothing,ring_phynaster_unique,Ring of Phynaster,c\C_art_Ring_phynaster.NIF,Morrowind
c\C_ring_phynaster.tga,Clothing,ring_phynaster_unique_x,Ring of Phynaster,c\C_art_Ring_phynaster.NIF,Morrowind/Tribunal
c\C_ring_surround.tga,Clothing,ring_surrounding_unique,Ring of Surroundings,c\C_art_Ring_surrounding.NIF,Morrowind
c\C_ring_vampiric.tga,Clothing,ring_vampiric_unique,Vampiric Ring,c\C_art_ring_vampiric.NIF,Morrowind
c\C_ring_vampiric.tga,Clothing,ring_vampiric_unique_x,Vampiric Ring,c\C_art_ring_vampiric.NIF,Morrowind/Tribunal
c\C_ring_warlock.tga,Clothing,ring_warlock_unique,Warlock's Ring,c\C_art_ring_warlock.NIF,Morrowind
c\C_ring_warlock.tga,Clothing,ring_warlock_unique_x,Warlock's Ring,c\C_art_ring_warlock.NIF,Morrowind/Tribunal
c\C_ring_wind.tga,Clothing,ring_wind_unique,Ring of the Wind,c\C_art_Ring_wind.NIF,Morrowind
c\TX_C_belt_leather00.tga,Clothing,belt of heartfire,Belt of Heartfire,c\Artifact_belt_hfire_01.NIF,Morrowind
c\TX_C_belt_leather00.tga,Clothing,templar belt,Imperial Templar Belt,c\C_belt_Common_1.NIF,Morrowind
c\TX_C_shoecom01.tga,Clothing,common_shoes_02,Common Shoes,c\C_M_Shoe_common02_GND.NIF,Morrowind
c\TX_C_shoecom01.tga,Clothing,common_shoes_02_surefeet,Surefeet,c\C_M_Shoe_common02_GND.NIF,Morrowind
c\TX_pantscom00.tga,Clothing,common_pants_01,Common Pants,c\C_M_Pants_GND_common00.nif,Morrowind
c\TX_shirtcom01.tga,Clothing,common_shirt_01,Common Shirt,c\C_M_Shirt_GND_common01.nif,Morrowind
c\TX_shoecom01.tga,Clothing,common_shoes_01,Common Shoes,c\C_M_Shoe_common01_GND.NIF,Morrowind
c\TX_shoecom01.tga,Clothing,slippers_of_doom,Slippers of Doom,c\C_M_Shoe_common01_GND.NIF,Morrowind
c\Tx_C_Liche_Robe.dds,Clothing,robe_lich_unique,Robe of the Lich,c\C_M_Robe_Liche_GND.NIF,Morrowind/Tribunal
c\Tx_C_Liche_Robe.dds,Clothing,robe_lich_unique_x,Robe of the Lich,c\C_M_Robe_Liche_GND.NIF,Morrowind/Tribunal
c\Tx_Common1_Shoes.dds,Clothing,common_shoes_06,Common Shoes,c\C_shoes_Common1_GND.NIF,Morrowind/Tribunal
c\Tx_Common1_Skirt.dds,Clothing,common_skirt_06,Common Skirt,c\C_Skirt_Common1_GND.NIF,Morrowind/Tribunal
c\Tx_Common1_cuirass.dds,Clothing,common_shirt_06,Common Shirt,c\C_M_Shirt_Common1_GND.NIF,Morrowind/Tribunal
c\Tx_Common1_greaves.dds,Clothing,common_pants_06,Common Pants,c\C_M_Pants_Common1_GND.NIF,Morrowind/Tribunal
c\Tx_Common2_Shoes.dds,Clothing,common_shoes_07,Common Shoes,c\C_shoes_Common2_GND.NIF,Morrowind/Tribunal
c\Tx_Common2_Skirt.dds,Clothing,common_skirt_07,Common Skirt,c\C_skirt_Common2_GND.NIF,Morrowind/Tribunal
c\Tx_Common2_cuirass.dds,Clothing,common_shirt_07,Common Shirt,c\C_M_Shirt_Common2_GND.NIF,Morrowind/Tribunal
c\Tx_Common2_greaves.dds,Clothing,common_pants_07,Common Pants,c\C_M_Pants_Common2_GND.NIF,Morrowind/Tribunal
c\Tx_Common_Nordic01_Foot.dds,Clothing,BM_Nordic01_shoes,Common Shoes,c\C_common_Nordic01ShoeGND.NIF,Morrowind/Bloodmoon
c\Tx_Common_Nordic01_Hand.dds,Clothing,BM_Nordic01_gloveL,Left Glove,c\C_common_Nordic01GlGND.NIF,Morrowind/Bloodmoon
c\Tx_Common_Nordic01_Hand.dds,Clothing,BM_Nordic01_gloveR,Right Glove,c\C_common_Nordic01GlGND.NIF,Morrowind/Bloodmoon
c\Tx_Common_Nordic01_Pants.dds,Clothing,BM_Nordic01_pants,Common Pants,c\C_common_Nordic01PGND.NIF,Morrowind/Bloodmoon
c\Tx_Common_Nordic01_Robe.dds,Clothing,BM_Nordic01_Robe,Common Robe,c\C_common_Nordic01_robeGND.NIF,Morrowind/Bloodmoon
c\Tx_Common_Nordic01_Robe.dds,Clothing,BM_Nordic01_Robe_whitewalk,Whitewalker,c\C_common_Nordic01_robeGND.NIF,Morrowind/Bloodmoon
c\Tx_Common_Nordic01_Shirt.dds,Clothing,BM_Nordic01_shirt,Common Shirt,c\C_common_Nordic01ShirtGND.NIF,Morrowind/Bloodmoon
c\Tx_Common_Nordic02_Foot.dds,Clothing,BM_Nordic02_shoes,Common Shoes,c\C_common_Nordic02ShoeGND.NIF,Morrowind/Bloodmoon
c\Tx_Common_Nordic02_Hand.dds,Clothing,BM_Nordic02_gloveL,Left Glove,c\C_common_Nordic02GlGND.NIF,Morrowind/Bloodmoon
c\Tx_Common_Nordic02_Hand.dds,Clothing,BM_Nordic02_gloveR,Right Glove,c\C_common_Nordic02GlGND.NIF,Morrowind/Bloodmoon
c\Tx_Common_Nordic02_Pants.dds,Clothing,BM_Nordic02_pants,Common Pants,c\C_common_Nordic02PGND.NIF,Morrowind/Bloodmoon
c\Tx_Common_Nordic02_Shirt.dds,Clothing,BM_Nordic02_shirt,Common Shirt,c\C_common_Nordic02shirtGND.NIF,Morrowind/Bloodmoon
c\Tx_Common_Wool01_Foot.dds,Clothing,BM_Wool01_shoes,Common Shoes,c\C_common_Wool01ShoeGND.NIF,Morrowind/Bloodmoon
c\Tx_Common_Wool01_Hand.dds,Clothing,BM_Wool01_gloveL,Left Glove,c\C_common_Wool01GLGND.NIF,Morrowind/Bloodmoon
c\Tx_Common_Wool01_Hand.dds,Clothing,BM_Wool01_gloveR,Right Glove,c\C_common_Wool01GLGND.NIF,Morrowind/Bloodmoon
c\Tx_Common_Wool01_Pants.dds,Clothing,BM_Wool01_pants,Common Pants,c\C_common_Wool01PGND.NIF,Morrowind/Bloodmoon
c\Tx_Common_Wool01_Shirt.dds,Clothing,BM_Wool01_shirt,Common Shirt,c\C_common_Wool01ShirtGND.NIF,Morrowind/Bloodmoon
c\Tx_Common_Wool02_Foot.dds,Clothing,BM_Wool02_shoes,Common Shoes,c\C_common_Wool02ShoeGND.NIF,Morrowind/Bloodmoon
c\Tx_Common_Wool02_Hand.dds,Clothing,BM_Wool02_gloveL,Left Glove,c\C_common_Wool02GlGND.NIF,Morrowind/Bloodmoon
c\Tx_Common_Wool02_Hand.dds,Clothing,BM_Wool02_gloveR,Right Glove,c\C_common_Wool02GlGND.NIF,Morrowind/Bloodmoon
c\Tx_Common_Wool02_Pants.dds,Clothing,BM_Wool02_pants,Common Pants,c\C_common_Wool02PGND.NIF,Morrowind/Bloodmoon
c\Tx_Common_Wool02_Shirt.dds,Clothing,BM_Wool02_shirt,Common Shirt,c\C_common_Wool02ShirtGND.NIF,Morrowind/Bloodmoon
c\Tx_Mournhold_Shoes.dds,Clothing,Expensive_shoes_Mournhold,Expensive Shoes,c\C_shoes_Mournhold_GND.NIF,Morrowind/Tribunal
c\Tx_Mournhold_Skirt.dds,Clothing,expensive_skirt_04,Expensive Skirt,c\C_Skirt_Mournhold.NIF,Morrowind/Tribunal
c\Tx_Mournhold_Skirt.dds,Clothing,expensive_skirt_Mournhold,Expensive Skirt,c\C_Skirt_Mournhold_GND.NIF,Morrowind/Tribunal
c\Tx_Mournhold_cuirass.tga,Clothing,Expensive_shirt_Mournhold,Expensive Shirt,c\C_M_Shirt_Mournhold_GND.NIF,Morrowind/Tribunal
c\Tx_Mournhold_greaves.dds,Clothing,Expensive_pants_Mournhold,Expensive Pants,c\C_M_Pants_Mournhold_GND.NIF,Morrowind/Tribunal
c\Tx_Pants_comm_3.tga,Clothing,common_pants_03,Common Pants,c\C_M_Pants_common_3_GND.nif,Morrowind
c\Tx_Ring_Hircine.dds,Clothing,BM_ring_hircine,Hircine's Ring,c\C_Ring_Hircine.NIF,Morrowind/Bloodmoon
c\Tx_Robe_Extrav_1c.tga,Clothing,extravagant_robe_01_c,Extravagant Robe,c\C_M_Robe_Extrav_1c_GND.NIF,Morrowind
c\Tx_Robe_White.dds,Clothing,common_robe_EOT,Common Robe,c\C_Robe_White_GND.NIF,Morrowind/Tribunal
c\Tx_Robe_com01.tga,Clothing,common_robe_01,Common Robe,c\C_M_Robe_common_01_GND.NIF,Morrowind
c\Tx_Robe_com02.tga,Clothing,common_robe_02,Common Robe,c\C_M_Robe_common_02_GND.NIF,Morrowind
c\Tx_Robe_com02.tga,Clothing,robe of st roris,Robe of St Roris,c\C_M_Robe_common_02_GND.NIF,Morrowind
c\Tx_Robe_com02h.tga,Clothing,common_robe_02_h,Common Robe,c\C_M_Robe_common_05a_GND.NIF,Morrowind
c\Tx_Robe_com02hh.tga,Clothing,common_robe_02_hh,Common Robe,c\C_M_Robe_common_02hh_GND.NIF,Morrowind
c\Tx_Robe_com02r.tga,Clothing,common_robe_02_r,Common Robe,c\C_M_Robe_common_02r_GND.NIF,Morrowind
c\Tx_Robe_com02rr.tga,Clothing,common_robe_02_rr,Common Robe,c\C_M_Robe_common_02rr_GND.NIF,Morrowind
c\Tx_Robe_com02t.tga,Clothing,common_robe_02_t,Common Robe,c\C_M_Robe_common_02t_GND.NIF,Morrowind
c\Tx_Robe_com02t.tga,Clothing,flameguard robe,Flameguard Robe,c\C_M_Robe_common_02t_GND.NIF,Morrowind
c\Tx_Robe_com02t.tga,Clothing,frostguard robe,Frostguard Robe,c\C_M_Robe_common_02t_GND.NIF,Morrowind
c\Tx_Robe_com02t.tga,Clothing,magickguard robe,Magickguard Robe,c\C_M_Robe_common_02t_GND.NIF,Morrowind
c\Tx_Robe_com02t.tga,Clothing,poisonguard robe,Poisonguard Robe,c\C_M_Robe_common_02t_GND.NIF,Morrowind
c\Tx_Robe_com02t.tga,Clothing,shockguard robe,Shockguard Robe,c\C_M_Robe_common_02t_GND.NIF,Morrowind
c\Tx_Robe_com02tt.tga,Clothing,common_robe_02_tt,Common Robe,c\C_M_Robe_common_02tt_GND.NIF,Morrowind
c\Tx_Robe_com05a.tga,Clothing,common_robe_05_a,Common Robe,c\C_M_Robe_common_05a_GND.NIF,Morrowind
c\Tx_Robe_com05b.tga,Clothing,common_robe_05_b,Common Robe,c\C_M_Robe_common_05b_GND.NIF,Morrowind
c\Tx_Robe_com05c.tga,Clothing,common_robe_05_c,Common Robe,c\C_M_Robe_common_05c_GND.NIF,Morrowind
c\Tx_Robe_exquisite_1.tga,Clothing,exquisite_robe_01,Exquisite Robe,c\C_M_Robe_Exquisite_1_GND.nif,Morrowind
c\Tx_Robe_exquisite_1.tga,Clothing,exquisite_robe_drake's pride,Robe of the Drake's Pride,c\C_M_Robe_Exquisite_1_GND.nif,Morrowind
c\Tx_Robe_exquisite_1.tga,Clothing,hortatorrobe,Robe of the Hortator,c\C_M_Robe_Exquisite_1_GND.nif,Morrowind
c\Tx_Shirt_extrav01.tga,Clothing,extravagant_shirt_01,Extravagant Shirt,c\C_M_Shirt_extrav_1_GND.NIF,Morrowind
c\Tx_Shirtcom02.tga,Clothing,common_shirt_02,Common Shirt,c\C_M_Shirt_GND_commonL02.nif,Morrowind
c\Tx_Shirtcomm_03_b.tga,Clothing,common_shirt_03_b,Common Shirt,c\C_M_Shirt_Common_3b_GND.nif,Morrowind
c\Tx_Skirt_com01.tga,Clothing,common_skirt_01,Common Skirt,c\C_M_Skirt_Common_01_GND.nif,Morrowind
c\Tx_amulet_hfire_01.tga,Clothing,artifact_amulet of heartfire,Amulet of Heartfire,c\Artifact_amulet_hfire_01.NIF,Morrowind
c\Tx_amulet_hheal_01.tga,Clothing,artifact_amulet of heartheal,Amulet of Heartheal,c\Artifact_amulet_hheal_01.NIF,Morrowind
c\Tx_amulet_hrime_01.tga,Clothing,artifact_amulet of heartrime,Amulet of Heartrime,c\Artifact_amulet_htrime_01.NIF,Morrowind
c\Tx_amulet_hthrum_01.tga,Clothing,artifact_amulet of heartthrum,Amulet of Heartthrum,c\Artifact_amulet_hthrum_01.NIF,Morrowind
c\Tx_ashv_r_hthrum_01.tga,Clothing,artifact_heart_ring,Heart Ring,c\Artifact_amulet_hring_01.NIF,Morrowind
c\Tx_ashv_r_hthrum_01.tga,Clothing,heart ring,Heart Ring,c\Artifact_amulet_hring_01.NIF,Morrowind
c\Tx_belt_heartfire_01.tga,Clothing,artifact_belt_of_heartfire,Belt of Heartfire,c\Artifact_belt_hfire_01.NIF,Morrowind
c\Tx_pants_com01.tga,Clothing,common_pants_02,Common Pants,c\C_M_Pants_GND_common01.nif,Morrowind
c\Tx_pants_com01.tga,Clothing,common_pants_02_hentus,Hentus Pants,c\C_M_Pants_GND_common01.nif,Morrowind
c\Tx_pants_com03_b.tga,Clothing,common_pants_03_b,Common Pants,c\C_M_Pants_Common_3b_GND.nif,Morrowind
c\Tx_pants_com04.tga,Clothing,common_pants_04,Common Pants,c\C_M_Pants_GND_common02.nif,Morrowind
c\Tx_pants_com04_b.tga,Clothing,common_pants_04_b,Common Pants,c\C_M_Pants_Common_4_b_GND.nif,Morrowind
c\Tx_pants_com04_b.tga,Clothing,tailored_trousers,Tailored Trousers,c\C_M_Pants_Common_4_b_GND.nif,Morrowind
c\Tx_pants_common_1e.tga,Clothing,common_pants_01_e,Common Pants,c\C_M_Pants_common_1_e_GND.NIF,Morrowind
c\Tx_pants_expensive_1.tga,Clothing,expensive_pants_01,Expensive Pants,c\C_M_Pants_Expensive_1_GND.NIF,Morrowind
c\Tx_pants_expensive_2.tga,Clothing,expensive_pants_02,Expensive Pants,c\C_M_Pants_expensive_2_GND.nif,Morrowind
c\Tx_r_blood_01.tga,Clothing,artifact_blood_ring,Blood Ring,c\Artifact_bloodring_01.NIF,Morrowind
c\Tx_r_blood_01.tga,Clothing,blood ring,Blood Ring,c\Artifact_bloodring_01.NIF,Morrowind
c\Tx_r_soul_01.tga,Clothing,soul ring,Soul Ring,c\Artifact_ring_soul_01.NIF,Morrowind
c\Tx_ring_common01.tga,Clothing,Caius_ring,Caius' Ring,c\C_Ring_common01.NIF,Morrowind
c\Tx_ring_common01.tga,Clothing,common_ring_01,Common Ring,c\C_Ring_common01.NIF,Morrowind
c\Tx_ring_common01.tga,Clothing,common_ring_01_arena,Common Ring,c\C_Ring_common01.NIF,Morrowind
c\Tx_ring_common01.tga,Clothing,common_ring_01_fg_corp01,Common Ring,c\C_Ring_common01.NIF,Morrowind
c\Tx_ring_common01.tga,Clothing,common_ring_01_fg_nchur01,Common Ring,c\C_Ring_common01.NIF,Morrowind
c\Tx_ring_common01.tga,Clothing,common_ring_01_fg_nchur02,Common Ring,c\C_Ring_common01.NIF,Morrowind
c\Tx_ring_common01.tga,Clothing,common_ring_01_fg_nchur03,Common Ring,c\C_Ring_common01.NIF,Morrowind
c\Tx_ring_common01.tga,Clothing,common_ring_01_fg_nchur04,Common Ring,c\C_Ring_common01.NIF,Morrowind
c\Tx_ring_common01.tga,Clothing,common_ring_01_haunt_Ken,Common Ring,c\C_Ring_common01.NIF,Morrowind
c\Tx_ring_common01.tga,Clothing,common_ring_01_mgbwg,Common Ring,c\C_Ring_common01.NIF,Morrowind
c\Tx_ring_common01.tga,Clothing,common_ring_01_mge,Common Ring,c\C_Ring_common01.NIF,Morrowind
c\Tx_ring_common01.tga,Clothing,common_ring_01_tt_mountkand,Common Ring,c\C_Ring_common01.NIF,Morrowind
c\Tx_ring_common01.tga,Clothing,distraction ring,Distraction Ring,c\C_Ring_common01.NIF,Morrowind
c\Tx_ring_common01.tga,Clothing,fenrick's doorjam ring,Fenrick's Doorjam Ring,c\C_Ring_common01.NIF,Morrowind
c\Tx_ring_common01.tga,Clothing,mother's ring,Mother's Ring,c\C_Ring_common01.NIF,Morrowind
c\Tx_ring_common01.tga,Clothing,ring of shocking touch,Ring of Shocking Touch,c\C_Ring_common01.NIF,Morrowind
c\Tx_robe_Helseth.dds,Clothing,Helseth's Robe,Frostguard Robe,c\C_M_Helseth_Robe_GND.NIF,Morrowind/Tribunal
c\Tx_robe_expensive_1.tga,Clothing,expensive_robe_01,Expensive Robe,c\C_M_Robe_expensive_1_GND.NIF,Morrowind
c\Tx_robe_expensive_2.tga,Clothing,expensive_robe_02,Expensive Robe,c\C_M_Robe_Expensive_2_GND.nif,Morrowind
c\Tx_robe_expensive_2.tga,Clothing,weeping robe,Weeping Robe,c\C_M_Robe_Expensive_2_GND.nif,Morrowind
c\Tx_robe_expensive_2a.tga,Clothing,expensive_robe_02_a,Expensive Robe,c\C_M_Robe_expensive_2a_GND.NIF,Morrowind
c\Tx_robe_expensive_2a.tga,Clothing,robe of trials,Robe of Trials,c\C_M_Robe_expensive_2a_GND.NIF,Morrowind
c\Tx_robe_expensive_2a.tga,Clothing,veloth's robe,Veloth's Robe,c\C_M_Robe_expensive_2a_GND.NIF,Morrowind
c\Tx_shirt_common_1a.tga,Clothing,common_shirt_01_a,Common Shirt,c\C_M_Shirt_common_1_a_GND.NIF,Morrowind
c\Tx_shirt_common_1e.tga,Clothing,common_shirt_01_e,Common Shirt,c\C_M_Shirt_common_1_e_GND.NIF,Morrowind
c\Tx_shirt_common_1z.tga,Clothing,common_shirt_01_z,Common Shirt,c\C_M_Shirt_common_1_z_GND.NIF,Morrowind
c\Tx_shirt_expensive_1.tga,Clothing,expensive_shirt_01,Expensive Shirt,c\C_M_Shirt_Expensive_1_GND.NIF,Morrowind
c\Tx_shirt_expensive_2.tga,Clothing,expensive_shirt_02,Expensive Shirt,c\C_M_Shirt_expensive_2_GND.nif,Morrowind
c\Tx_shirt_extrav_1t.tga,Clothing,extravagant_shirt_01_t,Extravagant Shirt,c\C_M_Shirt_extrav_1_tGND.NIF,Morrowind
c\Tx_shirtcom04.tga,Clothing,common_shirt_04,Common Shirt,c\C_M_Shirt_GND_commonL04.nif,Morrowind
c\Tx_shirtcom04_a.tga,Clothing,common_shirt_04_a,Common Shirt,c\C_M_Shirt_Common_4_a_GND.nif,Morrowind
c\Tx_shirtcom04_b.tga,Clothing,common_shirt_04_b,Common Shirt,c\C_M_Shirt_Common_4_b_GND.nif,Morrowind
c\Tx_shirtcom04_c.tga,Clothing,Maras_Blouse,Mara's Blouse,c\C_M_Shirt_Common_4_c_GND.nif,Morrowind
c\Tx_shirtcom04_c.tga,Clothing,Restoration_Shirt,Restoration Shirt,c\C_M_Shirt_Common_4_c_GND.nif,Morrowind
c\Tx_shirtcom04_c.tga,Clothing,common_shirt_04_c,Common Shirt,c\C_M_Shirt_Common_4_c_GND.nif,Morrowind
c\Tx_shirtcomm_03.tga,Clothing,common_shirt_03,Common Shirt,c\C_M_Shirt_Common_3_GND.nif,Morrowind
c\Tx_shirtcomm_2h.tga,Clothing,common_shirt_02_h,Common Shirt,c\C_M_Shirt_Common_2_h_GND.nif,Morrowind
c\Tx_shirtcomm_2r.tga,Clothing,common_shirt_02_r,Common Shirt,c\C_M_Shirt_Common_2_r_GND.nif,Morrowind
c\Tx_shirtcomm_2t.tga,Clothing,common_shirt_02_t,Common Shirt,c\C_M_Shirt_Common_2_t_GND.nif,Morrowind
c\Tx_shoes_common_3.tga,Clothing,common_shoes_03,Common Shoes,c\C_Shoes_common_3_GND.NIF,Morrowind
c\Tx_shoes_expensive_3.tga,Clothing,Shoes_of_Conviction,Shoes of Conviction,c\C_shoes_expensive_3_GND.NIF,Morrowind
c\Tx_shoes_expensive_3.tga,Clothing,expensive_shoes_03,Expensive Shoes,c\C_shoes_expensive_3_GND.NIF,Morrowind
c\Tx_skirt_com04_c.tga,Clothing,Maras_Skirt,Mara's Skirt,c\C_M_Skirt_Common_04_c_GND.nif,Morrowind
c\Tx_skirt_com04_c.tga,Clothing,common_skirt_04_c,Common Skirt,c\C_M_Skirt_Common_04_c_GND.nif,Morrowind
c\Tx_skirt_common_2.tga,Clothing,common_skirt_02,Common Skirt,c\C_Skirt_common_2_GND.NIF,Morrowind
c\Tx_skirt_common_3.tga,Clothing,common_skirt_03,Common Skirt,c\C_Skirt_common_3_GND.NIF,Morrowind
c\Tx_skirt_common_5.tga,Clothing,common_skirt_05,Common Skirt,c\C_skirt_common_5_GND.NIF,Morrowind
c\tx_Robe_com03.tga,Clothing,common_robe_03,Common Robe,c\C_M_Robe_Common_3_GND.NIF,Morrowind
c\tx_Robe_com03.tga,Clothing,robe of burdens,Robe of Burdens,c\C_M_Robe_Common_3_GND.NIF,Morrowind
c\tx_Robe_com03a.tga,Clothing,common_robe_03_a,Common Robe,c\C_M_Robe_common_03a_GND.NIF,Morrowind
c\tx_Robe_com03b.tga,Clothing,common_robe_03_b,Common Robe,c\C_M_Robe_common_03b_GND.NIF,Morrowind
c\tx_Robe_expensive_3.tga,Clothing,Adusamsi's_robe,Adusamsi's Robe,c\C_M_Robe_Expens_3_GND.NIF,Morrowind
c\tx_Robe_expensive_3.tga,Clothing,expensive_robe_03,Expensive Robe,c\C_M_Robe_Expens_3_GND.NIF,Morrowind
c\tx_amulet_Madstone.tga,Clothing,Daedric_special,Daedric Sanctuary Amulet,c\Amulet_Madstone.NIF,Morrowind
c\tx_amulet_Madstone.tga,Clothing,Daedric_special01,Tel Fyr amulet,c\Amulet_Madstone.NIF,Morrowind
c\tx_amulet_Madstone.tga,Clothing,madstone,Madstone of the Ahemmusa,c\Amulet_Madstone.NIF,Morrowind
c\tx_amulet_com1.tga,Clothing,bonebiter charm,Bonebiter Charm,c\Amulet_Common_1.NIF,Morrowind
c\tx_amulet_com1.tga,Clothing,clench charm,Clench Charm,c\Amulet_Common_1.NIF,Morrowind
c\tx_amulet_com1.tga,Clothing,common_amulet_01,Common Amulet,c\Amulet_Common_1.NIF,Morrowind
c\tx_amulet_com1.tga,Clothing,evil eye charm,Evil Eye Charm,c\Amulet_Common_1.NIF,Morrowind
c\tx_amulet_com1.tga,Clothing,fuddle charm,Fuddle Charm,c\Amulet_Common_1.NIF,Morrowind
c\tx_amulet_com1.tga,Clothing,gripes charm,Gripes Charm,c\Amulet_Common_1.NIF,Morrowind
c\tx_amulet_com1.tga,Clothing,hex charm,Hex Charm,c\Amulet_Common_1.NIF,Morrowind
c\tx_amulet_com1.tga,Clothing,stumble charm,Stumble Charm,c\Amulet_Common_1.NIF,Morrowind
c\tx_amulet_com1.tga,Clothing,woe charm,Woe Charm,c\Amulet_Common_1.NIF,Morrowind
c\tx_amulet_com2.tga,Clothing,Julielle_Aumines_Amulet,Julielle Aumine's Amulet,c\Amulet_Common_2.NIF,Morrowind
c\tx_amulet_com2.tga,Clothing,amulet of light,Amulet of Light,c\Amulet_Common_2.NIF,Morrowind
c\tx_amulet_com2.tga,Clothing,amulet of mighty blows,Amulet of Mighty Blows,c\Amulet_Common_2.NIF,Morrowind
c\tx_amulet_com2.tga,Clothing,common_amulet_02,Common Amulet,c\Amulet_Common_2.NIF,Morrowind
c\tx_amulet_com2.tga,Clothing,doze charm,Doze Charm,c\Amulet_Common_2.NIF,Morrowind
c\tx_amulet_com2.tga,Clothing,red despair amulet,Red Despair Amulet,c\Amulet_Common_2.NIF,Morrowind
c\tx_amulet_com3.tga,Clothing,amulet of admonition,Amulet of Admonition,c\Amulet_Common_3.NIF,Morrowind
c\tx_amulet_com3.tga,Clothing,amulet of almsivi intervention,Amulet of Almsivi Intervention,c\Amulet_Common_3.NIF,Morrowind
c\tx_amulet_com3.tga,Clothing,amulet of balyna's antidote,Amulet of Balyna's Antidote,c\Amulet_Common_3.NIF,Morrowind
c\tx_amulet_com3.tga,Clothing,amulet of balyna's soothing bal,Amulet of Soothing Balm,c\Amulet_Common_3.NIF,Morrowind
c\tx_amulet_com3.tga,Clothing,amulet of divine intervention,Amulet of Divine Intervention,c\Amulet_Common_3.NIF,Morrowind
c\tx_amulet_com3.tga,Clothing,amulet of domination,Amulet of Domination,c\Amulet_Common_3.NIF,Morrowind
c\tx_amulet_com3.tga,Clothing,amulet of locking,Amulet of Locking,c\Amulet_Common_3.NIF,Morrowind
c\tx_amulet_com3.tga,Clothing,amulet of stamina,Amulet of Stamina,c\Amulet_Common_3.NIF,Morrowind
c\tx_amulet_com3.tga,Clothing,common_amulet_03,Common Amulet,c\Amulet_Common_3.NIF,Morrowind
c\tx_amulet_com3.tga,Clothing,hlervu_locket_unique,Hlervu Locket,c\Amulet_Common_3.NIF,Morrowind
c\tx_amulet_com4.tga,Clothing,amulet of opening,Amulet of Opening,c\Amulet_Common_4.NIF,Morrowind
c\tx_amulet_com4.tga,Clothing,balm amulet,Balm Amulet,c\Amulet_Common_4.NIF,Morrowind
c\tx_amulet_com4.tga,Clothing,common_amulet_04,Common Amulet,c\Amulet_Common_4.NIF,Morrowind
c\tx_amulet_com4.tga,Clothing,light amulet,Light Amulet,c\Amulet_Common_4.NIF,Morrowind
c\tx_amulet_com4.tga,Clothing,sleep amulet,Sleep Amulet,c\Amulet_Common_4.NIF,Morrowind
c\tx_amulet_com5.tga,Clothing,amulet of water walking,Amulet of Water Walking,c\Amulet_Common_5.NIF,Morrowind
c\tx_amulet_com5.tga,Clothing,common_amulet_05,Common Amulet,c\Amulet_Common_5.NIF,Morrowind
c\tx_amulet_expens1.tga,Clothing,amulet of mark,Amulet of Mark,c\Amulet_Expensive_1.NIF,Morrowind
c\tx_amulet_expens1.tga,Clothing,amulet_Pop00,Pop's Amulet,c\Amulet_Expensive_1.NIF,Morrowind
c\tx_amulet_expens1.tga,Clothing,expensive_amulet_01,Expensive Amulet,c\Amulet_Expensive_1.NIF,Morrowind
c\tx_amulet_expens1.tga,Clothing,expensive_amulet_delyna,Delyna's Locket,c\Amulet_Expensive_1.NIF,Morrowind
c\tx_amulet_expens1.tga,Clothing,heart_of_fire,Sanit-Kil's Heart of Fire,c\Amulet_Expensive_1.NIF,Morrowind
c\tx_amulet_expens1.tga,Clothing,sarandas_amulet,Firejade Amulet,c\Amulet_Expensive_1.NIF,Morrowind
c\tx_amulet_expens1.tga,Clothing,silence charm,Silence Charm,c\Amulet_Expensive_1.NIF,Morrowind
c\tx_amulet_expens1.tga,Clothing,soulpinch charm,Soulpinch Charm,c\Amulet_Expensive_1.NIF,Morrowind
c\tx_amulet_expens1.tga,Clothing,spirit charm,Spirit Charm,c\Amulet_Expensive_1.NIF,Morrowind
c\tx_amulet_expens2.tga,Clothing,amulet of ashamanu (unique),Amulet of Ashamanu,c\Amulet_Expensive_2.NIF,Morrowind
c\tx_amulet_expens2.tga,Clothing,amulet of far silence,Amulet of Far Silence,c\Amulet_Expensive_2.NIF,Morrowind
c\tx_amulet_expens2.tga,Clothing,amulet of health,Amulet of Health,c\Amulet_Expensive_2.NIF,Morrowind
c\tx_amulet_expens2.tga,Clothing,amulet of levitating,Amulet of Levitating,c\Amulet_Expensive_2.NIF,Morrowind
c\tx_amulet_expens2.tga,Clothing,amulet of rest,Amulet of Rest,c\Amulet_Expensive_2.NIF,Morrowind
c\tx_amulet_expens2.tga,Clothing,blood despair amulet,Blood Despair Amulet,c\Amulet_Expensive_2.NIF,Morrowind
c\tx_amulet_expens2.tga,Clothing,expensive_amulet_02,Expensive Amulet,c\Amulet_Expensive_2.NIF,Morrowind
c\tx_amulet_expens2.tga,Clothing,sanguineamuletglibspeech,Amulet of Sanguine Glib Speech,c\Amulet_Expensive_2.NIF,Morrowind
c\tx_amulet_expens2.tga,Clothing,st. sotha's judgement,St. Sotha's Judgement,c\Amulet_Expensive_2.NIF,Morrowind
c\tx_amulet_expens3.tga,Clothing,Linus_Iulus_Maran Amulet,Linus Iulus' Maran Amulet,c\Amulet_Expensive_3.NIF,Morrowind
c\tx_amulet_expens3.tga,Clothing,Maran Amulet,Maran Amulet,c\Amulet_Expensive_3.NIF,Morrowind
c\tx_amulet_expens3.tga,Clothing,amulet of frost,Amulet of Frost,c\Amulet_Expensive_3.NIF,Morrowind
c\tx_amulet_expens3.tga,Clothing,amulet of infectious charm,Amulet of Infectious Charm,c\Amulet_Expensive_3.nif,Morrowind/Bloodmoon
c\tx_amulet_expens3.tga,Clothing,amulet of shield,Amulet of Shield,c\Amulet_Expensive_3.NIF,Morrowind
c\tx_amulet_expens3.tga,Clothing,amulet_unity_uniq,Amulet of Unity,c\Amulet_Expensive_3.NIF,Morrowind
c\tx_amulet_expens3.tga,Clothing,crimson despair amulet,Crimson Despair Amulet,c\Amulet_Expensive_3.NIF,Morrowind
c\tx_amulet_expens3.tga,Clothing,expensive_amulet_03,Expensive Amulet,c\Amulet_Expensive_3.NIF,Morrowind
c\tx_amulet_expens3.tga,Clothing,expensive_amulet_aeta,Expensive Amulet,c\Amulet_Expensive_3.NIF,Morrowind
c\tx_amulet_expens3.tga,Clothing,expensive_amulet_methas,Methas Hlaalu's Amulet,c\Amulet_Expensive_3.NIF,Morrowind
c\tx_amulet_exquisite1.tga,Clothing,Exquisite_Amulet_Arobar1,Arobar's Amulet,c\amulet_exquisit_1.nif,Morrowind
c\tx_amulet_exquisite1.tga,Clothing,amulet of slowfalling,Amulet of Slowfalling,c\Amulet_Exquisit_1.NIF,Morrowind
c\tx_amulet_exquisite1.tga,Clothing,amulet_gem_feeding,Amulet of Gem Feeding,c\Amulet_Exquisit_1.NIF,Morrowind
c\tx_amulet_exquisite1.tga,Clothing,bm_amulspd1,Hunter's Amulet of Speed,c\Amulet_Exquisit_1.NIF,Morrowind/Bloodmoon
c\tx_amulet_exquisite1.tga,Clothing,bm_amulstr1,Hunter's Amulet of Strength,c\Amulet_Exquisit_1.NIF,Morrowind/Bloodmoon
c\tx_amulet_exquisite1.tga,Clothing,exquisite_amulet_01,Exquisite Amulet,c\Amulet_Exquisit_1.NIF,Morrowind
c\tx_amulet_exquisite1.tga,Clothing,exquisite_amulet_hlervu1,Hlervu Locket,c\Amulet_Exquisit_1.NIF,Morrowind
c\tx_amulet_exquisite1.tga,Clothing,graveward amulet,Graveward Amulet,c\Amulet_Exquisit_1.NIF,Morrowind
c\tx_amulet_exquisite1.tga,Clothing,mandas_locket,Mandas Family Locket,c\Amulet_Exquisit_1.NIF,Morrowind
c\tx_amulet_exquisite1.tga,Clothing,necromancers_amulet_uniq,Necromancer's Amulet,c\Amulet_Exquisit_1.NIF,Morrowind
c\tx_amulet_exquisite1.tga,Clothing,zenithar_whispers,Zenithar Whispers,c\Amulet_Exquisit_1.NIF,Morrowind
c\tx_amulet_extrav1.tga,Clothing,amulet of 6th house,6th House Amulet,c\Amulet_Extravagant_1.NIF,Morrowind
c\tx_amulet_extrav1.tga,Clothing,amulet of igniis,Amulet of Igniis,c\Amulet_Extravagant_1.NIF,Morrowind
c\tx_amulet_extrav1.tga,Clothing,amulet of recall,Amulet of Recall,c\Amulet_Extravagant_1.NIF,Morrowind
c\tx_amulet_extrav1.tga,Clothing,amulet of shadows,Amulet of Shadows,c\Amulet_Extravagant_1.NIF,Morrowind
c\tx_amulet_extrav1.tga,Clothing,amulet of silence,Amulet of Silence,c\Amulet_Extravagant_1.NIF,Morrowind
c\tx_amulet_extrav1.tga,Clothing,amulet of verbosity,Amulet of Verbosity,c\Amulet_Extravagant_1.NIF,Morrowind/Tribunal
c\tx_amulet_extrav1.tga,Clothing,amulet_Agustas_unique,Augustus' Amulet,c\Amulet_Extravagant_1.NIF,Morrowind
c\tx_amulet_extrav1.tga,Clothing,amulet_gaenor,Gaenor's Amulet,c\Amulet_Extravagant_1.NIF,Morrowind/Tribunal
c\tx_amulet_extrav1.tga,Clothing,amulet_skink_unique,Skink's Amulet,c\Amulet_Extravagant_1.NIF,Morrowind
c\tx_amulet_extrav1.tga,Clothing,extravagant_amulet_01,Extravagant Sapphire Amulet,c\Amulet_Extravagant_1.NIF,Morrowind
c\tx_amulet_extrav1.tga,Clothing,sanguineamuletnimblearmor,Amulet of Sanguine Nimble Armor,c\Amulet_Extravagant_1.NIF,Morrowind
c\tx_amulet_extrav1.tga,Clothing,thunderfall,Thunderfall,c\Amulet_Extravagant_1.NIF,Morrowind
c\tx_amulet_extrav2.tga,Clothing,Helseth's Collar,Helseth's Collar,c\Amulet_Extravagant_2.NIF,Morrowind/Tribunal
c\tx_amulet_extrav2.tga,Clothing,amulet of shades,Amulet of Shades,c\Amulet_Extravagant_2.NIF,Morrowind
c\tx_amulet_extrav2.tga,Clothing,amulet of spell absorption,Amulet of Spell Absorption,c\Amulet_Extravagant_2.NIF,Morrowind
c\tx_amulet_extrav2.tga,Clothing,amulet_aundae,Aundae Amulet,c\Amulet_Extravagant_2.NIF,Morrowind
c\tx_amulet_extrav2.tga,Clothing,amulet_berne,Berne Amulet,c\Amulet_Extravagant_2.NIF,Morrowind
c\tx_amulet_extrav2.tga,Clothing,amulet_quarra,Quarra Amulet,c\Amulet_Extravagant_2.NIF,Morrowind
c\tx_amulet_extrav2.tga,Clothing,amulet_salandas,Suldreni's Amulet,c\Amulet_Extravagant_2.NIF,Morrowind/Tribunal
c\tx_amulet_extrav2.tga,Clothing,amuletfleshmadewhole_uniq,Amulet of Flesh Made Whole,c\Amulet_Extravagant_2.NIF,Morrowind
c\tx_amulet_extrav2.tga,Clothing,bone charm,Bone Charm,c\Amulet_Extravagant_2.NIF,Morrowind
c\tx_amulet_extrav2.tga,Clothing,extravagant_amulet_02,Extravagant Ruby Amulet,c\Amulet_Extravagant_2.NIF,Morrowind
c\tx_amulet_extrav2.tga,Clothing,ghost charm,Ghost Charm,c\Amulet_Extravagant_2.NIF,Morrowind
c\tx_amulet_extrav2.tga,Clothing,sanguineamuletenterprise,Amulet of Sanguine Enterprise,c\Amulet_Extravagant_2.NIF,Morrowind
c\tx_amulet_extrav2.tga,Clothing,summon ancestor amulet,Ancestor's Amulet,c\Amulet_Extravagant_2.NIF,Morrowind
c\tx_amulet_thongZainab.tga,Clothing,thong,Thong of Zainab,c\Amulet_ThongofZainab.NIF,Morrowind
c\tx_amulet_urshilaku.tga,Clothing,teeth,Teeth of the Urshilaku,c\Amulet_teeth_Urshilaku.NIF,Morrowind
c\tx_amulet_usheeja.tga,Clothing,amulet_usheeja,Amulet of Usheeja,c\Amulet_Usheeja.NIF,Morrowind
c\tx_belt_Erabinimsum.tga,Clothing,seizing,The Seizing of the Erabenimsun,c\C_belt_Erabin.NIF,Morrowind
c\tx_belt_common01.tga,Clothing,belt of wisdom,Belt of Wisdom,c\C_belt_Common_1.NIF,Morrowind
c\tx_belt_common01.tga,Clothing,brawlers_belt,Brawler's Belt,c\C_belt_Common_1.NIF,Morrowind
c\tx_belt_common01.tga,Clothing,common_belt_01,Common Belt,c\C_belt_Common_1.NIF,Morrowind
c\tx_belt_common01.tga,Clothing,herder's belt,Herder's Belt,c\C_belt_Common_1.NIF,Morrowind
c\tx_belt_common01.tga,Clothing,imperial belt,Imperial Belt,c\C_belt_Common_1.NIF,Morrowind
c\tx_belt_common01.tga,Clothing,watcher's belt,Watcher's Belt,c\C_belt_Common_1.NIF,Morrowind
c\tx_belt_common02.tga,Clothing,belt of balyna's soothing balm,Belt of Balyna's Soothing Balm,c\C_belt_Common_2.NIF,Morrowind
c\tx_belt_common02.tga,Clothing,belt of vigor,Belt of Vigor,c\C_belt_Common_2.NIF,Morrowind
c\tx_belt_common02.tga,Clothing,belt_goval,Ralen Family Belt,c\C_belt_Common_2.NIF,Morrowind/Tribunal
c\tx_belt_common02.tga,Clothing,common_belt_02,Common Belt,c\C_belt_Common_2.NIF,Morrowind
c\tx_belt_common02.tga,Clothing,indoril_belt,Indoril Belt,c\C_belt_Common_2.NIF,Morrowind
c\tx_belt_common02.tga,Clothing,scamp slinker belt,Scamp Slinker Belt,c\C_belt_Common_2.NIF,Morrowind
c\tx_belt_common03.tga,Clothing,belt of iron will,Belt of Iron Will,c\C_belt_Common_3.NIF,Morrowind
c\tx_belt_common03.tga,Clothing,common_belt_03,Common Belt,c\C_belt_Common_3.NIF,Morrowind
c\tx_belt_common03.tga,Clothing,life belt,Life Belt,c\C_belt_Common_3.NIF,Morrowind
c\tx_belt_common04.tga,Clothing,belt of feet of notorgo,Belt of Iron Will,c\C_belt_Common_4.NIF,Morrowind
c\tx_belt_common04.tga,Clothing,belt of nimbleness,Belt of Nimbleness,c\C_belt_Common_4.NIF,Morrowind
c\tx_belt_common04.tga,Clothing,belt of orc's strength,Belt of Orc's Strength,c\C_belt_Common_4.NIF,Morrowind
c\tx_belt_common04.tga,Clothing,common_belt_04,Common Belt,c\C_belt_Common_4.NIF,Morrowind
c\tx_belt_common04.tga,Clothing,first barrier belt,First Barrier Belt,c\C_belt_Common_4.NIF,Morrowind
c\tx_belt_common04.tga,Clothing,peakstar_belt_unique,Embroidered belt,c\C_belt_Common_4.NIF,Morrowind
c\tx_belt_common05.tga,Clothing,belt of charisma,Belt of Charisma,c\C_belt_Common_5.NIF,Morrowind
c\tx_belt_common05.tga,Clothing,belt of fortitude,Belt of Fortitude,c\C_belt_Common_5.NIF,Morrowind
c\tx_belt_common05.tga,Clothing,belt of jack of trades,Belt of Jack of Trades,c\C_belt_Common_5.NIF,Morrowind
c\tx_belt_common05.tga,Clothing,common_belt_05,Common Belt,c\C_belt_Common_5.NIF,Morrowind
c\tx_belt_common05.tga,Clothing,second barrier belt,Second Barrier Belt,c\C_belt_Common_5.NIF,Morrowind
c\tx_belt_expensive01.tga,Clothing,blood belt,Blood Belt,c\C_belt_Expensive_1.NIF,Morrowind
c\tx_belt_expensive01.tga,Clothing,champion belt,Champion Belt,c\C_belt_Expensive_1.NIF,Morrowind
c\tx_belt_expensive01.tga,Clothing,expensive_belt_01,Expensive Belt,c\C_belt_Expensive_1.NIF,Morrowind
c\tx_belt_expensive01.tga,Clothing,father's belt,Father's Belt,c\C_belt_Expensive_1.NIF,Morrowind
c\tx_belt_expensive01.tga,Clothing,hearth belt,Hearth Belt,c\C_belt_Expensive_1.NIF,Morrowind
c\tx_belt_expensive01.tga,Clothing,malipu_ataman's_belt,Malipu-Ataman''s Belt,c\C_belt_Expensive_1.NIF,Morrowind
c\tx_belt_expensive01.tga,Clothing,sarandas_belt,Racer Suede Belt,c\C_belt_Expensive_1.NIF,Morrowind
c\tx_belt_expensive02.tga,Clothing,belt of free action,Belt of Free Action,c\C_belt_Expensive_2.NIF,Morrowind
c\tx_belt_expensive02.tga,Clothing,belt of the armor of god,Belt of the Armor of God,c\C_belt_Expensive_2.NIF,Morrowind
c\tx_belt_expensive02.tga,Clothing,expensive_belt_02,Expensive Belt,c\C_belt_Expensive_2.NIF,Morrowind
c\tx_belt_expensive02.tga,Clothing,feather belt,Feather Belt,c\C_belt_Expensive_2.NIF,Morrowind
c\tx_belt_expensive03.tga,Clothing,Linus_Iulus_Stendarran_Belt,Linus Iulus' Stendarran Belt,c\C_belt_Expensive_3.NIF,Morrowind
c\tx_belt_expensive03.tga,Clothing,Stendarran Belt,Stendarran Belt,c\C_belt_Expensive_3.NIF,Morrowind
c\tx_belt_expensive03.tga,Clothing,bone guard belt,Bone Guard Belt,c\C_belt_Expensive_3.NIF,Morrowind
c\tx_belt_expensive03.tga,Clothing,expensive_belt_03,Expensive Belt,c\C_belt_Expensive_3.NIF,Morrowind
c\tx_belt_expensive03.tga,Clothing,hunter's belt,Hunter's Belt,c\C_belt_Expensive_3.NIF,Morrowind
c\tx_belt_exquisite01.tga,Clothing,exquisite_belt_01,Exquisite Belt,c\C_belt_Exquisite_1.NIF,Morrowind
c\tx_belt_exquisite01.tga,Clothing,hortatorbelt,Belt of the Hortator,c\C_belt_Exquisite_1.NIF,Morrowind
c\tx_belt_extravagant01.tga,Clothing,bugharz's belt,Bugharz's Belt,c\C_belt_Extravagant_1.NIF,Morrowind
c\tx_belt_extravagant01.tga,Clothing,extravagant_belt_01,Extravagant Belt,c\C_belt_Extravagant_1.NIF,Morrowind
c\tx_belt_extravagant01.tga,Clothing,extravagant_belt_hf,Belt of Heartfire,c\C_belt_Extravagant_1.NIF,Morrowind
c\tx_belt_extravagant01.tga,Clothing,founder's belt,Founder's Belt,c\C_belt_Extravagant_1.NIF,Morrowind
c\tx_belt_extravagant01.tga,Clothing,khan belt,Khan Belt,c\C_belt_Extravagant_1.NIF,Morrowind
c\tx_belt_extravagant02.tga,Clothing,Belt of Northern Knuck Knuck,Belt of Northern Knuck Knuck,c\C_belt_Extravagant_2.NIF,Morrowind
c\tx_belt_extravagant02.tga,Clothing,extravagant_belt_02,Extravagant Belt,c\C_belt_Extravagant_2.NIF,Morrowind
c\tx_belt_extravagant02.tga,Clothing,sanguinebeltbalancedarmor,Belt of Sanguine Balanced Armor,c\C_belt_Extravagant_2.NIF,Morrowind
c\tx_belt_extravagant02.tga,Clothing,sanguinebeltdeepbiting,Belt of Sanguine Deep Biting,c\C_belt_Extravagant_2.NIF,Morrowind
c\tx_belt_extravagant02.tga,Clothing,sanguinebeltdenial,Belt of Sanguine Denial,c\C_belt_Extravagant_2.NIF,Morrowind
c\tx_belt_extravagant02.tga,Clothing,sanguinebeltfleetness,Belt of Sanguine Fleetness,c\C_belt_Extravagant_2.NIF,Morrowind
c\tx_belt_extravagant02.tga,Clothing,sanguinebelthewing,Belt of Sanguine Hewing,c\C_belt_Extravagant_2.NIF,Morrowind
c\tx_belt_extravagant02.tga,Clothing,sanguinebeltimpaling,Belt of Sanguine Impaling Thrus,c\C_belt_Extravagant_2.NIF,Morrowind
c\tx_belt_extravagant02.tga,Clothing,sanguinebeltmartialcraft,Belt of Sanguine Martial Craft,c\C_belt_Extravagant_2.NIF,Morrowind
c\tx_belt_extravagant02.tga,Clothing,sanguinebeltsmiting,Belt of Sanguine Smiting,c\C_belt_Extravagant_2.NIF,Morrowind
c\tx_belt_extravagant02.tga,Clothing,sanguinebeltstolidarmor,Belt of Sanguine Stolid Armor,c\C_belt_Extravagant_2.NIF,Morrowind
c\tx_belt_extravagant02.tga,Clothing,sanguinebeltsureflight,Belt of Sanguine Sureflight,c\C_belt_Extravagant_2.NIF,Morrowind
c\tx_belt_extravagant02.tga,Clothing,third barrier belt,Third Barrier Belt,c\C_belt_Extravagant_2.NIF,Morrowind
c\tx_glove_MoragTong.tga,Clothing,bm_black_glove_l_s,Deceit,c\C_glove_MoragTong_GND.NIF,Morrowind/Bloodmoon
c\tx_glove_MoragTong.tga,Clothing,bm_black_glove_r_s,Treachery,c\C_glove_MoragTong_GND.NIF,Morrowind/Bloodmoon
c\tx_glove_MoragTong.tga,Clothing,common_glove_l_moragtong,Black Left Glove,c\C_glove_MoragTong_GND.NIF,Morrowind
c\tx_glove_MoragTong.tga,Clothing,common_glove_r_moragtong,Black Right Glove,c\C_glove_MoragTong_GND.NIF,Morrowind
c\tx_glove_balmolagmer.tga,Clothing,common_glove_l_balmolagmer,Left Bal Molagmer Glove,c\C_glove_Balmolagmer_GND.NIF,Morrowind
c\tx_glove_balmolagmer.tga,Clothing,common_glove_r_balmolagmer,Right Bal Molagmer Glove,c\C_glove_Balmolagmer_GND.NIF,Morrowind
c\tx_glove_common1.tga,Clothing,Zenithar's_Warning,Zenithar's Warning,c\C_glove_common1_GND.NIF,Morrowind
c\tx_glove_common1.tga,Clothing,Zenithar's_Wiles,Zeinthar's Wiles,c\C_glove_common1_GND.NIF,Morrowind
c\tx_glove_common1.tga,Clothing,bitter_hand,Bitter Hand,c\C_glove_common1_GND.NIF,Morrowind
c\tx_glove_common1.tga,Clothing,common_glove_left_01,Common Left Glove,c\C_glove_common1_GND.NIF,Morrowind
c\tx_glove_common1.tga,Clothing,common_glove_right_01,Common Right Glove,c\C_glove_common1_GND.NIF,Morrowind
c\tx_glove_common1.tga,Clothing,ember hand,Ember Hand,c\C_glove_common1_GND.NIF,Morrowind
c\tx_glove_common1.tga,Clothing,ember_hand,Ember Hand,c\C_glove_common1_GND.NIF,Morrowind
c\tx_glove_expensive1.tga,Clothing,Left_Hand_of_Zenithar,Left Hand of Zenithar,c\C_glove_expensive1_GND.NIF,Morrowind
c\tx_glove_expensive1.tga,Clothing,Left_Hand_of_Zenithar_EN,Left Hand of Zenithar,c\C_glove_expensive1_GND.NIF,Morrowind
c\tx_glove_expensive1.tga,Clothing,Right_Hand_of_Zenithar,Right Hand of Zenithar,c\C_glove_expensive1_GND.NIF,Morrowind
c\tx_glove_expensive1.tga,Clothing,aryongloveleft,Aryon's Dominator,c\C_glove_expensive1_GND.NIF,Morrowind
c\tx_glove_expensive1.tga,Clothing,aryongloveright,Aryon's Helper,c\C_glove_expensive1_GND.NIF,Morrowind
c\tx_glove_expensive1.tga,Clothing,expensive_glove_left_01,Expensive Left Glove,c\C_glove_expensive1_GND.NIF,Morrowind
c\tx_glove_expensive1.tga,Clothing,expensive_glove_left_ilmeni,Ilmeni's glove,c\C_glove_expensive1_GND.NIF,Morrowind
c\tx_glove_expensive1.tga,Clothing,expensive_glove_right_01,Expensive Right Glove,c\C_glove_expensive1_GND.NIF,Morrowind
c\tx_glove_extravagant_1.tga,Clothing,black_blindfold_glove,Elvul's Black Blindfold,c\c_glove_extravagant1_GND.NIF,Morrowind
c\tx_glove_extravagant_1.tga,Clothing,extravagant_glove_left_01,Extravagant Left Glove,c\c_glove_extravagant1_GND.NIF,Morrowind
c\tx_glove_extravagant_1.tga,Clothing,extravagant_glove_left_maur,Maurrie's Left Glove,c\c_glove_extravagant1_GND.NIF,Morrowind
c\tx_glove_extravagant_1.tga,Clothing,extravagant_glove_right_01,Extravagant Right Glove,c\c_glove_extravagant1_GND.NIF,Morrowind
c\tx_glove_extravagant_1.tga,Clothing,extravagant_glove_right_maur,Maurrie's Right Glove,c\c_glove_extravagant1_GND.NIF,Morrowind
c\tx_glove_extravagant_1.tga,Clothing,extravagant_rt_art_wild,Gambolpuddy,c\c_glove_extravagant1_GND.NIF,Morrowind
c\tx_glove_extravagant_1.tga,Clothing,sanguinelglovesafekeeping,Glove of Sanguine Safekeeping,c\c_glove_extravagant1_GND.NIF,Morrowind
c\tx_glove_extravagant_1.tga,Clothing,sanguinerglovehornyfist,Glove of Sanguine Horny Fist,c\c_glove_extravagant1_GND.NIF,Morrowind
c\tx_glove_extravagant_1.tga,Clothing,sanguinergloveswiftblade,Glove of Sanguine Swiftblade,c\c_glove_extravagant1_GND.NIF,Morrowind
c\tx_pants_comm_3c.tga,Clothing,Caius_pants,Caius' Black Pants,c\C_M_Pants_common_3c_GND.NIF,Morrowind
c\tx_pants_comm_3c.tga,Clothing,common_pants_03_c,Common Pants,c\C_M_Pants_common_3c_GND.NIF,Morrowind
c\tx_pants_common_1a.tga,Clothing,common_pants_01_a,Common Pants,c\C_M_Pants_common_1_a_GND.NIF,Morrowind
c\tx_pants_common_1u.tga,Clothing,common_pants_01_u,Common Pants,c\C_M_Pants_common_1_u_GND.NIF,Morrowind
c\tx_pants_common_1u.tga,Clothing,peakstar_pants_unique,Travel-stained Pants,c\C_M_Pants_common_1_u_GND.NIF,Morrowind
c\tx_pants_common_1z.tga,Clothing,common_pants_01_z,Common Pants,c\C_M_Pants_common_1_z_GND.NIF,Morrowind
c\tx_pants_common_5.tga,Clothing,common_pants_05,Common Pants,c\C_M_Pants_common_5_GND.NIF,Morrowind
c\tx_pants_expensive_1a.tga,Clothing,expensive_pants_01_a,Expensive Pants,c\C_M_Pants_Expens_1_a_GND.NIF,Morrowind
c\tx_pants_expensive_1e.tga,Clothing,expensive_pants_01_e,Expensive Pants,c\C_M_Pants_expens_1_e_GND.NIF,Morrowind
c\tx_pants_expensive_1u.tga,Clothing,expensive_pants_01_u,Expensive Pants,c\C_M_Pants_Expens_1_u_GND.NIF,Morrowind
c\tx_pants_expensive_1z.tga,Clothing,expensive_pants_01_z,Expensive Pants,c\C_M_Pants_Expens_1_z_GND.NIF,Morrowind
c\tx_pants_expensive_3.tga,Clothing,expensive_pants_03,Expensive Pants,c\C_M_Pants_Expens_3_GND.NIF,Morrowind
c\tx_pants_exquisite_1.tga,Clothing,exquisite_pants_01,Exquisite Pants,c\C_M_Pants_exqisite_1_GND.NIF,Morrowind
c\tx_pants_exquisite_1.tga,Clothing,sarandas_pants_2,Silk Pants,c\C_M_Pants_exqisite_1_GND.NIF,Morrowind
c\tx_pants_extrav_1.tga,Clothing,extravagant_pants_01,Extravagant Pants,c\C_M_Pants_extrav_1_GND.NIF,Morrowind
c\tx_pants_extrav_2.tga,Clothing,extravagant_pants_02,Extravagant Pants,c\C_M_Pants_Extrav_2_GND.NIF,Morrowind
c\tx_ring_common02.tga,Clothing,blind ring,Blind Ring,c\C_Ring_common02.NIF,Morrowind
c\tx_ring_common02.tga,Clothing,chameleon ring,Chameleon Ring,c\C_Ring_common02.NIF,Morrowind
c\tx_ring_common02.tga,Clothing,common_ring_02,Common Ring,c\C_Ring_common02.NIF,Morrowind
c\tx_ring_common02.tga,Clothing,common_ring_danar,Danar's Ring,c\C_Ring_common02.NIF,Morrowind
c\tx_ring_common02.tga,Clothing,common_ring_tsiya,Tsiya's Ring,c\C_Ring_common02.NIF,Morrowind
c\tx_ring_common02.tga,Clothing,crying ring,Crying Ring,c\C_Ring_common02.NIF,Morrowind
c\tx_ring_common02.tga,Clothing,dire flamebolt ring,Dire Flamebolt Ring,c\C_Ring_common02.NIF,Morrowind
c\tx_ring_common02.tga,Clothing,dire shardbolt ring,Dire Shardbolt Ring,c\C_Ring_common02.NIF,Morrowind
c\tx_ring_common02.tga,Clothing,dire sparkbolt ring,Dire Sparkbolt Ring,c\C_Ring_common02.NIF,Morrowind
c\tx_ring_common02.tga,Clothing,dire viperbolt ring,Dire Viperbolt Ring,c\C_Ring_common02.NIF,Morrowind
c\tx_ring_common02.tga,Clothing,fighter_ring,Fighter Ring,c\C_Ring_common02.NIF,Morrowind
c\tx_ring_common02.tga,Clothing,firestone,Firestone,c\C_Ring_common02.NIF,Morrowind
c\tx_ring_common02.tga,Clothing,first barrier ring,First Barrier Ring,c\C_Ring_common02.NIF,Morrowind
c\tx_ring_common02.tga,Clothing,hawkshaw ring,Hawkshaw Ring,c\C_Ring_common02.NIF,Morrowind
c\tx_ring_common02.tga,Clothing,hoptoad ring,Hoptoad Ring,c\C_Ring_common02.NIF,Morrowind
c\tx_ring_common02.tga,Clothing,ondusi's key,Ondusi's Key,c\C_Ring_common02.NIF,Morrowind
c\tx_ring_common02.tga,Clothing,ring of shadow form,Ring of Shadow Form,c\C_Ring_common02.NIF,Morrowind
c\tx_ring_common02.tga,Clothing,ring of tears,Ring of Tears,c\C_Ring_common02.NIF,Morrowind
c\tx_ring_common02.tga,Clothing,ring of toxic cloud,Ring of Toxic Cloud,c\C_Ring_common02.NIF,Morrowind
c\tx_ring_common02.tga,Clothing,wild sty ring,Wild Sty Ring,c\C_Ring_common02.NIF,Morrowind
c\tx_ring_common03.tga,Clothing,common_ring_03,Common Ring,c\C_Ring_common03.NIF,Morrowind
c\tx_ring_common03.tga,Clothing,heartstone,Heartstone,c\C_Ring_common03.NIF,Morrowind
c\tx_ring_common03.tga,Clothing,life ring,Life Ring,c\C_Ring_common03.NIF,Morrowind
c\tx_ring_common03.tga,Clothing,mage_ring,Mage Ring,c\C_Ring_common03.NIF,Morrowind
c\tx_ring_common03.tga,Clothing,ring of the five fingers of pai,Ring of the Five Fingers of Pai,c\C_Ring_common03.NIF,Morrowind
c\tx_ring_common03.tga,Clothing,ring of wounds,Ring of Wounds,c\C_Ring_common03.NIF,Morrowind
c\tx_ring_common04.tga,Clothing,common_ring_04,Common Ring,c\C_Ring_common04.NIF,Morrowind
c\tx_ring_common04.tga,Clothing,flamebolt ring,Flamebolt Ring,c\C_Ring_common04.NIF,Morrowind
c\tx_ring_common04.tga,Clothing,lifestone,Lifestone,c\C_Ring_common04.NIF,Morrowind
c\tx_ring_common04.tga,Clothing,ring of fleabite,Ring of Fleabite,c\C_Ring_common04.NIF,Morrowind
c\tx_ring_common04.tga,Clothing,shardbolt ring,Shardbolt Ring,c\C_Ring_common04.NIF,Morrowind
c\tx_ring_common04.tga,Clothing,sparkbolt ring,Sparkbolt Ring,c\C_Ring_common04.NIF,Morrowind
c\tx_ring_common04.tga,Clothing,thief_ring,Thief Ring,c\C_Ring_common04.NIF,Morrowind
c\tx_ring_common04.tga,Clothing,viperbolt ring,Viperbolt Ring,c\C_Ring_common04.NIF,Morrowind
c\tx_ring_common05.tga,Clothing,common_ring_05,Common Ring,c\C_Ring_common05.NIF,Morrowind
c\tx_ring_common05.tga,Clothing,common_ring_05_BM_UNI,Common Ring,c\C_Ring_common05.NIF,Morrowind/Bloodmoon
c\tx_ring_common05.tga,Clothing,cruel flamebolt ring,Cruel Flamebolt Ring,c\C_Ring_common05.NIF,Morrowind
c\tx_ring_common05.tga,Clothing,cruel shardbolt ring,Cruel Shardbolt Ring,c\C_Ring_common05.NIF,Morrowind
c\tx_ring_common05.tga,Clothing,cruel sparkbolt ring,Cruel Sparkbolt Ring,c\C_Ring_common05.NIF,Morrowind
c\tx_ring_common05.tga,Clothing,cruel viperbolt ring,Cruel Viperbolt Ring,c\C_Ring_common05.NIF,Morrowind
c\tx_ring_common05.tga,Clothing,foe-grinder,Foe-Grinder,c\C_Ring_common05.NIF,Morrowind
c\tx_ring_common05.tga,Clothing,foe-quern,Foe-Quern,c\C_Ring_common05.NIF,Morrowind
c\tx_ring_common05.tga,Clothing,ring of hornhand,Ring of Hornhand,c\C_Ring_common05.NIF,Morrowind
c\tx_ring_common05.tga,Clothing,ring of ironhand,Ring of Ironhand,c\C_Ring_common05.NIF,Morrowind
c\tx_ring_common05.tga,Clothing,ring of poisonblooms,Ring of Poisonblooms,c\C_Ring_common05.NIF,Morrowind
c\tx_ring_expensive01.tga,Clothing,Expensive_Ring_01_HRDT,Nervion Ancestor Ring,c\c_ring_expensive_1.nif,Morrowind
c\tx_ring_expensive01.tga,Clothing,Helseth's Ring,Royal Signet Ring,c\C_Ring_expensive_1.NIF,Morrowind/Tribunal
c\tx_ring_expensive01.tga,Clothing,Mark_Ring,Mark Ring,c\C_Ring_expensive_1.NIF,Morrowind
c\tx_ring_expensive01.tga,Clothing,cl_ringofregeneration,Ring of Regeneration,c\C_Ring_expensive_1.NIF,Morrowind
c\tx_ring_expensive01.tga,Clothing,expensive_ring_01,Expensive Ring,c\C_Ring_expensive_1.NIF,Morrowind
c\tx_ring_expensive01.tga,Clothing,expensive_ring_01_BILL,Expensive Ring,c\C_Ring_expensive_1.NIF,Morrowind
c\tx_ring_expensive01.tga,Clothing,heartbite ring,Heartbite Ring,c\C_Ring_expensive_1.NIF,Morrowind
c\tx_ring_expensive01.tga,Clothing,othril_ring,Othril Ring,c\C_Ring_expensive_1.NIF,Morrowind
c\tx_ring_expensive01.tga,Clothing,ring_dahrkmezalf_uniq,Ring of Dahrk Mezalf,c\C_Ring_expensive_1.NIF,Morrowind
c\tx_ring_expensive01.tga,Clothing,ring_keley,Engraved Ring of Healing,c\C_Ring_expensive_1.NIF,Morrowind
c\tx_ring_expensive01.tga,Clothing,sacrifice ring,Sacrifice Ring,c\C_Ring_expensive_1.NIF,Morrowind
c\tx_ring_expensive01.tga,Clothing,sarandas_ring_1,Glass Ring,c\C_Ring_expensive_1.NIF,Morrowind
c\tx_ring_expensive01.tga,Clothing,second barrier ring,Second Barrier Ring,c\C_Ring_expensive_1.NIF,Morrowind
c\tx_ring_expensive01.tga,Clothing,third barrier ring,Third Barrier Ring,c\C_Ring_expensive_1.NIF,Morrowind
c\tx_ring_expensive01.tga,Clothing,witch charm,Witch Charm,c\C_Ring_expensive_1.NIF,Morrowind
c\tx_ring_expensive02.tga,Clothing,Variner's Ring,Variner's Ring,c\C_Ring_expensive_2.nif,Morrowind/Tribunal
c\tx_ring_expensive02.tga,Clothing,bm_ring_marksman,Ring of Raven Eye,c\C_Ring_expensive_2.NIF,Morrowind/Bloodmoon
c\tx_ring_expensive02.tga,Clothing,caliginy ring,Caliginy Ring,c\C_Ring_expensive_2.NIF,Morrowind
c\tx_ring_expensive02.tga,Clothing,expensive_ring_02,Expensive Ring,c\C_Ring_expensive_2.NIF,Morrowind
c\tx_ring_expensive02.tga,Clothing,feather ring,Feather Ring,c\C_Ring_expensive_2.NIF,Morrowind
c\tx_ring_expensive02.tga,Clothing,light ring,Light Ring,c\C_Ring_expensive_2.NIF,Morrowind
c\tx_ring_expensive02.tga,Clothing,murdrum ring,Murdrum Ring,c\C_Ring_expensive_2.NIF,Morrowind
c\tx_ring_expensive02.tga,Clothing,ring of exhaustion,Ring of Exhaustion,c\C_Ring_expensive_2.NIF,Morrowind
c\tx_ring_expensive02.tga,Clothing,ring of fireball,Ring of Fireball,c\C_Ring_expensive_2.NIF,Morrowind
c\tx_ring_expensive02.tga,Clothing,ring of lightning storm,Ring of Lightning Storm,c\C_Ring_expensive_2.NIF,Morrowind
c\tx_ring_expensive02.tga,Clothing,ring of sphere of negation,Ring of Sphere of Negation,c\C_Ring_expensive_2.NIF,Morrowind
c\tx_ring_expensive02.tga,Clothing,ring of the black hand,Ring of the Black Hand,c\C_Ring_expensive_2.NIF,Morrowind
c\tx_ring_expensive02.tga,Clothing,ring of vampire's kiss,Ring of Vampire's Kiss,c\C_Ring_expensive_2.NIF,Morrowind
c\tx_ring_expensive02.tga,Clothing,ring of wizard's fire,Ring of Wizard's Fire,c\C_Ring_expensive_2.NIF,Morrowind
c\tx_ring_expensive02.tga,Clothing,ring_equity_uniq,Ring of Equity,c\C_Ring_expensive_2.NIF,Morrowind
c\tx_ring_expensive02.tga,Clothing,sarandas_ring_2,Ebony Ring,c\C_Ring_expensive_2.NIF,Morrowind
c\tx_ring_expensive02.tga,Clothing,shame ring,Shame Ring,c\C_Ring_expensive_2.NIF,Morrowind
c\tx_ring_expensive02.tga,Clothing,st. felm's fire,St. Felm's Fire,c\C_Ring_expensive_2.NIF,Morrowind
c\tx_ring_expensive02.tga,Clothing,warden's ring,Warden's Ring,c\C_Ring_expensive_2.NIF,Morrowind
c\tx_ring_expensive03.tga,Clothing,Adusamsi's_Ring,Adusamsi's Ring,c\C_Ring_expensive_3.NIF,Morrowind
c\tx_ring_expensive03.tga,Clothing,Detect_Enchantment_ring,Detect Enchantment Ring,c\C_Ring_expensive_3.NIF,Morrowind
c\tx_ring_expensive03.tga,Clothing,Recall_Ring,Recall Ring,c\C_Ring_expensive_3.NIF,Morrowind
c\tx_ring_expensive03.tga,Clothing,Ring of Night-Eye,Ring of Night-Eye,c\C_Ring_expensive_3.NIF,Morrowind
c\tx_ring_expensive03.tga,Clothing,expensive_ring_03,Expensive Ring,c\C_Ring_expensive_3.NIF,Morrowind
c\tx_ring_expensive03.tga,Clothing,expensive_ring_aeta,Expensive Ring,c\C_Ring_expensive_3.NIF,Morrowind
c\tx_ring_expensive03.tga,Clothing,expensive_ring_erna,Erna the Quiet's Ring,c\C_Ring_expensive_3.nif,Morrowind/Bloodmoon
c\tx_ring_expensive03.tga,Clothing,eye-maze ring,Eye-Maze Ring,c\C_Ring_expensive_3.NIF,Morrowind
c\tx_ring_expensive03.tga,Clothing,glenmoril_ring_BM,,c\C_Ring_expensive_3.NIF,Morrowind/Bloodmoon
c\tx_ring_expensive03.tga,Clothing,hroldar_ring,,c\C_Ring_expensive_3.NIF,Morrowind/Bloodmoon
c\tx_ring_expensive03.tga,Clothing,mazed_band,Barilzar's Mazed Band,c\C_Ring_expensive_3.NIF,Morrowind/Tribunal
c\tx_ring_expensive03.tga,Clothing,mazed_band_end,Barilzar's Mazed Band,c\C_Ring_expensive_3.NIF,Morrowind/Tribunal
c\tx_ring_expensive03.tga,Clothing,ring of aversion,Ring of Aversion,c\C_Ring_expensive_3.NIF,Morrowind
c\tx_ring_expensive03.tga,Clothing,ring of fire storm,Ring of Fire Storm,c\C_Ring_expensive_3.NIF,Morrowind
c\tx_ring_expensive03.tga,Clothing,ring of firefist,Ring of Firefist,c\C_Ring_expensive_3.NIF,Morrowind
c\tx_ring_expensive03.tga,Clothing,ring of ice bolts,Ring of Ice Bolts,c\C_Ring_expensive_3.NIF,Morrowind
c\tx_ring_expensive03.tga,Clothing,ring of ice storm,Ring of Ice Storm,c\C_Ring_expensive_3.NIF,Morrowind
c\tx_ring_expensive03.tga,Clothing,ring of icegrip,Ring of Icegrip,c\C_Ring_expensive_3.NIF,Morrowind
c\tx_ring_expensive03.tga,Clothing,ring of knuckle luck,Ring of Knuckle Luck,c\C_Ring_expensive_3.NIF,Morrowind
c\tx_ring_expensive03.tga,Clothing,ring of lightning bolt,Ring of Lightning Bolt,c\C_Ring_expensive_3.NIF,Morrowind
c\tx_ring_expensive03.tga,Clothing,ring of shockballs,Ring of Shockballs,c\C_Ring_expensive_3.NIF,Morrowind
c\tx_ring_expensive03.tga,Clothing,ring of stormhand,Ring of Stormhand,c\C_Ring_expensive_3.NIF,Morrowind
c\tx_ring_expensive03.tga,Clothing,ring of telekinesis_UNIQUE,Ring of Far Reaching,c\C_Ring_expensive_3.NIF,Morrowind
c\tx_ring_expensive03.tga,Clothing,ritual_ring,,c\C_Ring_expensive_3.NIF,Morrowind/Bloodmoon
c\tx_ring_expensive03.tga,Clothing,shadowweave ring,Shadowweave Ring,c\C_Ring_expensive_3.NIF,Morrowind
c\tx_ring_expensive03.tga,Clothing,ulfgar_ring,,c\C_Ring_expensive_3.NIF,Morrowind/Bloodmoon
c\tx_ring_exquisite01.tga,Clothing,Akatosh Ring,Akatosh's Ring,c\C_Ring_exquisite_1.NIF,Morrowind
c\tx_ring_exquisite01.tga,Clothing,Akatosh's Ring,Akatosh's Ring,c\C_Ring_exquisite_1.NIF,Morrowind
c\tx_ring_exquisite01.tga,Clothing,Septim Ring,Septim Ring,c\C_Ring_exquisite_1.NIF,Morrowind
c\tx_ring_exquisite01.tga,Clothing,Sheogorath's Signet Ring,Sheogorath's Signet Ring,c\C_Ring_exquisite_1.NIF,Morrowind
c\tx_ring_exquisite01.tga,Clothing,bm_ring_view,BlueDev's Ring of Viewing,c\C_Ring_exquisite_1.NIF,Morrowind/Bloodmoon
c\tx_ring_exquisite01.tga,Clothing,exquisite_ring_01,Exquisite Ring,c\C_Ring_exquisite_1.NIF,Morrowind
c\tx_ring_exquisite01.tga,Clothing,exquisite_ring_02,Exquisite Ring,c\C_Ring_exquisite_1.NIF,Morrowind
c\tx_ring_exquisite01.tga,Clothing,exquisite_ring_brallion,Brallion's Exquisite Ring,c\C_Ring_exquisite_1.NIF,Morrowind
c\tx_ring_exquisite01.tga,Clothing,exquisite_ring_processus,Processus Vitellius' Ring,c\C_Ring_exquisite_1.NIF,Morrowind
c\tx_ring_exquisite01.tga,Clothing,hortatorring,Ring of the Hortator,c\C_Ring_exquisite_1.NIF,Morrowind
c\tx_ring_exquisite01.tga,Clothing,ring of azura,Ring of Azura,c\C_Ring_exquisite_1.NIF,Morrowind
c\tx_ring_exquisite01.tga,Clothing,ring_fathasa_unique,Fathasa's Ring,c\C_Ring_exquisite_1.NIF,Morrowind
c\tx_ring_exquisite01.tga,Clothing,ring_marara_unique,Marara's Ring,c\C_Ring_exquisite_1.NIF,Morrowind
c\tx_ring_exquisite01.tga,Clothing,ring_shashev_unique,Shashev's Ring,c\C_Ring_exquisite_1.NIF,Morrowind
c\tx_ring_extravagant01.tga,Clothing,Nuccius_ring,Nuccius's Cursed Ring,c\C_Ring_extravagant_1.NIF,Morrowind
c\tx_ring_extravagant01.tga,Clothing,extravagant_ring_01,Extravagant Ring,c\C_Ring_extravagant_1.NIF,Morrowind
c\tx_ring_extravagant01.tga,Clothing,juicedaw ring,Juicedaw Feather Ring,c\C_Ring_extravagant_1.NIF,Morrowind
c\tx_ring_extravagant01.tga,Clothing,ring of fireballs,Ring of Fireballs,c\C_Ring_extravagant_1.NIF,Morrowind
c\tx_ring_extravagant01.tga,Clothing,ring of transcendent wisdom,Ring of Transcendent Wisdom,c\C_Ring_extravagant_1.NIF,Morrowind
c\tx_ring_extravagant01.tga,Clothing,ring of transfiguring wisdom,Ring of Transfiguring Wisdom,c\C_Ring_extravagant_1.NIF,Morrowind
c\tx_ring_extravagant01.tga,Clothing,ring_blackjinx_uniq,Black Jinx,c\C_Ring_extravagant_1.NIF,Morrowind
c\tx_ring_extravagant01.tga,Clothing,shadowmask ring,Shadowmask Ring,c\C_Ring_extravagant_1.NIF,Morrowind
c\tx_ring_extravagant01.tga,Clothing,spiritstrike ring,Spiritstrike Ring,c\C_Ring_extravagant_1.NIF,Morrowind
c\tx_ring_extravagant02.tga,Clothing,BM_ring_Aesliip,Aesliip's Ring,c\C_Ring_extravagant_2.NIF,Morrowind/Bloodmoon
c\tx_ring_extravagant02.tga,Clothing,ancestor's ring,Ancestor's Ring,c\C_Ring_extravagant_2.NIF,Morrowind
c\tx_ring_extravagant02.tga,Clothing,extravagant_ring_02,Extravagant Ring,c\C_Ring_extravagant_2.NIF,Morrowind
c\tx_ring_extravagant02.tga,Clothing,extravagant_ring_aund_uni,Aundae Signet Ring,c\C_Ring_extravagant_2.NIF,Morrowind
c\tx_ring_extravagant02.tga,Clothing,ring of medusa's gaze,Ring of Medusa's Gaze,c\C_Ring_extravagant_2.NIF,Morrowind
c\tx_ring_extravagant02.tga,Clothing,ring of nullification,Ring of Nullification,c\C_Ring_extravagant_2.NIF,Morrowind
c\tx_ring_extravagant02.tga,Clothing,ring of wildfire,Ring of Wildfire,c\C_Ring_extravagant_2.NIF,Morrowind
c\tx_ring_extravagant02.tga,Clothing,sanguineringfluidevasion,Ring of Sanguine Fluid Evasion,c\C_Ring_extravagant_2.NIF,Morrowind
c\tx_ring_extravagant02.tga,Clothing,sanguineringgoldenw,Ring of Sanguine Golden Wisdom,c\C_Ring_extravagant_2.NIF,Morrowind
c\tx_ring_extravagant02.tga,Clothing,sanguineringgreenw,Ring of Sanguine Green Wisdom,c\C_Ring_extravagant_2.NIF,Morrowind
c\tx_ring_extravagant02.tga,Clothing,sanguineringredw,Ring of Sanguine Red Wisdom,c\C_Ring_extravagant_2.NIF,Morrowind
c\tx_ring_extravagant02.tga,Clothing,sanguineringsilverw,Ring of Sanguine Silver Wisdom,c\C_Ring_extravagant_2.NIF,Morrowind
c\tx_ring_extravagant02.tga,Clothing,sanguineringsublimew,Ring of Sanguine Sublime Wisdom,c\C_Ring_extravagant_2.NIF,Morrowind
c\tx_ring_extravagant02.tga,Clothing,sanguineringtranscendw,Ring of Sanguine Transcendence,c\C_Ring_extravagant_2.NIF,Morrowind
c\tx_ring_extravagant02.tga,Clothing,sanguineringtransfigurw,Ring of Sanguine Transfiguring,c\C_Ring_extravagant_2.NIF,Morrowind
c\tx_ring_extravagant02.tga,Clothing,sanguineringunseenw,Ring of Sanguine Unseen Wisdom,c\C_Ring_extravagant_2.NIF,Morrowind
c\tx_ring_moonstar.tga,Clothing,moon_and_star,Moon-and-Star,c\C_Ring_MoonNStar.NIF,Morrowind
c\tx_robe_com04.tga,Clothing,common_robe_04,Common Robe,c\C_M_Robe_Common_4_GND.NIF,Morrowind
c\tx_robe_com04.tga,Clothing,robe_of_erur_dan,Robe of Erur-Dan the Wise,c\C_M_Robe_Common_4_GND.NIF,Morrowind
c\tx_robe_com05.tga,Clothing,common_robe_05,Common Robe,c\C_M_Robe_Common_5_GND.NIF,Morrowind
c\tx_robe_extrav_1.tga,Clothing,Extravagant_Robe_01_Red,Redas Robe of Deeds,c\C_M_Robe_Extrav_1_GND.NIF,Morrowind
c\tx_robe_extrav_1.tga,Clothing,extravagant_robe_01,Extravagant Robe,c\C_M_Robe_Extrav_1_GND.NIF,Morrowind
c\tx_robe_extrav_1.tga,Clothing,extravagant_robe_01,Extravagant Robe,c\C_M_Robe_Extrav_1_GND.NIF,Morrowind/Bloodmoon
c\tx_robe_extrav_1.tga,Clothing,mantle of woe,Mantle of Woe,c\C_M_Robe_Extrav_1_GND.nif,Morrowind/Bloodmoon
c\tx_robe_extrav_1a.tga,Clothing,extravagant_robe_01_a,Extravagant Robe,c\C_M_Robe_Extrav_1a_GND.NIF,Morrowind
c\tx_robe_extrav_1b.tga,Clothing,extravagant_robe_01_b,Extravagant Robe,c\C_M_Robe_Extrav_1b_GND.NIF,Morrowind
c\tx_robe_extrav_1b.tga,Clothing,hort_ledd_robe_unique,Hort-Ledd's Robe,c\C_M_Robe_Extrav_1b_GND.NIF,Morrowind
c\tx_robe_extrav_1h.tga,Clothing,extravagant_robe_01_h,Extravagant Robe,c\C_M_Robe_Extrav_1h_GND.NIF,Morrowind
c\tx_robe_extrav_1r.tga,Clothing,extravagant_robe_01_r,Extravagant Robe,c\C_M_Robe_Extrav_1r_GND.NIF,Morrowind
c\tx_robe_extrav_1t.tga,Clothing,extravagant_robe_01_t,Extravagant Robe,c\C_M_Robe_Extrav_1t_GND.NIF,Morrowind
c\tx_robe_extrav_1t.tga,Clothing,flameeater robe,Flameeater Robe,c\C_M_Robe_Extrav_1t_GND.NIF,Morrowind
c\tx_robe_extrav_1t.tga,Clothing,flamemirror robe,Flamemirror Robe,c\C_M_Robe_Extrav_1t_GND.NIF,Morrowind
c\tx_robe_extrav_1t.tga,Clothing,frosteater robe,Frosteater Robe,c\C_M_Robe_Extrav_1t_GND.NIF,Morrowind
c\tx_robe_extrav_1t.tga,Clothing,frostmirror robe,Frostmirror Robe,c\C_M_Robe_Extrav_1t_GND.NIF,Morrowind
c\tx_robe_extrav_1t.tga,Clothing,poisoneater robe,Poisoneater Robe,c\C_M_Robe_Extrav_1t_GND.NIF,Morrowind
c\tx_robe_extrav_1t.tga,Clothing,poisonmirror robe,Poisonmirror Robe,c\C_M_Robe_Extrav_1t_GND.NIF,Morrowind
c\tx_robe_extrav_1t.tga,Clothing,shockeater robe,Shockeater Robe,c\C_M_Robe_Extrav_1t_GND.NIF,Morrowind
c\tx_robe_extrav_1t.tga,Clothing,shockmirror robe,Shockmirror Robe,c\C_M_Robe_Extrav_1t_GND.NIF,Morrowind
c\tx_robe_extrav_2.tga,Clothing,extravagant_robe_02,Extravagant Robe,c\C_M_Robe_Extrav_2_GND.NIF,Morrowind
c\tx_robe_extrav_2.tga,Clothing,extravagant_robe_02_elanande,Elanande's Robe,c\C_M_Robe_Extrav_2_GND.NIF,Morrowind/Tribunal
c\tx_shirt_Aralor.tga,Clothing,expensive_shirt_hair,Hair Shirt of Saint Aralor,c\C_Shirt_Aralor_GND.NIF,Morrowind
c\tx_shirt_common_1u.tga,Clothing,common_shirt_01_u,Common Shirt,c\C_M_Shirt_common_1_u_GND.NIF,Morrowind
c\tx_shirt_common_5.tga,Clothing,common_shirt_05,Common Shirt,c\C_M_Shirt_common_5_GND.NIF,Morrowind
c\tx_shirt_common_gond.tga,Clothing,common_shirt_gondolier,Gondolier Shirt,c\C_M_Shirt_Gondolier_GND.NIF,Morrowind
c\tx_shirt_expensive_1a.tga,Clothing,expensive_shirt_01_a,Expensive Shirt,c\C_M_Shirt_Expens_1_a_GND.NIF,Morrowind
c\tx_shirt_expensive_1e.tga,Clothing,expensive_shirt_01_e,Expensive Shirt,c\C_M_Shirt_expens_1_e_GND.NIF,Morrowind
c\tx_shirt_expensive_1u.tga,Clothing,expensive_shirt_01_u,Expensive Shirt,c\C_M_Shirt_Expens_1_u_GND.NIF,Morrowind
c\tx_shirt_expensive_1z.tga,Clothing,expensive_shirt_01_z,Expensive Shirt,c\C_M_Shirt_Expens_1_z_GND.NIF,Morrowind
c\tx_shirt_expensive_3.tga,Clothing,Zenithar_Frock,Zenithar's Frock,c\C_M_Shirt_expens_3_GND.NIF,Morrowind
c\tx_shirt_expensive_3.tga,Clothing,expensive_shirt_03,Expensive Shirt,c\C_M_Shirt_expens_3_GND.NIF,Morrowind
c\tx_shirt_exquisite_1.tga,Clothing,exquisite_shirt_01,Exquisite Shirt,c\C_M_Shirt_Exquisite_1_GND.NIF,Morrowind
c\tx_shirt_exquisite_1.tga,Clothing,exquisite_shirt_01_rasha,Exquisite Shirt,c\C_M_Shirt_Exquisite_1_GND.NIF,Morrowind
c\tx_shirt_exquisite_1.tga,Clothing,exquisite_shirt_01_wedding,Ashkhan's Wedding Gift,c\C_M_Shirt_Exquisite_1_GND.NIF,Morrowind
c\tx_shirt_exquisite_1.tga,Clothing,sarandas_shirt_2,Brocade Shirt,c\C_M_Shirt_Exquisite_1_GND.NIF,Morrowind
c\tx_shirt_extrav02.tga,Clothing,extravagant_shirt_02,Extravagant Shirt,c\C_M_Shirt_Extrav_2_GND.NIF,Morrowind
c\tx_shirt_extrav_1h.tga,Clothing,extravagant_shirt_01_h,Extravagant Shirt,c\C_M_Shirt_extrav_1_hGND.NIF,Morrowind
c\tx_shirt_extrav_1r.tga,Clothing,extravagant_shirt_01_r,Extravagant Shirt,c\C_M_Shirt_extrav_1_rGND.NIF,Morrowind
c\tx_shirtcomm_2hh.tga,Clothing,common_shirt_02_hh,Common Shirt,c\C_M_Shirt_Common_2hh_GND.NIF,Morrowind
c\tx_shirtcomm_2rr.tga,Clothing,common_shirt_02_rr,Common Shirt,c\C_M_Shirt_Common_2rr_GND.NIF,Morrowind
c\tx_shirtcomm_2tt.tga,Clothing,common_shirt_02_tt,Common Shirt,c\C_M_Shirt_Common_2tt_GND.NIF,Morrowind
c\tx_shirtcomm_3_c.tga,Clothing,caius_shirt,Caius' Black Shirt,c\C_M_Shirt_Common_3c_GND.NIF,Morrowind
c\tx_shirtcomm_3_c.tga,Clothing,common_shirt_03_c,Common Shirt,c\C_M_Shirt_Common_3c_GND.NIF,Morrowind
c\tx_shoes_common_4.tga,Clothing,common_shoes_04,Common Shoes,c\C_shoes_common_4_GND.NIF,Morrowind
c\tx_shoes_common_5.tga,Clothing,common_shoes_05,Common Shoes,c\C_shoes_common_5_GND.NIF,Morrowind
c\tx_shoes_expensive_1.tga,Clothing,expensive_shoes_01,Expensive Shoes,c\C_M_Shoe_Expens_1_GND.NIF,Morrowind
c\tx_shoes_expensive_1.tga,Clothing,expensive_shoes_01,Expensive Shoes,c\C_M_Shoe_Expens_1_GND.NIF,Morrowind/Tribunal
c\tx_shoes_expensive_2.tga,Clothing,expensive_shoes_02,Expensive Shoes,c\C_shoes_expensive_2_GND.NIF,Morrowind
c\tx_shoes_exquisite_1.tga,Clothing,exquisite_shoes_01,Exquisite Shoes,c\C_shoes_exquisite_1_GND.NIF,Morrowind
c\tx_shoes_exquisite_1.tga,Clothing,sarandas_shoes_2,Designer Shoes,c\C_shoes_exquisite_1_GND.NIF,Morrowind
c\tx_shoes_extrav_1.tga,Clothing,extravagant_shoes_01,Extravagant Shoes,c\C_shoes_extrav_1_GND.NIF,Morrowind
c\tx_shoes_extrav_2.tga,Clothing,extravagant_shoes_02,Extravagant Shoes,c\C_shoes_Extrav_2_GND.NIF,Morrowind
c\tx_shoes_extrav_2.tga,Clothing,sanguineshoesleaping,Shoes of Sanguine Leaping,c\C_shoes_Extrav_2_GND.NIF,Morrowind
c\tx_shoes_extrav_2.tga,Clothing,sanguineshoesstalking,Shoes of Sanguine Stalking,c\C_shoes_Extrav_2_GND.NIF,Morrowind
c\tx_shoes_rilms.tga,Clothing,shoes of st. rilms,Shoes of St. Rilms,c\C_Shoes_Rilms_GND.NIF,Morrowind
c\tx_skirt_expensive_1.tga,Clothing,expensive_skirt_01,Expensive Skirt,c\C_Skirt_expensive_1_GND.NIF,Morrowind
c\tx_skirt_expensive_2.tga,Clothing,expensive_skirt_02,Expensive Skirt,c\C_Skirt_expensive_2_GND.NIF,Morrowind
c\tx_skirt_expensive_3.tga,Clothing,expensive_skirt_03,Expensive Shirt,c\C_Skirt_expensive_3_GND.NIF,Morrowind
c\tx_skirt_exquisite_1.tga,Clothing,exquisite_skirt_01,Exquisite Skirt,c\C_Skirt_exquisite_1_GND.NIF,Morrowind
c\tx_skirt_extravagant_1.tga,Clothing,extravagant_skirt_01,Extravagant Skirt,c\C_Skirt_extravagant_1GND.NIF,Morrowind
c\tx_skirt_extravagant_2.tga,Clothing,extravagant_skirt_02,Extravagant Skirt,c\C_Skirt_extravagant_2GND.NIF,Morrowind
m\Tx_BoarLeather.dds,Ingredient,ingred_boar_leather,Bristleback Leather,m\BoarLeather.NIF,Morrowind/Bloodmoon
m\Tx_FlamingEye.dds,Ingredient,ingred_eyeball,Grahl Eyeball,m\BM_FlamingEyeBall.NIF,Morrowind/Bloodmoon
m\Tx_FlamingEye.dds,Ingredient,ingred_eyeball_unique,Flaming Eye of the Lightkeeper,m\BM_FlamingEyeBall.NIF,Morrowind/Bloodmoon
m\Tx_Heartwood.dds,Ingredient,ingred_heartwood_01,Heartwood,m\Heartwood.NIF,Morrowind/Bloodmoon
m\Tx_HorkerTusk.dds,Ingredient,ingred_horker_tusk_01,Horker Tusk,m\HorkerTusk.NIF,Morrowind/Bloodmoon
m\Tx_bread_01.tga,Ingredient,ingred_bread_01,Bread,n\Ingred_bread_01.NIF,Morrowind
m\Tx_bread_01.tga,Ingredient,ingred_bread_01,Bread,n\Ingred_bread_01.NIF,Morrowind/Bloodmoon
m\Tx_bread_01.tga,Ingredient,ingred_bread_01_UNI2,Bread,n\Ingred_bread_01.NIF,Morrowind
m\Tx_bread_01.tga,Ingredient,ingred_bread_01_UNI3,Muffin,n\Ingred_bread_01.NIF,Morrowind
m\Tx_food_kwama_egg_01.tga,Ingredient,food_kwama_egg_01,Small Kwama Egg,f\Food_kwama_egg_01.NIF,Morrowind
m\Tx_food_kwama_egg_01.tga,Ingredient,food_kwama_egg_02,Large Kwama Egg,f\Food_kwama_egg_02.NIF,Morrowind
n\Ingred_6th_Corpusmeat_01.tga,Ingredient,ingred_6th_corprusmeat_01,Large Wrapped Corprusmeat,n\Ingred_6th_Corpusmeat_01.NIF,Morrowind
n\Ingred_6th_Corpusmeat_02.tga,Ingredient,ingred_6th_corprusmeat_02,Small Wrapped Corprusmeat,n\Ingred_6th_Corpusmeat_02.NIF,Morrowind
n\Ingred_6th_Corpusmeat_03.tga,Ingredient,ingred_6th_corprusmeat_03,Medium Wrapped Corprusmeat,n\Ingred_6th_Corpusmeat_03.NIF,Morrowind
n\Ingred_6th_Corpusmeat_04.tga,Ingredient,ingred_6th_corprusmeat_04,Wrapped Corprusmeat Hunk,n\Ingred_6th_Corpusmeat_04.NIF,Morrowind
n\Ingred_6th_Corpusmeat_05.tga,Ingredient,ingred_6th_corprusmeat_05,Large Corprusmeat Hunk,n\Ingred_6th_Corpusmeat_05.NIF,Morrowind
n\Ingred_6th_Corpusmeat_06.tga,Ingredient,ingred_6th_corprusmeat_06,Medium Corprusmeat Hunk,n\Ingred_6th_Corpusmeat_06.NIF,Morrowind
n\Ingred_6th_Corpusmeat_07.tga,Ingredient,ingred_6th_corprusmeat_07,Small Corprusmeat Hunk,n\Ingred_6th_Corpusmeat_07.NIF,Morrowind
n\Ingred_BC_Ampoule_Pod.tga,Ingredient,ingred_bc_ampoule_pod,Ampoule Pod,n\Ingred_BC_Ampoule_Pod.NIF,Morrowind
n\Ingred_BC_Bungler's_Bane.tga,Ingredient,ingred_bc_bungler's_bane,Bungler's Bane,n\Ingred_BC_Bungler's_Bane.NIF,Morrowind
n\Ingred_BC_Coda_Flower.tga,Ingredient,ingred_bc_coda_flower,Coda Flower,n\Ingred_BC_Coda_Flower.NIF,Morrowind
n\Ingred_BC_Hypha_Facia.tga,Ingredient,ingred_bc_hypha_facia,Hypha Facia,n\Ingred_BC_Hypha_Facia.NIF,Morrowind
n\Ingred_BC_Spore_Pod.tga,Ingredient,ingred_bc_spore_pod,Spore Pod,n\Ingred_BC_Spore_Pod.NIF,Morrowind
n\TX_Ing_marshmerrow.tga,Ingredient,ingred_marshmerrow_01,Marshmerrow,n\Ingred_marshmerrow_01.NIF,Morrowind
n\Tx_RawEbony.tga,Ingredient,ingred_Dae_cursed_raw_ebony_01,Raw Ebony,n\Ingred_RawEbony_01.NIF,Morrowind
n\Tx_RawEbony.tga,Ingredient,ingred_raw_ebony_01,Raw Ebony,n\Ingred_RawEbony_01.NIF,Morrowind
n\Tx_RawGlass.tga,Ingredient,ingred_raw_glass_01,Raw Glass,n\Ingred_Raw_Glass_01.nif,Morrowind
n\Tx_RawGlass.tga,Ingredient,ingred_raw_glass_tinos,Raw Glass,n\Ingred_Raw_Glass_01.nif,Morrowind
n\Tx_alit_hide_01.tga,Ingredient,ingred_alit_hide_01,Alit Hide,n\Ingred_Alit_Hide_01.nif,Morrowind
n\Tx_ashsalts_01.tga,Ingredient,ingred_ash_salts_01,Ash Salts,n\Ingred_ash_salts_01.NIF,Morrowind
n\Tx_ashsalts_01.tga,Ingredient,ingred_bloat_01,Bloat,n\Ingred_ash_salts_01.NIF,Morrowind
n\Tx_ashyam_01.tga,Ingredient,ingred_ash_yam_01,Ash Yam,n\Ingred_ash_yam_01.nif,Morrowind
n\Tx_ashyam_01.tga,Ingredient,ingred_ash_yam_01,Ash Yam,n\Ingred_ash_yam_01.nif,Morrowind/Bloodmoon
n\Tx_bittergreen_petal_01.tga,Ingredient,ingred_bittergreen_petals_01,Bittergreen Petals,n\Ingred_Bittergreen_01.nif,Morrowind
n\Tx_bittergreen_petal_01.tga,Ingredient,ingred_treated_bittergreen_uniq,Treated Bittergreen Petals,n\Ingred_Bittergreen_01.nif,Morrowind
n\Tx_black_anther_01.tga,Ingredient,ingred_black_anther_01,Black Anther,n\Ingred_Black_Anther_01.nif,Morrowind
n\Tx_black_lichen_01.tga,Ingredient,ingred_black_lichen_01,Black Lichen,n\Ingred_Black_Lichen_01.nif,Morrowind
n\Tx_bonemeal_01.tga,Ingredient,ingred_bonemeal_01,Bonemeal,n\Ingred_Blonemeal_01.nif,Morrowind
n\Tx_chokeweed_01.tga,Ingredient,ingred_chokeweed_01,Chokeweed,n\Ingred_Chokeweed_01.nif,Morrowind
n\Tx_comberry_01.tga,Ingredient,ingred_comberry_01,Comberry,n\Ingred_Comberry_01.nif,Morrowind
n\Tx_coprinus_01.tga,Ingredient,ingred_coprinus_01,Violet Coprinus,n\Ingred_coprinus_01.NIF,Morrowind
n\Tx_corkbulb_root_01.tga,Ingredient,ingred_corkbulb_root_01,Corkbulb Root,n\Ingred_Corkbulb_Root_01.nif,Morrowind
n\Tx_corprus_weep_01.tga,Ingredient,ingred_corprus_weepings_01,Corprus weepings,n\Ingred_Corprus_weeping_01.NIF,Morrowind
n\Tx_corprus_weep_01.tga,Ingredient,poison_goop00,Poison,n\Ingred_Corprus_weeping_01.NIF,Morrowind
n\Tx_crabmeat_01.tga,Ingredient,ingred_crab_meat_01,Crab Meat,n\Ingred_crabmeat_01.NIF,Morrowind
n\Tx_daedra_heart_01.tga,Ingredient,ingred_cursed_daedras_heart_01,Daedra's Heart,n\Ingred_Daedra_heart_01.NIF,Morrowind
n\Tx_daedra_heart_01.tga,Ingredient,ingred_daedras_heart_01,Daedra's Heart,n\Ingred_Daedra_heart_01.NIF,Morrowind
n\Tx_daedra_heart_01.tga,Ingredient,ingred_innocent_heart,Heart of an Innocent,n\Ingred_Daedra_heart_01.NIF,Morrowind/Bloodmoon
n\Tx_daedra_heart_01.tga,Ingredient,ingred_udyrfrykte_heart,Heart of the Udyrfrykte,n\Ingred_Daedra_heart_01.NIF,Morrowind/Bloodmoon
n\Tx_daedra_heart_01.tga,Ingredient,ingred_wolf_heart,Heart of the Wolf,n\Ingred_Daedra_heart_01.NIF,Morrowind/Bloodmoon
n\Tx_daedra_skin_01.tga,Ingredient,ingred_daedra_skin_01,Daedra Skin,n\Ingred_Daedra_skin_01.NIF,Morrowind
n\Tx_diamond.tga,Ingredient,ingred_Dae_cursed_diamond_01,Diamond,n\Ingred_diamond_01.NIF,Morrowind
n\Tx_diamond.tga,Ingredient,ingred_diamond_01,Diamond,n\Ingred_diamond_01.NIF,Morrowind
n\Tx_dreugh_wax_01.tga,Ingredient,ingred_dreugh_wax_01,Dreugh Wax,n\Ingred_Dreugh_wax_01.NIF,Morrowind
n\Tx_durzog_meat_01.dds,Ingredient,ingred_durzog_meat_01,Durzog Meat,n\Ingred_durzog_meat_01.NIF,Morrowind/Tribunal
n\Tx_ectoplasm_01.tga,Ingredient,ingred_ectoplasm_01,Ectoplasm,n\Ingred_Ectoplasm_01.nif,Morrowind
n\Tx_emerald.tga,Ingredient,ingred_Dae_cursed_emerald_01,Emerald,n\Ingred_emerald_01.NIF,Morrowind
n\Tx_emerald.tga,Ingredient,ingred_emerald_01,Emerald,n\Ingred_emerald_01.NIF,Morrowind
n\Tx_emerald.tga,Ingredient,ingred_emerald_01,Emerald,n\Ingred_emerald_01.NIF,Morrowind/Bloodmoon
n\Tx_emerald.tga,Ingredient,ingred_emerald_pinetear,Pinetear,n\Ingred_emerald_01.nif,Morrowind/Bloodmoon
n\Tx_firepetal_01.tga,Ingredient,ingred_fire_petal_01,Fire Petal,n\Ingred_Fire_Petal_01.nif,Morrowind
n\Tx_firesalt_01.tga,Ingredient,ingred_fire_salts_01,Fire Salts,n\Ingred_Fire_Salts_01.nif,Morrowind
n\Tx_frostsalt_01.tga,Ingredient,ingred_frost_salts_01,Frost Salts,n\Ingred_Frost_Salts_01.nif,Morrowind
n\Tx_ghoul_heart_01.tga,Ingredient,ingred_ghoul_heart_01,Ghoul Heart,n\Ingred_Ghoul_heart_01.nif,Morrowind
n\Tx_golden_sedge_01.dds,Ingredient,Ingred_golden_sedge_01,Golden Sedge Flowers,n\Ingred_golden_sedge_01.NIF,Morrowind/Tribunal
n\Tx_goldkanet_01.tga,Ingredient,ingred_gold_kanet_01,Gold Kanet,n\Ingred_Gold_Kanet_01.nif,Morrowind
n\Tx_goldkanet_01.tga,Ingredient,ingred_gold_kanet_unique,Roland's Tear,n\Ingred_Gold_Kanet_01.nif,Morrowind
n\Tx_gravedust_01.tga,Ingredient,ingred_gravedust_01,Gravedust,n\Ingred_Gravedust_01.nif,Morrowind
n\Tx_greenlichen_01.tga,Ingredient,ingred_green_lichen_01,Green Lichen,n\Ingred_Green_Lichen_01.nif,Morrowind
n\Tx_guarhide_01.tga,Ingredient,ingred_guar_hide_01,Guar Hide,n\Ingred_Guar_Hide_01.nif,Morrowind
n\Tx_guarhide_01.tga,Ingredient,ingred_guar_hide_girith,Girith's Guar Hide,n\Ingred_Guar_Hide_01.nif,Morrowind
n\Tx_guarhide_01.tga,Ingredient,ingred_guar_hide_marsus,Marsus' Guar Hide,n\Ingred_Guar_Hide_01.nif,Morrowind
n\Tx_hackle-lo_01.tga,Ingredient,ingred_hackle-lo_leaf_01,Hackle-Lo Leaf,n\Ingred_Hackle-Lo_01.nif,Morrowind
n\Tx_heather_01.tga,Ingredient,ingred_heather_01,Heather,n\Ingred_Heather_01.nif,Morrowind
n\Tx_horn_lily_bulb_01.dds,Ingredient,Ingred_horn_lily_bulb_01,Horn Lily Bulb,n\Ingred_horn_lily_bulb_01.NIF,Morrowind/Tribunal
n\Tx_houndmeat_01.tga,Ingredient,ingred_hound_meat_01,Hound Meat,n\Ingred_Hound_Meat_01.nif,Morrowind
n\Tx_ingred_Hide_BrnBear.dds,Ingredient,ingred_bear_pelt,Bear Pelt,n\Ingred_Hide_BrnBear.NIF,Morrowind/Bloodmoon
n\Tx_ingred_Hide_GryWolf.dds,Ingredient,ingred_wolf_pelt,Wolf Pelt,n\Ingred_Hide_GryWolf.NIF,Morrowind/Bloodmoon
n\Tx_ingred_Hide_WhtBear.dds,Ingredient,ingred_snowbear_pelt_unique,Snow Bear Pelt,n\Ingred_Hide_WhtBear.NIF,Morrowind/Bloodmoon
n\Tx_ingred_Hide_WhtWolf.dds,Ingredient,ingred_snowwolf_pelt_unique,Snow Wolf Pelt,n\Ingred_Hide_WhtWolf.NIF,Morrowind/Bloodmoon
n\Tx_ingred_belladonna_01.dds,Ingredient,ingred_belladonna_01,Ripened Belladonna Berries,n\Ingred_BM_belladonna_01.NIF,Morrowind/Bloodmoon
n\Tx_ingred_belladonna_01.dds,Ingredient,ingred_belladonna_02,Unripened Belladonna Berries,n\Ingred_BM_belladonna_01.NIF,Morrowind/Bloodmoon
n\Tx_ingred_holly_01.dds,Ingredient,ingred_gravetar_01,Gravetar,n\Ingred_BM_holly_01.NIF,Morrowind/Bloodmoon
n\Tx_ingred_holly_01.dds,Ingredient,ingred_holly_01,Holly Berries,n\Ingred_BM_holly_01.NIF,Morrowind/Bloodmoon
n\Tx_ingred_stalhrim_01.dds,Ingredient,ingred_raw_Stalhrim_01,Raw Stalhrim,n\Ingred_BM_stalhrim_01.NIF,Morrowind/Bloodmoon
n\Tx_ingred_wolfsbane_01.dds,Ingredient,ingred_wolfsbane_01,Wolfsbane Petals,n\Ingred_BM_wolfsbane_01.NIF,Morrowind/Bloodmoon
n\Tx_kagouti_hide_01.tga,Ingredient,ingred_kagouti_hide_01,Kagouti Hide,n\Ingred_Kagouti_Hide_01.nif,Morrowind
n\Tx_kresh_fiber_01.tga,Ingredient,ingred_kresh_fiber_01,Kresh Fiber,n\Ingred_Kresh_Fiber_01.nif,Morrowind
n\Tx_kwama_cuttle.tga,Ingredient,ingred_kwama_cuttle_01,Kwama Cuttle,n\Ingred_kwama_cuttle_01.nif,Morrowind
n\Tx_lloramor_spines_01.dds,Ingredient,Ingred_lloramor_spines_01,Lloramor Spines,n\Ingred_lloramor_spines_01.NIF,Morrowind/Tribunal
n\Tx_meadow_rye_01.dds,Ingredient,Ingred_meadow_rye_01,Meadow Rye,n\Ingred_meadow_rye_01.NIF,Morrowind/Tribunal
n\Tx_moon_sugar_01.tga,Ingredient,ingred_moon_sugar_01,Moon Sugar,n\Ingred_Moon_Sugar_01.nif,Morrowind
n\Tx_moon_sugar_01.tga,Ingredient,ingred_moon_sugar_01,Moon Sugar,n\Ingred_Moon_Sugar_01.nif,Morrowind/Bloodmoon
n\Tx_muck_01.tga,Ingredient,ingred_muck_01,Muck,n\Ingred_Muck_01.nif,Morrowind
n\Tx_netch_leather_01.tga,Ingredient,ingred_netch_leather_01,Netch Leather,n\Ingred_Netch_Leather_01.nif,Morrowind
n\Tx_nirthfly_stalks_01.dds,Ingredient,Ingred_nirthfly_stalks_01,Nirthfly Stalks,n\Ingred_nirthfly_stalks_01.NIF,Morrowind/Tribunal
n\Tx_noble_sedge_01.dds,Ingredient,Ingred_noble_sedge_01,Noble Sedge Flowers,n\Ingred_noble_sedge_01.NIF,Morrowind/Tribunal
n\Tx_pearl.tga,Ingredient,ingred_Dae_cursed_pearl_01,Pearl,n\Ingred_pearl_01.NIF,Morrowind
n\Tx_pearl.tga,Ingredient,ingred_pearl_01,Pearl,n\Ingred_pearl_01.NIF,Morrowind
n\Tx_racer_plumes_01.tga,Ingredient,ingred_racer_plumes_01,Racer Plumes,n\Ingred_Racer_Plumes_01.nif,Morrowind
n\Tx_rat_meat_01.tga,Ingredient,ingred_human_meat_01,Human Flesh,n\Ingred_Rat_Meat_01.nif,Morrowind
n\Tx_rat_meat_01.tga,Ingredient,ingred_human_meat_01,Human Flesh,n\Ingred_Rat_Meat_01.nif,Morrowind/Bloodmoon
n\Tx_rat_meat_01.tga,Ingredient,ingred_rat_meat_01,Rat Meat,n\Ingred_Rat_Meat_01.nif,Morrowind
n\Tx_red_lichen_01.tga,Ingredient,ingred_blood_innocent_unique,Blood of an Innocent,n\Ingred_Red_Lichen_01.nif,Morrowind/Bloodmoon
n\Tx_red_lichen_01.tga,Ingredient,ingred_red_lichen_01,Red Lichen,n\Ingred_Red_Lichen_01.nif,Morrowind
n\Tx_resin_01.tga,Ingredient,ingred_resin_01,Resin,n\Ingred_resin_01.nif,Morrowind
n\Tx_roobrush_01.tga,Ingredient,ingred_roobrush_01,Roobrush,n\Ingred_Roobrush_01.nif,Morrowind
n\Tx_ruby.tga,Ingredient,ingred_Dae_cursed_ruby_01,Ruby,n\Ingred_ruby_01.NIF,Morrowind
n\Tx_ruby.tga,Ingredient,ingred_ruby_01,Ruby,n\Ingred_ruby_01.NIF,Morrowind
n\Tx_russula_01.tga,Ingredient,ingred_russula_01,Luminous Russula,n\Ingred_russula_01.NIF,Morrowind
n\Tx_russula_01.tga,Ingredient,ingred_russula_01,Luminous Russula,n\Ingred_russula_01.NIF,Morrowind/Tribunal
n\Tx_saltrice_01.tga,Ingredient,ingred_saltrice_01,Saltrice,n\Ingred_saltrice_01.NIF,Morrowind
n\Tx_saltrice_01.tga,Ingredient,ingred_saltrice_01,Saltrice,n\Ingred_saltrice_01.NIF,Morrowind/Bloodmoon
n\Tx_scales_01.tga,Ingredient,ingred_scales_01,Scales,n\Ingred_Scales_01.nif,Morrowind
n\Tx_scamp_skin_01.tga,Ingredient,ingred_scamp_skin_01,Scamp Skin,n\Ingred_Scamp_Skin_01.nif,Morrowind
n\Tx_scathecraw_01.tga,Ingredient,ingred_scathecraw_01,Scathecraw,n\Ingred_Scathecraw_01.nif,Morrowind
n\Tx_scrapmetal_01.tga,Ingredient,ingred_scrap_metal_01,Scrap Metal,n\Ingred_Scrap_Metal_01.nif,Morrowind
n\Tx_scrib_cabbage_01.dds,Ingredient,Ingred_scrib_cabbage_01,Scrib Cabbage,n\Ingred_scrib_cabbage_01.NIF,Morrowind/Tribunal
n\Tx_scrib_jelly_01.tga,Ingredient,ingred_scrib_jelly_01,Scrib Jelly,n\Ingred_Scrib_Jelly_01.nif,Morrowind
n\Tx_scrib_jelly_01.tga,Ingredient,ingred_scrib_jelly_02,Meteor Slime,n\Ingred_Scrib_Jelly_01.nif,Morrowind
n\Tx_scrib_jerky_01.tga,Ingredient,ingred_scrib_jerky_01,Scrib Jerky,n\Ingred_Scrib_Jerky_01.nif,Morrowind
n\Tx_scuttle_01.tga,Ingredient,ingred_scuttle_01,Scuttle,n\Ingred_Scuttle_01.nif,Morrowind
n\Tx_shalk_resin_01.tga,Ingredient,ingred_shalk_resin_01,Shalk Resin,n\Ingred_Shalk_Resin_01.nif,Morrowind
n\Tx_sload_soap_01.tga,Ingredient,ingred_sload_soap_01,Sload Soap,n\Ingred_Sload_Soap_01.nif,Morrowind
n\Tx_stoneflower_01.tga,Ingredient,ingred_stoneflower_petals_01,Stoneflower Petals,n\Ingred_Stoneflower_01.nif,Morrowind
n\Tx_sweetpulp_01.dds,Ingredient,Ingred_sweetpulp_01,Sweetpulp,n\Ingred_sweetpulp_01.NIF,Morrowind/Tribunal
n\Tx_timsa-come-by_01.dds,Ingredient,Ingred_timsa-come-by_01,Timsa-Come-By flowers,n\Ingred_timsa-come-by_01.NIF,Morrowind/Tribunal
n\Tx_trama_root_01.tga,Ingredient,ingred_trama_root_01,Trama Root,n\Ingred_Trama_Root_01.nif,Morrowind
n\Tx_vampire_dust_01.tga,Ingredient,ingred_vampire_dust_01,Vampire Dust,n\Ingred_Vampire_Dust_01.nif,Morrowind
n\Tx_void_salts_01.tga,Ingredient,ingred_void_salts_01,Void Salts,n\Ingred_Void_Salts_01.nif,Morrowind
n\Tx_whickwheat_01.tga,Ingredient,ingred_wickwheat_01,Wickwheat,n\Ingred_Whickwheat_01.nif,Morrowind
n\Tx_willow_anther_01.tga,Ingredient,ingred_willow_anther_01,Willow Anther,n\Ingred_Willow_Anther_01.nif,Morrowind
n\tx_adamantium.dds,Ingredient,ingred_adamantium_ore_01,Adamantium Ore,n\Ingred_raw_adam.NIF,Morrowind/Tribunal
l\LIght_Com_Candle_09.tga,Light,light_com_candle_09,Pewter Candlestick,l\LIght_Com_Candle_09.NIF,Morrowind
l\LIght_Com_Candle_09.tga,Light,light_com_candle_09_128,Pewter Candlestick,l\LIght_Com_Candle_09.NIF,Morrowind
l\LIght_Com_Candle_09.tga,Light,light_com_candle_09_128,Pewter Candlestick,l\LIght_Com_Candle_09.NIF,Morrowind/Bloodmoon
l\LIght_Com_Candle_09.tga,Light,light_com_candle_09_64,Pewter Candlestick,l\LIght_Com_Candle_09.NIF,Morrowind
l\LIght_Com_Candle_09.tga,Light,light_com_candle_09_off,Pewter Candlestick,l\LIght_Com_Candle_09.NIF,Morrowind
l\LIght_Com_Candle_09.tga,Light,light_com_candle_09_off,Pewter Candlestick,l\LIght_Com_Candle_09.NIF,Morrowind/Bloodmoon
l\Light_Com_Candle_01.tga,Light,Light_Com_Candle_01,Iron Candlestick,l\Light_Com_Candle_01.NIF,Morrowind
l\Light_Com_Candle_01.tga,Light,Light_Com_Candle_01,Iron Candlestick,l\Light_Com_Candle_01.NIF,Morrowind/Bloodmoon
l\Light_Com_Candle_01.tga,Light,Light_Com_Candle_01_64,Iron Candlestick,l\Light_Com_Candle_01.NIF,Morrowind
l\Light_Com_Candle_01.tga,Light,Light_Com_Candle_01_64,Iron Candlestick,l\Light_Com_Candle_01.NIF,Morrowind/Bloodmoon
l\Light_Com_Candle_01.tga,Light,light_com_candle_01_off,Iron Candlestick,l\Light_Com_Candle_01.NIF,Morrowind
l\Light_Com_Candle_02.tga,Light,light_com_candle_02,Brass Candlestick,l\Light_Com_Candle_02.NIF,Morrowind
l\Light_Com_Candle_02.tga,Light,light_com_candle_02_64,Brass Candlestick,l\Light_Com_Candle_02.NIF,Morrowind
l\Light_Com_Candle_03.tga,Light,Light_Com_Candle_15,Silver Candlestick,l\Light_Com_Candle_15.NIF,Morrowind
l\Light_Com_Candle_03.tga,Light,light_com_candle_03,Silver Candlestick,l\Light_Com_Candle_03.NIF,Morrowind
l\Light_Com_Candle_03.tga,Light,light_com_candle_03_64,Silver Candlestick,l\Light_Com_Candle_03.NIF,Morrowind
l\Light_Com_Candle_05.tga,Light,Light_Com_Candle_12,Pewter Candlestick,l\Light_Com_Candle_12.NIF,Morrowind
l\Light_Com_Candle_05.tga,Light,Light_Com_Candle_12_77,Pewter Candlestick,l\Light_Com_Candle_12.NIF,Morrowind
l\Light_Com_Candle_05.tga,Light,Light_Com_Candle_12_Off,Pewter Candlestick,l\Light_Com_Candle_12.NIF,Morrowind
l\Light_Com_Candle_05.tga,Light,light_com_candle_05,Pewter Candlestick,l\Light_Com_Candle_05.NIF,Morrowind
l\Light_Com_Candle_05.tga,Light,light_com_candle_05_64,Pewter Candlestick,l\Light_Com_Candle_05.NIF,Morrowind
l\Light_Com_Candle_05.tga,Light,light_com_candle_05_64,Pewter Candlestick,l\Light_Com_Candle_05.NIF,Morrowind/Bloodmoon
l\Light_Com_Candle_05.tga,Light,light_com_candle_05_off,Pewter Candlestick,l\Light_Com_Candle_05.NIF,Morrowind
l\Light_Com_Candle_08.tga,Light,Light_Com_Candle_14,Silver Candlestick,l\Light_Com_Candle_14.NIF,Morrowind
l\Light_Com_Candle_08.tga,Light,Light_Com_Candle_14_77,Silver Candlestick,l\Light_Com_Candle_14.NIF,Morrowind
l\Light_Com_Candle_08.tga,Light,light_com_candle_08,Silver Candlestick,l\Light_Com_Candle_08.NIF,Morrowind
l\Light_Com_Candle_08.tga,Light,light_com_candle_08_64,Silver Candlestick,l\Light_Com_Candle_08.NIF,Morrowind
l\Light_Com_Candle_10.tga,Light,Light_Com_Candle_16,Silver Candlestick,l\Light_Com_Candle_16.NIF,Morrowind
l\Light_Com_Candle_10.tga,Light,Light_Com_Candle_16_77,Silver Candlestick,l\Light_Com_Candle_16.NIF,Morrowind
l\Light_Com_Candle_10.tga,Light,light_com_Dae_cursed_candle_10,Silver Candlestick,l\LIght_Com_Candle_10.NIF,Morrowind
l\Light_Com_Candle_10.tga,Light,light_com_candle_10,Silver Candlestick,l\LIght_Com_Candle_10.NIF,Morrowind
l\Light_Com_Candle_10.tga,Light,light_com_candle_10_128,Silver Candlestick,l\LIght_Com_Candle_10.NIF,Morrowind
l\Light_Com_Candle_10.tga,Light,light_com_candle_10_128,Silver Candlestick,l\LIght_Com_Candle_10.NIF,Morrowind/Tribunal
l\Light_Com_Candle_10.tga,Light,light_com_candle_10_64,Silver Candlestick,l\LIght_Com_Candle_10.NIF,Morrowind
l\Light_Com_Candle_10.tga,Light,light_com_candle_10_off,Silver Candlestick,l\LIght_Com_Candle_10.NIF,Morrowind
l\Light_Com_Lantern_01.tga,Light,light_com_lantern_01,Travel Lantern,l\Light_Com_Lantern_01.NIF,Morrowind
l\Light_Com_Lantern_01.tga,Light,light_com_lantern_01,Travel Lantern,l\Light_Com_Lantern_01.NIF,Morrowind/Bloodmoon
l\Light_Com_Lantern_01.tga,Light,light_com_lantern_01_128,Travel Lantern,l\Light_Com_Lantern_01.NIF,Morrowind
l\Light_Com_Lantern_01.tga,Light,light_com_lantern_01_128,Travel Lantern,l\Light_Com_Lantern_01.NIF,Morrowind/Bloodmoon
l\Light_Com_Lantern_01.tga,Light,light_com_lantern_01_256,Travel Lantern,l\Light_Com_Lantern_01.NIF,Morrowind/Bloodmoon
l\Light_Com_Lantern_01.tga,Light,light_com_lantern_01_77,Travel Lantern,l\Light_Com_Lantern_01.NIF,Morrowind
l\Light_Com_Lantern_01.tga,Light,light_com_lantern_01_Off,Travel Lantern,l\Light_Com_Lantern_01.NIF,Morrowind
l\Light_Com_Lantern_01.tga,Light,light_com_lantern_bm_unique,The Watchman's Eye,l\Light_Com_Lantern_01.NIF,Morrowind/Bloodmoon
l\Light_Com_Lantern_02.tga,Light,light_com_lantern_02,Travel Lantern,l\Light_Com_Lantern_02.NIF,Morrowind
l\Light_Com_Lantern_02.tga,Light,light_com_lantern_02_128,Travel Lantern,l\Light_Com_Lantern_02.NIF,Morrowind
l\Light_Com_Lantern_02.tga,Light,light_com_lantern_02_128_Off,Travel Lantern,l\Light_Com_Lantern_02.NIF,Morrowind
l\Light_Com_Lantern_02.tga,Light,light_com_lantern_02_177,Travel Lantern,l\Light_Com_Lantern_02.NIF,Morrowind
l\Light_Com_Lantern_02.tga,Light,light_com_lantern_02_256,Travel Lantern,l\Light_Com_Lantern_02.NIF,Morrowind/Bloodmoon
l\Light_Com_Lantern_02.tga,Light,light_com_lantern_02_64,Travel Lantern,l\Light_Com_Lantern_02.NIF,Morrowind
l\Light_Com_Lantern_02.tga,Light,light_com_lantern_02_INF,Pilgrim's Lantern,l\Light_Com_Lantern_02.NIF,Morrowind
l\Light_Com_Lantern_02.tga,Light,light_com_lantern_02_Off,Travel Lantern,l\Light_Com_Lantern_02.NIF,Morrowind
l\Light_Com_Torch_01.dds,Light,light_com_torch_burnedout_UNI,,l\Light_Com_Torch_01.NIF,Morrowind/Tribunal
l\Light_Com_Torch_01.tga,Light,light_com_torch_01,Torch,l\Light_Com_Torch_01.NIF,Morrowind
l\Light_Com_Torch_01.tga,Light,light_com_torch_01_128,Torch,l\Light_Com_Torch_01.NIF,Morrowind
l\Light_Com_Torch_01.tga,Light,light_com_torch_01_200,Torch,l\Light_Com_Torch_01.NIF,Morrowind
l\Light_Com_Torch_01.tga,Light,light_com_torch_01_256,Torch,l\Light_Com_Torch_01.NIF,Morrowind/Tribunal
l\Light_Com_Torch_01.tga,Light,light_com_torch_01_77,Torch,l\Light_Com_Torch_01.NIF,Morrowind
l\Light_Com_Torch_01.tga,Light,light_com_torch_01_off,Torch,l\Light_Com_Torch_01.NIF,Morrowind
l\Light_Com_Torch_01.tga,Light,light_com_torch_burnedout_01,Burned out Torch,l\Light_Com_Torch_01.NIF,Morrowind
l\Light_Com_Torch_02.tga,Light,light_com_torch_02,Torch,l\Light_Com_Torch_02.NIF,Morrowind
l\Light_De_Candle_03.tga,Light,light_de_candle_03,Candle,l\Light_De_Candle_03.NIF,Morrowind
l\Light_De_Candle_03.tga,Light,light_de_candle_03_64,Candle,l\Light_De_Candle_03.NIF,Morrowind
l\Light_De_Candle_05.tga,Light,light_de_candle_05,Redware Candle,l\Light_De_Candle_05.NIF,Morrowind
l\Light_De_Candle_05.tga,Light,light_de_candle_05_64,Redware Candle,l\Light_De_Candle_05.NIF,Morrowind
l\Light_De_Candle_05.tga,Light,light_de_candle_05_77,Redware Candle,l\Light_De_Candle_05.NIF,Morrowind
l\Light_De_Candle_06.tga,Light,light_de_candle_06,Ceramic Candlestick,l\Light_De_Candle_06.NIF,Morrowind
l\Light_De_Candle_06.tga,Light,light_de_candle_06_64,Ceramic Candlestick,l\Light_De_Candle_06.NIF,Morrowind
l\Light_De_Candle_06.tga,Light,light_de_candle_06_off,Ceramic Candlestick,l\Light_De_Candle_06.NIF,Morrowind
l\Light_De_Candle_10.tga,Light,light_de_candle_10,Candle,l\Light_De_Candle_10.NIF,Morrowind
l\Light_De_Candle_10.tga,Light,light_de_candle_10_64,Candle,l\Light_De_Candle_10.NIF,Morrowind
l\Light_De_Candle_11.tga,Light,light_de_candle_11,Candle,l\Light_De_Candle_11.NIF,Morrowind
l\Light_De_Candle_11.tga,Light,light_de_candle_11_64,Candle,l\Light_De_Candle_11.NIF,Morrowind
l\Light_De_Candle_11.tga,Light,light_de_candle_11_Off,Candle,l\Light_De_Candle_11.NIF,Morrowind
l\Light_De_Candle_12.tga,Light,light_de_candle_12,Candle,l\Light_De_Candle_12.NIF,Morrowind
l\Light_De_Candle_12.tga,Light,light_de_candle_128_Off,Candle,l\Light_De_Candle_12.NIF,Morrowind
l\Light_De_Candle_12.tga,Light,light_de_candle_12_64,Candle,l\Light_De_Candle_12.NIF,Morrowind
l\Light_De_Candle_13.tga,Light,light_de_candle_13,Candle,l\Light_De_Candle_13.NIF,Morrowind
l\Light_De_Candle_13.tga,Light,light_de_candle_13_64,Candle,l\Light_De_Candle_13.NIF,Morrowind
l\Light_De_Candle_13.tga,Light,light_de_candle_13_Off,Candle,l\Light_De_Candle_13.NIF,Morrowind
l\Light_De_Candle_14.tga,Light,light_de_candle_14,Candle,l\Light_De_Candle_14.NIF,Morrowind
l\Light_De_Candle_14.tga,Light,light_de_candle_14_64,Candle,l\Light_De_Candle_14.NIF,Morrowind
l\Light_De_Candle_15.tga,Light,Light_De_Candle_23,Brass Candlestick,l\Light_De_Candle_23.NIF,Morrowind
l\Light_De_Candle_15.tga,Light,Light_De_Candle_23_177,Brass Candlestick,l\Light_De_Candle_23.NIF,Morrowind
l\Light_De_Candle_15.tga,Light,light_de_candle_15,Brass Candlestick,l\Light_De_Candle_15.NIF,Morrowind
l\Light_De_Candle_15.tga,Light,light_de_candle_15_64,Brass Candlestick,l\Light_De_Candle_15.NIF,Morrowind
l\Light_De_Candle_15.tga,Light,light_de_candle_15_off,Brass Candlestick,l\Light_De_Candle_15.NIF,Morrowind
l\Light_De_Candle_16.tga,Light,light_de_candle_16,Brass Candlestick,l\Light_De_Candle_16.NIF,Morrowind
l\Light_De_Candle_16.tga,Light,light_de_candle_16_64,Brass Candlestick,l\Light_De_Candle_16.NIF,Morrowind
l\Light_De_Candle_17.tga,Light,Light_De_Candle_24,Brass Candlestick,l\Light_De_Candle_24.NIF,Morrowind
l\Light_De_Candle_17.tga,Light,Light_De_Candle_24_64,Brass Candlestick,l\Light_De_Candle_24.NIF,Morrowind
l\Light_De_Candle_17.tga,Light,light_de_candle_17,Brass Candlestick,l\Light_De_Candle_17.NIF,Morrowind
l\Light_De_Candle_17.tga,Light,light_de_candle_17_64,Brass Candlestick,l\Light_De_Candle_17.NIF,Morrowind
l\Light_De_Candle_18.tga,Light,Light_De_Candle_25,Redware Candle,l\Light_De_Candle_25.NIF,Morrowind
l\Light_De_Candle_18.tga,Light,light_de_candle_18,Redware Candle,l\Light_De_Candle_18.NIF,Morrowind
l\Light_De_Candle_18.tga,Light,light_de_candle_18_64,Redware Candle,l\Light_De_Candle_18.NIF,Morrowind
l\Light_De_Candle_19.tga,Light,Light_De_Candle_26,Redware Candle,l\Light_De_Candle_26.NIF,Morrowind
l\Light_De_Candle_19.tga,Light,light_de_candle_19,Redware Candle,l\Light_De_Candle_19.NIF,Morrowind
l\Light_De_Candle_19.tga,Light,light_de_candle_19_256,Redware Candle,l\Light_De_Candle_19.NIF,Morrowind
l\Light_De_Candle_19.tga,Light,light_de_candle_19_64,Redware Candle,l\Light_De_Candle_19.NIF,Morrowind
l\Light_De_Lantern_01.tga,Light,Light_De_Lantern_01,Paper Lantern,l\Light_De_Lantern_01.NIF,Morrowind
l\Light_De_Lantern_01.tga,Light,Light_De_Lantern_01_128,Paper Lantern,l\Light_De_Lantern_01.NIF,Morrowind
l\Light_De_Lantern_01.tga,Light,Light_De_Lantern_01_177,Paper Lantern,l\Light_De_Lantern_01.NIF,Morrowind
l\Light_De_Lantern_01.tga,Light,Light_De_Lantern_01_77,Paper Lantern,l\Light_De_Lantern_01.NIF,Morrowind
l\Light_De_Lantern_01.tga,Light,Light_De_Lantern_01white,Paper Lantern,l\Light_De_Lantern_01.NIF,Morrowind/Bloodmoon
l\Light_De_Lantern_01.tga,Light,light_de_lantern_01_off,Paper Lantern,l\Light_De_Lantern_01.NIF,Morrowind
l\Light_De_Lantern_02.tga,Light,light_de_lantern_02,Glass Lantern,l\Light_De_Lantern_02.NIF,Morrowind
l\Light_De_Lantern_02.tga,Light,light_de_lantern_02-128,Glass Lantern,l\Light_De_Lantern_02.NIF,Morrowind
l\Light_De_Lantern_02.tga,Light,light_de_lantern_02-177,Glass Lantern,l\Light_De_Lantern_02.NIF,Morrowind
l\Light_De_Lantern_02.tga,Light,light_de_lantern_02_128,Glass Lantern,l\Light_De_Lantern_02.NIF,Morrowind
l\Light_De_Lantern_02.tga,Light,light_de_lantern_02_256_Off,Glass Lantern,l\Light_De_Lantern_02.NIF,Morrowind
l\Light_De_Lantern_02.tga,Light,light_de_lantern_02_256_blue,Glass Lantern,l\Light_De_Lantern_02.NIF,Morrowind
l\Light_De_Lantern_02.tga,Light,light_de_lantern_02_blue,Glass Lantern,l\Light_De_Lantern_02.NIF,Morrowind
l\Light_De_Lantern_05.tga,Light,light_de_lantern_05,Paper Lantern,l\Light_De_Lantern_05.NIF,Morrowind
l\Light_De_Lantern_05.tga,Light,light_de_lantern_05_128_Carry,Paper Lantern,l\Light_De_Lantern_05.NIF,Morrowind
l\Light_De_Lantern_05.tga,Light,light_de_lantern_05_200,Paper Lantern,l\Light_De_Lantern_05.NIF,Morrowind
l\Light_De_Lantern_05.tga,Light,light_de_lantern_05_Carry,Paper Lantern,l\Light_De_Lantern_05.NIF,Morrowind
l\Light_De_Lantern_06.tga,Light,Light_De_Lantern_06A,Glass Lantern,l\Light_De_Lantern_06.NIF,Morrowind
l\Light_De_Lantern_06.tga,Light,light_de_lantern_06,Glass Lantern,l\Light_De_Lantern_06.NIF,Morrowind
l\Light_De_Lantern_06.tga,Light,light_de_lantern_06_128,Glass Lantern,l\Light_De_Lantern_06.NIF,Morrowind
l\Light_De_Lantern_06.tga,Light,light_de_lantern_06_177,Glass Lantern,l\Light_De_Lantern_06.NIF,Morrowind
l\Light_De_Lantern_06.tga,Light,light_de_lantern_06_256,Glass Lantern,l\Light_De_Lantern_06.NIF,Morrowind
l\Light_De_Lantern_06.tga,Light,light_de_lantern_06_64,Glass Lantern,l\Light_De_Lantern_06.NIF,Morrowind
l\Light_De_Lantern_07.tga,Light,light_de_lantern_07,Paper Lantern,l\Light_De_Lantern_07.NIF,Morrowind
l\Light_De_Lantern_07.tga,Light,light_de_lantern_07_128,Paper Lantern,l\Light_De_Lantern_07.NIF,Morrowind
l\Light_De_Lantern_07.tga,Light,light_de_lantern_07_warm,Paper Lantern,l\Light_De_Lantern_07.NIF,Morrowind
l\Light_De_Lantern_10.tga,Light,light_de_lantern_10,Paper Lantern,l\Light_De_Lantern_10.NIF,Morrowind
l\Light_De_Lantern_10.tga,Light,light_de_lantern_10_128,Paper Lantern,l\Light_De_Lantern_10.NIF,Morrowind
l\Light_De_Lantern_11.tga,Light,light_de_lantern_11,Paper Lantern,l\Light_De_Lantern_11.NIF,Morrowind
l\Light_De_Lantern_14.tga,Light,light_de_lantern_14,Paper Lantern,l\Light_De_Lantern_14.NIF,Morrowind
l\Light_Redware_Lamp.tga,Light,light_com_redware_lamp,Redware Lamp,l\Light_Redware_Lamp.NIF,Morrowind
l\Light_de_candle_blue_01.tga,Light,Light_De_Candle_20,Candle,l\Light_De_Candle_20.NIF,Morrowind
l\Light_de_candle_blue_01.tga,Light,light_de_candle_blue_01,Bamboo Candlestick,l\Light_de_candle_blue_01.NIF,Morrowind
l\Light_de_candle_blue_01.tga,Light,light_de_candle_blue_01_64,Bamboo Candlestick,l\Light_de_candle_blue_01.NIF,Morrowind
l\Light_de_candle_blue_01.tga,Light,light_de_candle_blue_01_Off,Bamboo Candlestick,l\Light_de_candle_blue_01.NIF,Morrowind
l\Light_de_candle_blue_01.tga,Light,light_de_candle_blue_02,Bamboo Candlestick,l\Light_de_candle_blue_02.NIF,Morrowind
l\Light_de_candle_blue_01.tga,Light,light_de_candle_blue_02_100,Bamboo Candlestick,l\Light_de_candle_blue_02.NIF,Morrowind
l\Light_de_candle_blue_01.tga,Light,light_de_candle_blue_02_64,Bamboo Candlestick,l\Light_de_candle_blue_02.NIF,Morrowind
l\Light_de_candle_green_01.tga,Light,light_de_candle_green_01,Bamboo Candlestick,l\Light_de_candle_green_01.NIF,Morrowind
l\Light_de_candle_green_01.tga,Light,light_de_candle_green_01_64,Bamboo Candlestick,l\Light_de_candle_green_01.NIF,Morrowind
l\Light_de_candle_green_01.tga,Light,light_de_candle_green_01_Off,Bamboo Candlestick,l\Light_de_candle_green_01.NIF,Morrowind
l\Light_de_candle_ivory_01.tga,Light,light_de_candle_ivory_01,Bamboo Candlestick,l\Light_de_candle_ivory_01.NIF,Morrowind
l\Light_de_candle_ivory_01.tga,Light,light_de_candle_ivory_01_128,Bamboo Candlestick,l\Light_de_candle_ivory_01.NIF,Morrowind
l\Light_de_candle_ivory_01.tga,Light,light_de_candle_ivory_01_64,Bamboo Candlestick,l\Light_de_candle_ivory_01.NIF,Morrowind
l\Light_de_candle_ivory_01.tga,Light,light_de_candle_ivory_01_off,Bamboo Candlestick,l\Light_de_candle_ivory_01.NIF,Morrowind
l\Light_de_candle_ivory_01.tga,Light,light_de_candle_ivory_64,Bamboo Candlestick,l\Light_de_candle_ivory_01.NIF,Morrowind
l\Light_de_candle_ivory_01.tga,Light,light_de_candle_ivory_dead,Bamboo Candlestick,l\Light_de_candle_ivory_01.NIF,Morrowind
l\Light_de_candle_red_01.tga,Light,Light_De_Candle_21,Candle,l\Light_De_Candle_21.NIF,Morrowind
l\Light_de_candle_red_01.tga,Light,Light_De_Candle_22,Candle,l\Light_De_Candle_22.NIF,Morrowind
l\Light_de_candle_red_01.tga,Light,light_de_candle_red_01,Bamboo Candlestick,l\Light_de_candle_red_01.NIF,Morrowind
l\Light_de_candle_red_01.tga,Light,light_de_candle_red_01_64,Bamboo Candlestick,l\Light_de_candle_red_01.NIF,Morrowind
l\Light_de_candle_red_01.tga,Light,light_de_candle_red_02,Bamboo Candlestick,l\Light_de_candle_red_02.NIF,Morrowind
l\Light_de_candle_red_01.tga,Light,light_de_candle_red_02_64,Bamboo Candlestick,l\Light_de_candle_red_02.NIF,Morrowind
l\Tx_buglamp_01.tga,Light,light_de_buglamp_01,Bug Lamp,l\Light_buglamp_01.NIF,Morrowind
l\Tx_buglamp_01.tga,Light,light_de_buglamp_01_64,Bug Lamp,l\Light_buglamp_01.NIF,Morrowind
l\Tx_buglamp_01.tga,Light,light_de_buglamp_01_off,Bug Lamp,l\Light_buglamp_01.NIF,Morrowind
l\light_torch10.tga,Light,torch,Torch,l\light_torch10.nif,Morrowind
l\light_torch10.tga,Light,torch_128,Torch,l\light_torch10.nif,Morrowind
l\light_torch10.tga,Light,torch_128_Off,Torch,l\light_torch10.nif,Morrowind
l\light_torch10.tga,Light,torch_157,Torch,l\light_torch10.nif,Morrowind
l\light_torch10.tga,Light,torch_256,Torch,l\light_torch10.nif,Morrowind
l\light_torch10.tga,Light,torch_64,Torch,l\light_torch10.nif,Morrowind
l\light_torch10.tga,Light,torch_77,Torch,l\light_torch10.nif,Morrowind
l\light_torch10.tga,Light,torch_infinite_time,Torch,l\light_torch10.nif,Morrowind
l\light_torch10.tga,Light,torch_infinite_time_unique,Torch,l\light_torch10.nif,Morrowind
m\Tx_pick_A_01.tga,Lockpick,pick_apprentice_01,Apprentice's Lockpick,m\Pick_Apprentice_01.NIF,Morrowind
m\Tx_pick_G_01.tga,Lockpick,pick_grandmaster,Grandmaster's Pick,m\Pick_Grandmaster_01.nif,Morrowind
m\Tx_pick_J_01.tga,Lockpick,pick_journeyman_01,Journeyman's Lockpick,m\Pick_Journeyman_01.NIF,Morrowind
m\Tx_pick_M_01.tga,Lockpick,pick_master,Master's Lockpick,m\Pick_Master_01.nif,Morrowind
m\Tx_pick_S_01.tga,Lockpick,pick_secretmaster,Secret Master's Lockpick,m\Pick_SecretMaster_01.nif,Morrowind
m\tx_skeleton_key.tga,Lockpick,skeleton_key,The Skeleton Key,m\Skeleton_key.NIF,Morrowind
a\TX_Art_wraithguard.tga,MiscItem,misc_wraithguard_no_equip,Unique Dwemer Artifact,a\A_Art_Wraithguard_GND.NIF,Morrowind
m\Misc_6th_Ash_Statue_01.tga,MiscItem,misc_6th_ash_hrcs,Suspicious Ash Statue,m\Misc_6th_Ash_Statue_01.NIF,Morrowind
m\Misc_6th_Ash_Statue_01.tga,MiscItem,misc_6th_ash_hrmm,Morvayn Ash Statue,m\Misc_6th_Ash_Statue_01.NIF,Morrowind
m\Misc_6th_Ash_Statue_01.tga,MiscItem,misc_6th_ash_statue_01,Ash Statue,m\Misc_6th_Ash_Statue_01.NIF,Morrowind
m\Misc_6th_Goblet.tga,MiscItem,misc_goblet_dagoth,House Dagoth cup,m\Misc_6th_Goblet.NIF,Morrowind
m\Misc_Com_Basket_01.tga,MiscItem,misc_com_basket_01,Basket,m\Misc_Com_Basket_01.NIF,Morrowind
m\Misc_Com_Basket_02.tga,MiscItem,misc_com_basket_02,Basket,m\Misc_Com_Basket_02.NIF,Morrowind
m\Misc_Com_Basket_02.tga,MiscItem,misc_com_basket_02,Basket,m\Misc_Com_Basket_02.NIF,Morrowind/Bloodmoon
m\Misc_Com_Bottle_01.tga,MiscItem,misc_com_bottle_01,Bottle,m\Misc_Com_Bottle_01.NIF,Morrowind
m\Misc_Com_Bottle_01.tga,MiscItem,misc_com_bottle_01,Bottle,m\Misc_Com_Bottle_01.NIF,Morrowind/Bloodmoon
m\Misc_Com_Bottle_02.tga,MiscItem,misc_com_bottle_02,Bottle,m\Misc_Com_Bottle_02.NIF,Morrowind
m\Misc_Com_Bottle_02.tga,MiscItem,misc_com_bottle_02,Bottle,m\Misc_Com_Bottle_02.NIF,Morrowind/Bloodmoon
m\Misc_Com_Bottle_02.tga,MiscItem,misc_com_bottle_02,Bottle,m\Misc_Com_Bottle_02.NIF,Morrowind/Tribunal
m\Misc_Com_Bottle_03.tga,MiscItem,misc_com_bottle_03,Jug,m\Misc_Com_Bottle_03.NIF,Morrowind
m\Misc_Com_Bottle_03.tga,MiscItem,misc_com_bottle_03,Jug,m\Misc_Com_Bottle_03.NIF,Morrowind/Bloodmoon
m\Misc_Com_Bottle_04.tga,MiscItem,Misc_Com_Bottle_04,Bottle,m\Misc_Com_Bottle_04.NIF,Morrowind
m\Misc_Com_Bottle_04.tga,MiscItem,Misc_Com_Bottle_04,Bottle,m\Misc_Com_Bottle_04.NIF,Morrowind/Bloodmoon
m\Misc_Com_Bottle_05.tga,MiscItem,misc_com_bottle_05,Bottle,m\Misc_Com_Bottle_05.NIF,Morrowind
m\Misc_Com_Bottle_05.tga,MiscItem,misc_com_bottle_05,Bottle,m\Misc_Com_Bottle_05.NIF,Morrowind/Bloodmoon
m\Misc_Com_Bottle_06.tga,MiscItem,misc_com_bottle_06,Bottle,m\Misc_Com_Bottle_06.NIF,Morrowind
m\Misc_Com_Bottle_06.tga,MiscItem,misc_com_bottle_06,Bottle,m\Misc_Com_Bottle_06.NIF,Morrowind/Bloodmoon
m\Misc_Com_Bottle_07.tga,MiscItem,misc_com_bottle_07,Jug,m\Misc_Com_Bottle_07.NIF,Morrowind
m\Misc_Com_Bottle_07.tga,MiscItem,misc_com_bottle_07,Jug,m\Misc_Com_Bottle_07.NIF,Morrowind/Bloodmoon
m\Misc_Com_Bottle_07.tga,MiscItem,misc_com_bottle_07_float,Jug,m\Misc_Com_Bottle_07.NIF,Morrowind
m\Misc_Com_Bottle_08.tga,MiscItem,Misc_Com_Bottle_08,Bottle,m\Misc_Com_Bottle_08.NIF,Morrowind
m\Misc_Com_Bottle_08.tga,MiscItem,Misc_Com_Bottle_08,Bottle,m\Misc_Com_Bottle_08.NIF,Morrowind/Bloodmoon
m\Misc_Com_Bottle_09.tga,MiscItem,misc_com_bottle_09,Bottle,m\Misc_Com_Bottle_09.NIF,Morrowind
m\Misc_Com_Bottle_09.tga,MiscItem,misc_com_bottle_09,Bottle,m\Misc_Com_Bottle_09.NIF,Morrowind/Bloodmoon
m\Misc_Com_Bottle_09.tga,MiscItem,misc_com_bottle_09,Bottle,m\Misc_Com_Bottle_09.NIF,Morrowind/Tribunal
m\Misc_Com_Bottle_10.tga,MiscItem,misc_com_bottle_10,Bottle,m\Misc_Com_Bottle_10.NIF,Morrowind
m\Misc_Com_Bottle_10.tga,MiscItem,misc_com_bottle_10,Bottle,m\Misc_Com_Bottle_10.NIF,Morrowind/Bloodmoon
m\Misc_Com_Bottle_10.tga,MiscItem,misc_com_bottle_10,Bottle,m\Misc_Com_Bottle_10.NIF,Morrowind/Tribunal
m\Misc_Com_Bottle_11.tga,MiscItem,misc_com_bottle_11,Bottle,m\Misc_Com_Bottle_11.NIF,Morrowind
m\Misc_Com_Bottle_11.tga,MiscItem,misc_com_bottle_11,Bottle,m\Misc_Com_Bottle_11.NIF,Morrowind/Bloodmoon
m\Misc_Com_Bottle_11.tga,MiscItem,misc_com_bottle_11,Bottle,m\Misc_Com_Bottle_11.NIF,Morrowind/Tribunal
m\Misc_Com_Bottle_12.tga,MiscItem,misc_com_bottle_12,Jug,m\Misc_Com_Bottle_12.NIF,Morrowind
m\Misc_Com_Bottle_12.tga,MiscItem,misc_com_bottle_12,Jug,m\Misc_Com_Bottle_12.NIF,Morrowind/Bloodmoon
m\Misc_Com_Bottle_13.tga,MiscItem,misc_com_bottle_13,Bottle,m\Misc_Com_Bottle_13.NIF,Morrowind
m\Misc_Com_Bottle_13.tga,MiscItem,misc_com_bottle_13,Bottle,m\Misc_Com_Bottle_13.NIF,Morrowind/Tribunal
m\Misc_Com_Bottle_14.tga,MiscItem,Misc_Com_Bottle_14,Bottle,m\Misc_Com_Bottle_14.NIF,Morrowind
m\Misc_Com_Bottle_14.tga,MiscItem,Misc_Com_Bottle_14,Bottle,m\Misc_Com_Bottle_14.NIF,Morrowind/Bloodmoon
m\Misc_Com_Bottle_14.tga,MiscItem,Misc_Com_Bottle_14,Bottle,m\Misc_Com_Bottle_14.NIF,Morrowind/Tribunal
m\Misc_Com_Bottle_14.tga,MiscItem,misc_com_bottle_14_float,Bottle,m\Misc_Com_Bottle_14.NIF,Morrowind
m\Misc_Com_Bottle_15.tga,MiscItem,misc_com_bottle_15,Bottle,m\Misc_Com_Bottle_15.NIF,Morrowind
m\Misc_Com_Bottle_15.tga,MiscItem,misc_com_bottle_15,Bottle,m\Misc_Com_Bottle_15.NIF,Morrowind/Bloodmoon
m\Misc_Com_Bottle_15.tga,MiscItem,misc_com_bottle_15,Bottle,m\Misc_Com_Bottle_15.NIF,Morrowind/Tribunal
m\Misc_Com_Broom_01.tga,MiscItem,misc_com_broom_01,Broom,m\Misc_Com_Broom_01.NIF,Morrowind
m\Misc_Com_Broom_01.tga,MiscItem,misc_com_broom_01,Broom,m\Misc_Com_Broom_01.NIF,Morrowind/Bloodmoon
m\Misc_Com_Bucket_01.tga,MiscItem,misc_com_bucket_01,Bucket,m\Misc_Com_Bucket_01.NIF,Morrowind
m\Misc_Com_Bucket_01.tga,MiscItem,misc_com_bucket_01,Bucket,m\Misc_Com_Bucket_01.NIF,Morrowind/Bloodmoon
m\Misc_Com_Bucket_01.tga,MiscItem,misc_com_bucket_01_float,Bucket,m\Misc_Com_Bucket_01.NIF,Morrowind
m\Misc_Com_Bucket_01.tga,MiscItem,misc_com_bucket_boe_UNI,Bucket,m\Misc_Com_Bucket_01.NIF,Morrowind
m\Misc_Com_Bucket_01.tga,MiscItem,misc_com_bucket_boe_UNIa,Bucket,m\Misc_Com_Bucket_01.NIF,Morrowind
m\Misc_Com_Bucket_01.tga,MiscItem,misc_com_bucket_boe_UNIb,Bucket,m\Misc_Com_Bucket_01.NIF,Morrowind
m\Misc_Com_Bucket_Metal.tga,MiscItem,Misc_Com_Bucket_Metal,Metal Bucket,m\Misc_Com_Bucket_Metal.NIF,Morrowind
m\Misc_Com_Bucket_Metal.tga,MiscItem,Misc_Com_Bucket_Metal,Metal Bucket,m\Misc_Com_Bucket_Metal.NIF,Morrowind/Bloodmoon
m\Misc_Com_Iron_Ladle.tga,MiscItem,misc_com_iron_ladle,Iron Ladle,m\Misc_Com_Iron_Ladle.NIF,Morrowind
m\Misc_Com_Metal_Goblet_01.tga,MiscItem,misc_com_metal_goblet_01,Goblet,m\Misc_Com_Metal_Goblet_01.NIF,Morrowind
m\Misc_Com_Metal_Goblet_01.tga,MiscItem,misc_com_metal_goblet_01,Goblet,m\Misc_Com_Metal_Goblet_01.NIF,Morrowind/Bloodmoon
m\Misc_Com_Metal_Goblet_02.tga,MiscItem,misc_com_metal_goblet_02,Goblet,m\Misc_Com_Metal_Goblet_02.NIF,Morrowind
m\Misc_Com_Metal_Plate_03.tga,MiscItem,misc_com_metal_plate_03,Plate,m\Misc_Com_Metal_Plate_03.NIF,Morrowind
m\Misc_Com_Metal_Plate_03.tga,MiscItem,misc_com_metal_plate_03_uni,Plate,m\Misc_Com_Metal_Plate_03.NIF,Morrowind/Tribunal
m\Misc_Com_Metal_Plate_04.tga,MiscItem,misc_com_metal_plate_04,Plate,m\Misc_Com_Metal_Plate_04.NIF,Morrowind
m\Misc_Com_Metal_Plate_04.tga,MiscItem,misc_com_metal_plate_04,Plate,m\Misc_Com_Metal_Plate_04.NIF,Morrowind/Bloodmoon
m\Misc_Com_Metal_Plate_05.tga,MiscItem,misc_com_metal_plate_05,Plate,m\Misc_Com_Metal_Plate_05.NIF,Morrowind
m\Misc_Com_Metal_Plate_05.tga,MiscItem,misc_com_metal_plate_05,Plate,m\Misc_Com_Metal_Plate_05.NIF,Morrowind/Bloodmoon
m\Misc_Com_Metal_Plate_07.tga,MiscItem,misc_com_metal_plate_07,Plate,m\Misc_Com_Metal_Plate_07.NIF,Morrowind
m\Misc_Com_Metal_Plate_07.tga,MiscItem,misc_com_metal_plate_07_UNI1,Plate,m\Misc_Com_Metal_Plate_07.NIF,Morrowind
m\Misc_Com_Metal_Plate_07.tga,MiscItem,misc_com_metal_plate_07_UNI2,Plate,m\Misc_Com_Metal_Plate_07.NIF,Morrowind
m\Misc_Com_Pillow_01.tga,MiscItem,misc_uni_pillow_01,Pillow,m\Misc_Com_Pillow_01.NIF,Morrowind
m\Misc_Com_Pillow_01.tga,MiscItem,misc_uni_pillow_01,Pillow,m\Misc_Com_Pillow_01.NIF,Morrowind/Bloodmoon
m\Misc_Com_Pillow_01.tga,MiscItem,misc_uni_pillow_01,Pillow,m\Misc_Com_Pillow_01.NIF,Morrowind/Tribunal
m\Misc_Com_Pillow_01.tga,MiscItem,misc_uni_pillow_unique,Extra-Comfy Pillow,m\Misc_Com_Pillow_01.NIF,Morrowind
m\Misc_Com_Pitcher_Metal_01.tga,MiscItem,Misc_Com_Pitcher_Metal_01,Pitcher,m\Misc_Com_Pitcher_Metal_01.NIF,Morrowind
m\Misc_Com_Pitcher_Metal_01.tga,MiscItem,Misc_Com_Pitcher_Metal_01,Pitcher,m\Misc_Com_Pitcher_Metal_01.NIF,Morrowind/Bloodmoon
m\Misc_Com_Plate_01.tga,MiscItem,misc_com_plate_01,Plate,m\Misc_Com_Plate_01.NIF,Morrowind
m\Misc_Com_Plate_02.tga,MiscItem,misc_com_plate_02,Plate,m\Misc_Com_Plate_02.NIF,Morrowind
m\Misc_Com_Plate_02.tga,MiscItem,misc_com_plate_02_tgrc,Commemorative Plate,m\Misc_Com_Plate_02.NIF,Morrowind
m\Misc_Com_Plate_03.tga,MiscItem,misc_com_plate_03,Plate,m\Misc_Com_Plate_03.NIF,Morrowind
m\Misc_Com_Plate_04.tga,MiscItem,misc_com_plate_04,Plate,m\Misc_Com_Plate_04.NIF,Morrowind
m\Misc_Com_Plate_05.tga,MiscItem,misc_com_plate_05,Plate,m\Misc_Com_Plate_05.NIF,Morrowind
m\Misc_Com_Plate_06.tga,MiscItem,misc_com_plate_06,Plate,m\Misc_Com_Plate_06.NIF,Morrowind
m\Misc_Com_Plate_06.tga,MiscItem,misc_com_plate_06_tgrc,Commemorative Plate,m\Misc_Com_Plate_06.NIF,Morrowind
m\Misc_Com_Plate_07.tga,MiscItem,misc_com_plate_07,Plate,m\Misc_Com_Plate_07.NIF,Morrowind
m\Misc_Com_Plate_08.tga,MiscItem,misc_com_plate_08,Plate,m\Misc_Com_Plate_08.NIF,Morrowind
m\Misc_Com_Silverware_Fork.tga,MiscItem,misc_com_silverware_fork,Fork,m\Misc_Com_Silverware_Fork.NIF,Morrowind
m\Misc_Com_Silverware_Fork.tga,MiscItem,misc_com_silverware_fork_uni,Fork,m\Misc_Com_Silverware_Fork.NIF,Morrowind/Tribunal
m\Misc_Com_Silverware_Knife.tga,MiscItem,misc_com_silverware_knife,Knife,m\Misc_Com_Silverware_Knife.NIF,Morrowind
m\Misc_Com_Silverware_Knife.tga,MiscItem,misc_com_silverware_knife_uni,Knife,m\Misc_Com_Silverware_Knife.NIF,Morrowind/Tribunal
m\Misc_Com_Silverware_Spoon.tga,MiscItem,misc_com_silverware_spoon,Spoon,m\Misc_Com_Silverware_Spoon.NIF,Morrowind
m\Misc_Com_Silverware_Spoon.tga,MiscItem,misc_com_silverware_spoon_uni,Spoon,m\Misc_Com_Silverware_Spoon.NIF,Morrowind/Tribunal
m\Misc_Com_Tankard_01.tga,MiscItem,misc_com_tankard_01,Tankard,m\Misc_Com_Tankard_01.NIF,Morrowind
m\Misc_Com_Tankard_01.tga,MiscItem,misc_com_tankard_01,Tankard,m\Misc_Com_Tankard_01.NIF,Morrowind/Bloodmoon
m\Misc_Com_Wood_Bowl_01.tga,MiscItem,Misc_Com_Wood_Bowl_01,Bowl,m\Misc_Com_Wood_Bowl_01.NIF,Morrowind
m\Misc_Com_Wood_Bowl_02.tga,MiscItem,misc_com_wood_bowl_02,Bowl,m\Misc_Com_Wood_Bowl_02.NIF,Morrowind
m\Misc_Com_Wood_Bowl_02.tga,MiscItem,misc_com_wood_bowl_02,Bowl,m\Misc_Com_Wood_Bowl_02.NIF,Morrowind/Bloodmoon
m\Misc_Com_Wood_Bowl_03.tga,MiscItem,misc_com_wood_bowl_03,Bowl,m\Misc_Com_Wood_Bowl_03.NIF,Morrowind
m\Misc_Com_Wood_Bowl_04.tga,MiscItem,misc_com_wood_bowl_04,Bowl,m\Misc_Com_Wood_Bowl_04.NIF,Morrowind
m\Misc_Com_Wood_Bowl_05.tga,MiscItem,Misc_Com_Wood_Bowl_05,Bowl,m\Misc_Com_Wood_Bowl_05.NIF,Morrowind
m\Misc_Com_Wood_Cup_01.tga,MiscItem,misc_com_wood_cup_01,Cup,m\Misc_Com_Wood_Cup_01.NIF,Morrowind
m\Misc_Com_Wood_Cup_01.tga,MiscItem,misc_com_wood_cup_01,Cup,m\Misc_Com_Wood_Cup_01.NIF,Morrowind/Bloodmoon
m\Misc_Com_Wood_Cup_02.tga,MiscItem,misc_com_wood_cup_02,Cup,m\Misc_Com_Wood_Cup_02.NIF,Morrowind
m\Misc_Com_Wood_Cup_02.tga,MiscItem,misc_com_wood_cup_02,Cup,m\Misc_Com_Wood_Cup_02.NIF,Morrowind/Bloodmoon
m\Misc_Com_Wood_Fork.tga,MiscItem,misc_com_wood_fork,Fork,m\Misc_Com_Wood_Fork.NIF,Morrowind
m\Misc_Com_Wood_Fork.tga,MiscItem,misc_com_wood_fork,Fork,m\Misc_Com_Wood_Fork.NIF,Morrowind/Bloodmoon
m\Misc_Com_Wood_Fork.tga,MiscItem,misc_com_wood_fork_UNI1,Fork,m\Misc_Com_Wood_Fork.NIF,Morrowind
m\Misc_Com_Wood_Fork.tga,MiscItem,misc_com_wood_fork_UNI2,Fork,m\Misc_Com_Wood_Fork.NIF,Morrowind
m\Misc_Com_Wood_Knife.tga,MiscItem,misc_com_wood_knife,Knife,m\Misc_Com_Wood_Knife.NIF,Morrowind
m\Misc_Com_Wood_Knife.tga,MiscItem,misc_com_wood_knife,Knife,m\Misc_Com_Wood_Knife.NIF,Morrowind/Bloodmoon
m\Misc_Com_Wood_Knife.tga,MiscItem,misc_com_wood_knife_UNI1,Knife,m\Misc_Com_Wood_Knife.NIF,Morrowind
m\Misc_Com_Wood_Knife.tga,MiscItem,misc_com_wood_knife_UNI2,Knife,m\Misc_Com_Wood_Knife.NIF,Morrowind
m\Misc_Com_Wood_Spoon_01.tga,MiscItem,misc_com_wood_spoon_01,Spoon,m\Misc_Com_Wood_Spoon_01.NIF,Morrowind
m\Misc_Com_Wood_Spoon_01.tga,MiscItem,misc_com_wood_spoon_01,Spoon,m\Misc_Com_Wood_Spoon_01.NIF,Morrowind/Bloodmoon
m\Misc_Com_Wood_Spoon_01.tga,MiscItem,misc_com_wood_spoon_01_UNI1,Spoon,m\Misc_Com_Wood_Spoon_01.NIF,Morrowind
m\Misc_Com_Wood_Spoon_01.tga,MiscItem,misc_com_wood_spoon_01_UNI2,Spoon,m\Misc_Com_Wood_Spoon_01.NIF,Morrowind
m\Misc_Com_Wood_Spoon_02.tga,MiscItem,misc_com_wood_spoon_02,Spoon,m\Misc_Com_Wood_Spoon_02.NIF,Morrowind
m\Misc_De_Basket_01.tga,MiscItem,misc_de_basket_01,Basket,m\Misc_De_Basket_01.NIF,Morrowind
m\Misc_De_Basket_01.tga,MiscItem,misc_de_basket_01,Basket,m\Misc_De_Basket_01.NIF,Morrowind/Bloodmoon
m\Misc_De_Bowl_01.tga,MiscItem,misc_de_bowl_01,Bowl,m\Misc_De_Bowl_01.NIF,Morrowind
m\Misc_De_Bowl_01.tga,MiscItem,misc_de_bowl_01,Bowl,m\Misc_De_Bowl_01.NIF,Morrowind/Tribunal
m\Misc_De_Fishing_Pole.tga,MiscItem,misc_de_fishing_pole,Fishing Pole,m\Misc_De_Fishing_Pole.NIF,Morrowind
m\Misc_De_Goblet_01.tga,MiscItem,misc_de_goblet_01,Goblet,m\Misc_De_Goblet_01.NIF,Morrowind
m\Misc_De_Goblet_01.tga,MiscItem,misc_de_goblet_01_redas,Redas Goblet,m\Misc_De_Goblet_01.NIF,Morrowind
m\Misc_De_Goblet_02.tga,MiscItem,misc_de_goblet_02,Goblet,m\Misc_De_Goblet_02.NIF,Morrowind
m\Misc_De_Goblet_02.tga,MiscItem,misc_de_goblet_02,Goblet,m\Misc_De_Goblet_02.NIF,Morrowind/Tribunal
m\Misc_De_Goblet_03.tga,MiscItem,misc_de_goblet_03,Goblet,m\Misc_De_Goblet_03.NIF,Morrowind
m\Misc_De_Goblet_04.tga,MiscItem,misc_de_goblet_04,Goblet,m\Misc_De_Goblet_04.NIF,Morrowind
m\Misc_De_Goblet_04.tga,MiscItem,misc_de_goblet_04,Goblet,m\Misc_De_Goblet_04.NIF,Morrowind/Bloodmoon
m\Misc_De_Goblet_04.tga,MiscItem,misc_de_goblet_04,Goblet,m\Misc_De_Goblet_04.NIF,Morrowind/Tribunal
m\Misc_De_Goblet_05.tga,MiscItem,misc_de_goblet_05,Goblet,m\Misc_De_Goblet_05.NIF,Morrowind
m\Misc_De_Goblet_06.tga,MiscItem,misc_de_goblet_06,Goblet,m\Misc_De_Goblet_06.NIF,Morrowind
m\Misc_De_Goblet_07.tga,MiscItem,misc_de_goblet_07,Goblet,m\Misc_De_Goblet_07.NIF,Morrowind
m\Misc_De_Goblet_08.tga,MiscItem,misc_de_goblet_08,Goblet,m\Misc_De_Goblet_08.NIF,Morrowind
m\Misc_De_Goblet_09.tga,MiscItem,misc_de_goblet_09,Goblet,m\Misc_De_Goblet_09.NIF,Morrowind
m\Misc_De_Pitcher_01.tga,MiscItem,misc_de_pitcher_01,Pitcher,m\Misc_De_Pitcher_01.NIF,Morrowind
m\Misc_De_Pitcher_01.tga,MiscItem,misc_de_pitcher_01,Pitcher,m\Misc_De_Pitcher_01.NIF,Morrowind/Tribunal
m\Misc_De_Tankard_01.tga,MiscItem,misc_de_tankard_01,Tankard,m\Misc_De_Tankard_01.NIF,Morrowind
m\Misc_De_Tankard_01.tga,MiscItem,misc_de_tankard_01,Tankard,m\Misc_De_Tankard_01.NIF,Morrowind/Bloodmoon
m\Misc_Hook.tga,MiscItem,misc_hook,Hook,f\Furn_hook_01.nif,Morrowind
m\Misc_Hook.tga,MiscItem,misc_hook,Hook,f\Furn_hook_01.nif,Morrowind/Bloodmoon
m\Misc_Inkwell.tga,MiscItem,Misc_Inkwell,Inkwell,m\Misc_Inkwell.NIF,Morrowind
m\Misc_LW_Bowl.tga,MiscItem,misc_lw_bowl,Limeware Bowl,m\Misc_LW_Bowl.NIF,Morrowind
m\Misc_LW_Bowl.tga,MiscItem,misc_lw_bowl_chapel,Chapel Limeware Bowl,m\Misc_LW_Bowl.NIF,Morrowind
m\Misc_LW_Cup.tga,MiscItem,misc_de_goblet_04_dagoth,House Dagoth cup,m\Misc_LW_Cup.NIF,Morrowind
m\Misc_LW_Cup.tga,MiscItem,misc_lw_cup,Limeware Cup,m\Misc_LW_Cup.NIF,Morrowind
m\Misc_LW_Flask.tga,MiscItem,misc_lw_flask,Limeware Flask,m\Misc_LW_Flask.NIF,Morrowind
m\Misc_LW_Platter.tga,MiscItem,misc_lw_platter,Limeware Platter,m\Misc_LW_Platter.NIF,Morrowind
m\Misc_Quill.tga,MiscItem,Misc_Quill,Quill Pen,m\Misc_Quill.NIF,Morrowind
m\Misc_Quill.tga,MiscItem,Misc_Quill,Quill Pen,m\Misc_Quill.NIF,Morrowind/Bloodmoon
m\Misc_Redware_Bowl.tga,MiscItem,misc_com_redware_bowl,Bowl,m\Misc_Redware_Bowl.NIF,Morrowind
m\Misc_Redware_Bowl_01.tga,MiscItem,misc_com_redware_bowl_01,Bowl,m\Misc_Redware_Bowl_01.NIF,Morrowind
m\Misc_Redware_Cup.tga,MiscItem,Misc_Com_Redware_Cup,Cup,m\Misc_Redware_Cup.NIF,Morrowind
m\Misc_Redware_Cup.tga,MiscItem,Misc_Com_Redware_Cup,Cup,m\Misc_Redware_Cup.NIF,Morrowind/Tribunal
m\Misc_Redware_Flask.tga,MiscItem,misc_com_redware_flask,Flask,m\Misc_Redware_Flask.NIF,Morrowind
m\Misc_Redware_Flask.tga,MiscItem,misc_com_redware_flask,Flask,m\Misc_Redware_Flask.NIF,Morrowind/Bloodmoon
m\Misc_Redware_Pitcher.tga,MiscItem,misc_com_redware_pitcher,Pitcher,m\Misc_Redware_Pitcher.NIF,Morrowind
m\Misc_Redware_Pitcher.tga,MiscItem,misc_com_redware_pitcher,Pitcher,m\Misc_Redware_Pitcher.NIF,Morrowind/Bloodmoon
m\Misc_Redware_Plate.tga,MiscItem,misc_com_redware_plate,Plate,m\Misc_Redware_Plate.NIF,Morrowind
m\Misc_Redware_Platter.tga,MiscItem,misc_com_redware_platter,Platter,m\Misc_Redware_Platter.NIF,Morrowind
m\Misc_Redware_Vase.tga,MiscItem,misc_com_redware_vase,Vase,m\Misc_Redware_Vase.NIF,Morrowind
m\Misc_Redware_Vase.tga,MiscItem,misc_com_redware_vase,Vase,m\Misc_Redware_Vase.NIF,Morrowind/Tribunal
m\Misc_Silverware_Bowl.tga,MiscItem,Misc_Imp_Silverware_Bowl,Silverware Bowl,m\Misc_Silverware_Bowl.NIF,Morrowind
m\Misc_Silverware_Bowl.tga,MiscItem,Misc_Imp_Silverware_Bowl,Silverware Bowl,m\Misc_Silverware_Bowl.NIF,Morrowind/Bloodmoon
m\Misc_Silverware_Bowl.tga,MiscItem,misc_Beluelle_silver_bowl,Beluelle's Silver bowl,m\Misc_Silverware_Bowl.NIF,Morrowind
m\Misc_Silverware_Cup.tga,MiscItem,misc_imp_silverware_cup,Silverware Cup,m\Misc_Silverware_Cup.NIF,Morrowind
m\Misc_Silverware_Cup.tga,MiscItem,misc_imp_silverware_cup,Silverware Cup,m\Misc_Silverware_Cup.NIF,Morrowind/Bloodmoon
m\Misc_Silverware_Cup_01.tga,MiscItem,Misc_Imp_Silverware_Cup_01,Silverware Cup,m\Misc_Silverware_Cup_01.NIF,Morrowind
m\Misc_Silverware_Pitcher.tga,MiscItem,misc_imp_silverware_pitcher,Silverware Pitcher,m\Misc_Silverware_Pitcher.NIF,Morrowind
m\Misc_Silverware_Pitcher.tga,MiscItem,misc_imp_silverware_pitcher,Silverware Pitcher,m\Misc_Silverware_Pitcher.NIF,Morrowind/Bloodmoon
m\Misc_Silverware_Pitcher.tga,MiscItem,misc_imp_silverware_pitcher_uni,Silverware Pitcher,m\Misc_Silverware_Pitcher.NIF,Morrowind/Tribunal
m\Misc_Silverware_Plate_01.tga,MiscItem,misc_imp_silverware_plate_01,Silverware Plate,m\Misc_Silverware_Plate_01.NIF,Morrowind
m\Misc_Silverware_Plate_01.tga,MiscItem,misc_imp_silverware_plate_01,Silverware Plate,m\Misc_Silverware_Plate_01.NIF,Morrowind/Bloodmoon
m\Misc_Silverware_Plate_02.tga,MiscItem,misc_imp_silverware_plate_02,Silverware Plate,m\Misc_Silverware_Plate_02.NIF,Morrowind
m\Misc_Silverware_Plate_02.tga,MiscItem,misc_imp_silverware_plate_02,Silverware Plate,m\Misc_Silverware_Plate_02.NIF,Morrowind/Bloodmoon
m\Misc_Silverware_Plate_03.tga,MiscItem,misc_imp_silverware_plate_03,Silverware Plate,m\Misc_Silverware_Plate_03.NIF,Morrowind
m\Misc_Silverware_Plate_03.tga,MiscItem,misc_imp_silverware_plate_03,Silverware Plate,m\Misc_Silverware_Plate_03.NIF,Morrowind/Bloodmoon
m\Misc_Uni_Pillow_02.tga,MiscItem,Misc_Uni_Pillow_02,Pillow,m\Misc_Uni_Pillow_02.NIF,Morrowind
m\Misc_de_bowl_white_01.tga,MiscItem,misc_de_bowl_white_01,Bowl,m\Misc_bowl_white_01.NIF,Morrowind
m\Misc_de_bowl_white_01.tga,MiscItem,misc_de_bowl_white_01,Bowl,m\Misc_bowl_white_01.NIF,Morrowind/Tribunal
m\Tx_BearHunt.dds,MiscItem,BM_bearheart_UNIQUE,Heart of the Spirit Bear,m\BM_BearHunt.NIF,Morrowind/Bloodmoon
m\Tx_ClawFang.dds,MiscItem,Misc_BM_ClawFang_UNIQUE,Totem of Claw and Fang,m\BM_Ceremony.nif,Morrowind/Bloodmoon
m\Tx_Gold_001.tga,MiscItem,Gold_001,Gold,m\Gold_001.NIF,Morrowind
m\Tx_Gold_001.tga,MiscItem,Gold_005,Gold,m\Gold_005.NIF,Morrowind
m\Tx_Gold_001.tga,MiscItem,Gold_010,Gold,m\Gold_010.NIF,Morrowind
m\Tx_Gold_001.tga,MiscItem,Gold_025,Gold,m\Gold_025.NIF,Morrowind
m\Tx_Gold_001.tga,MiscItem,Gold_100,Gold,m\Gold_100.NIF,Morrowind
m\Tx_Gold_001.tga,MiscItem,Gold_Dae_cursed_001,Gold,m\Gold_001.NIF,Morrowind
m\Tx_Gold_001.tga,MiscItem,Gold_Dae_cursed_005,Gold,m\Gold_005.NIF,Morrowind
m\Tx_Gold_001.tga,MiscItem,lucky_coin,Old Man's Lucky Coin,m\Gold_001.NIF,Morrowind
m\Tx_argonian_head_01.tga,MiscItem,misc_argonianhead_01,The Head Of Scourge,m\Misc_argonianhead_01.NIF,Morrowind
m\Tx_argonian_head_01.tga,MiscItem,misc_argonianhead_01,The Head Of Scourge,m\Misc_argonianhead_01.NIF,Morrowind/Bloodmoon
m\Tx_beaker_01.tga,MiscItem,misc_beaker_01,Beaker,m\Misc_beaker_01.nif,Morrowind
m\Tx_beaker_01.tga,MiscItem,misc_beaker_01,Beaker,m\Misc_beaker_01.nif,Morrowind/Bloodmoon
m\Tx_bittercup_01.tga,MiscItem,artifact_bittercup_01,Bittercup,m\Artifact_bittercup_01.NIF,Morrowind
m\Tx_bittercup_01.tga,MiscItem,artifact_bittercup_01,Bittercup,m\Artifact_bittercup_01.NIF,Morrowind/Tribunal
m\Tx_bowl_bugdesign_01.tga,MiscItem,misc_de_bowl_bugdesign_01,Decorative Bowl,m\Misc_bowl_bugdesign_01.NIF,Morrowind
m\Tx_bowl_bugdesign_01.tga,MiscItem,misc_de_bowl_bugdesign_01,Decorative Bowl,m\Misc_bowl_bugdesign_01.NIF,Morrowind/Tribunal
m\Tx_bowl_glass_peach_01.tga,MiscItem,misc_de_bowl_glass_peach_01,Peach Glass Bowl,m\Misc_bowl_glass_peach_01.NIF,Morrowind
m\Tx_bowl_glass_peach_01.tga,MiscItem,misc_de_bowl_glass_peach_01,Peach Glass Bowl,m\Misc_bowl_glass_peach_01.NIF,Morrowind/Bloodmoon
m\Tx_bowl_glass_peach_01.tga,MiscItem,misc_de_bowl_glass_peach_01,Peach Glass Bowl,m\Misc_bowl_glass_peach_01.NIF,Morrowind/Tribunal
m\Tx_bowl_glass_yellow_01.tga,MiscItem,misc_de_bowl_glass_yellow_01,Yellow Glass Bowl,m\Misc_bowl_glass_yellow_01.NIF,Morrowind
m\Tx_bowl_glass_yellow_01.tga,MiscItem,misc_de_bowl_glass_yellow_01,Yellow Glass Bowl,m\Misc_bowl_glass_yellow_01.NIF,Morrowind/Bloodmoon
m\Tx_bowl_orange_green_01.tga,MiscItem,misc_de_bowl_orange_green_01,Ceramic Bowl,m\Misc_bowl_orange_green_01.NIF,Morrowind
m\Tx_bowl_orange_green_01.tga,MiscItem,misc_de_bowl_orange_green_01,Ceramic Bowl,m\Misc_bowl_orange_green_01.NIF,Morrowind/Bloodmoon
m\Tx_bowl_redware_01.tga,MiscItem,misc_de_bowl_redware_01,Redware Bowl,m\Misc_bowl_redware_01.NIF,Morrowind
m\Tx_bowl_redware_01.tga,MiscItem,misc_de_bowl_redware_01,Redware Bowl,m\Misc_bowl_redware_01.NIF,Morrowind/Bloodmoon
m\Tx_bowl_redware_02.tga,MiscItem,misc_de_bowl_redware_02,Large Redware Bowl,m\Misc_bowl_redware_02.NIF,Morrowind
m\Tx_bowl_redware_02.tga,MiscItem,misc_de_bowl_redware_02,Large Redware Bowl,m\Misc_bowl_redware_02.NIF,Morrowind/Bloodmoon
m\Tx_bowl_redware_03.tga,MiscItem,misc_de_bowl_redware_03,Redware Bowl,m\Misc_bowl_redware_03.NIF,Morrowind
m\Tx_clothbolt_01.tga,MiscItem,misc_clothbolt_01,Bolt of Cloth,f\Furn_clothbolt_01.NIF,Morrowind
m\Tx_clothbolt_02.tga,MiscItem,misc_clothbolt_02,Bolt of Cloth,f\Furn_clothbolt_02.NIF,Morrowind
m\Tx_clothbolt_02.tga,MiscItem,misc_clothbolt_02_uni,Bolt of Cloth,f\Furn_clothbolt_02.NIF,Morrowind/Tribunal
m\Tx_clothbolt_03.tga,MiscItem,misc_clothbolt_03,Bolt of Cloth,f\Furn_clothbolt_03.NIF,Morrowind
m\Tx_de_drum_01.tga,MiscItem,misc_de_drum_01,Drum,m\Misc_de_drum_01.NIF,Morrowind
m\Tx_de_drum_01.tga,MiscItem,misc_de_drum_01,Drum,m\Misc_de_drum_01.NIF,Morrowind/Bloodmoon
m\Tx_de_drum_01.tga,MiscItem,misc_de_drum_02,Guarskin Drum,m\Misc_de_drum_02.NIF,Morrowind
m\Tx_de_lute_01.tga,MiscItem,misc_de_lute_01,Lute,m\Misc_de_lute_01.NIF,Morrowind
m\Tx_de_lute_01.tga,MiscItem,misc_de_lute_01_phat,Fat Lute,m\Misc_de_lute_01.NIF,Morrowind
m\Tx_flask_01.tga,MiscItem,misc_flask_01,Flask,m\Misc_flask_01.NIF,Morrowind
m\Tx_flask_01.tga,MiscItem,misc_flask_01,Flask,m\Misc_flask_01.NIF,Morrowind/Bloodmoon
m\Tx_flask_02.tga,MiscItem,misc_flask_02,Flask,m\Misc_flask_02.NIF,Morrowind
m\Tx_flask_03.tga,MiscItem,misc_flask_03,Flask,m\Misc_flask_03.NIF,Morrowind
m\Tx_flask_04.tga,MiscItem,misc_flask_04,Flask,m\Misc_flask_04.NIF,Morrowind
m\Tx_food_kwama_egg_02.tga,MiscItem,misc_uniq_egg_of_gold,Golden Egg,m\Misc_kwamaegg_gold_01.NIF,Morrowind
m\Tx_glass_green_01.tga,MiscItem,Misc_DE_glass_green_01,Green Glass,m\Misc_glass_green_01.NIF,Morrowind
m\Tx_glass_yellow_01.tga,MiscItem,misc_de_glass_yellow_01,Yellow Glass,m\Misc_glass_yellow_01.NIF,Morrowind
m\Tx_key_daedric.dds,MiscItem,key_hircine1,A Glowing Key,m\Key_Daedric_01.NIF,Morrowind/Bloodmoon
m\Tx_key_daedric.dds,MiscItem,key_hircine2,A Glowing Key,m\Key_Daedric_01.NIF,Morrowind/Bloodmoon
m\Tx_key_daedric.dds,MiscItem,key_hircine3,A Glowing Key,m\Key_Daedric_01.NIF,Morrowind/Bloodmoon
m\Tx_key_standard_01.tga,MiscItem,Key_Arano_chest,Key to Arano Tomb chest,m\Key_Standard_01.NIF,Morrowind
m\Tx_key_standard_01.tga,MiscItem,Key_Arano_door,Key to Arano Tomb Door,m\Key_Standard_01.NIF,Morrowind
m\Tx_key_standard_01.tga,MiscItem,Key_Dralas_chest,Key to Dralas chest,m\Key_Standard_01.NIF,Morrowind
m\Tx_key_standard_01.tga,MiscItem,Key_Dralas_tomb,Key to Dralas tomb,m\Key_Standard_01.NIF,Morrowind
m\Tx_key_standard_01.tga,MiscItem,Key_Gatekeeper,Gatekeeper's Key,m\Key_Standard_01.nif,Morrowind/Tribunal
m\Tx_key_standard_01.tga,MiscItem,Key_Gimothran_chest,Key to Gimothran chest,m\Key_Standard_01.NIF,Morrowind
m\Tx_key_standard_01.tga,MiscItem,Key_SN_Warehouse,Warehouse Key,m\Key_Standard_01.NIF,Morrowind
m\Tx_key_standard_01.tga,MiscItem,key_Aleft_chest,Key to Aleft chest,m\Key_Standard_01.NIF,Morrowind
m\Tx_key_standard_01.tga,MiscItem,key_Andalen_tomb,Key to Andalen tomb,m\Key_Standard_01.NIF,Morrowind
m\Tx_key_standard_01.tga,MiscItem,key_Andas_tomb,Key to Andas tomb,m\Key_Standard_01.NIF,Morrowind
m\Tx_key_standard_01.tga,MiscItem,key_Andavel_tomb,Key to Andavel tomb,m\Key_Standard_01.NIF,Morrowind
m\Tx_key_standard_01.tga,MiscItem,key_Andrethi_chest,Key to Andrethi tomb chest,m\Key_Standard_01.NIF,Morrowind
m\Tx_key_standard_01.tga,MiscItem,key_Andules_chest,Key to Andules chest,m\Key_Standard_01.NIF,Morrowind
m\Tx_key_standard_01.tga,MiscItem,key_Aralen,Key Aralen Tombs,m\Key_Standard_01.NIF,Morrowind
m\Tx_key_standard_01.tga,MiscItem,key_Aran_tomb,Key to Aran tomb,m\Key_Standard_01.NIF,Morrowind
m\Tx_key_standard_01.tga,MiscItem,key_Arenim,Arenim burial key,m\Key_Standard_01.NIF,Morrowind
m\Tx_key_standard_01.tga,MiscItem,key_Arenim_chest,Key to Arenim chest,m\Key_Standard_01.NIF,Morrowind
m\Tx_key_standard_01.tga,MiscItem,key_Arkngthunch_chest,Key to Arkngthunch chest,m\Key_Standard_01.NIF,Morrowind
m\Tx_key_standard_01.tga,MiscItem,key_Aryon_chest,Key to Aryon chest,m\Key_Standard_01.NIF,Morrowind
m\Tx_key_standard_01.tga,MiscItem,key_Ashirbadon,Old Key,m\Key_Standard_01.NIF,Morrowind
m\Tx_key_standard_01.tga,MiscItem,key_Baram_tomb,Key to Baram tomb,m\Key_Standard_01.NIF,Morrowind
m\Tx_key_standard_01.tga,MiscItem,key_Bols,Standard Key,m\Key_Standard_01.NIF,Morrowind/Tribunal
m\Tx_key_standard_01.tga,MiscItem,key_Brinne_chest,Key to Lord Brinne's chest,m\Key_Standard_01.NIF,Morrowind
m\Tx_key_standard_01.tga,MiscItem,key_Bthanchend_chest,Key to Bthanchend chest,m\Key_Standard_01.NIF,Morrowind
m\Tx_key_standard_01.tga,MiscItem,key_Bthuand,Key to Bthuand,m\Key_Standard_01.NIF,Morrowind
m\Tx_key_standard_01.tga,MiscItem,key_Dareleth_tomb,Key Dareleth tomb,m\Key_Standard_01.NIF,Morrowind
m\Tx_key_standard_01.tga,MiscItem,key_Dreloth_tomb,Key to Dreloth tomb,m\Key_Standard_01.NIF,Morrowind
m\Tx_key_standard_01.tga,MiscItem,key_Dura_gra-Bol,Dura gra-Bol's Key,m\Key_Standard_01.NIF,Morrowind
m\Tx_key_standard_01.tga,MiscItem,key_FQT,Worn Key,m\Key_Standard_01.NIF,Morrowind
m\Tx_key_standard_01.tga,MiscItem,key_Fadathram_tomb,Key to Fadathram tomb,m\Key_Standard_01.NIF,Morrowind
m\Tx_key_standard_01.tga,MiscItem,key_Falas_chest,Key to Falas Tomb chest,m\Key_Standard_01.NIF,Morrowind
m\Tx_key_standard_01.tga,MiscItem,key_Falas_tomb,Key to Falas tomb,m\Key_Standard_01.NIF,Morrowind
m\Tx_key_standard_01.tga,MiscItem,key_Favel_chest,Key to Favel Tomb chest,m\Key_Standard_01.NIF,Morrowind
m\Tx_key_standard_01.tga,MiscItem,key_Galom_Daeus,Key to Galom Daeus,m\Key_Standard_01.NIF,Morrowind
m\Tx_key_standard_01.tga,MiscItem,key_GatewayInnslaves_01,Gateway Inn Slave Key,m\Key_Standard_01.NIF,Morrowind
m\Tx_key_standard_01.tga,MiscItem,key_Gimothran,Key to Gimothran master burial,m\Key_Standard_01.NIF,Morrowind
m\Tx_key_standard_01.tga,MiscItem,key_Helas_tomb,Key to Helas tomb,m\Key_Standard_01.NIF,Morrowind
m\Tx_key_standard_01.tga,MiscItem,key_Heran,Key to Heran tomb door,m\Key_Standard_01.NIF,Morrowind
m\Tx_key_standard_01.tga,MiscItem,key_Ibardad,Plain key,m\Key_Standard_01.NIF,Morrowind
m\Tx_key_standard_01.tga,MiscItem,key_Ienith_chest,Key to Ienith chest,m\Key_Standard_01.NIF,Morrowind
m\Tx_key_standard_01.tga,MiscItem,key_Ienith_tomb,Key to Ienith tomb,m\Key_Standard_01.NIF,Morrowind
m\Tx_key_standard_01.tga,MiscItem,key_Indalen,Indalen's Key,m\Key_Standard_01.NIF,Morrowind/Tribunal
m\Tx_key_standard_01.tga,MiscItem,key_Indalen_tomb,Key to Indalen tomb,m\Key_Standard_01.NIF,Morrowind
m\Tx_key_standard_01.tga,MiscItem,key_Indaren,Rusty key into Indaren Tomb,m\Key_Standard_01.NIF,Morrowind
m\Tx_key_standard_01.tga,MiscItem,key_Lassnr_well,Lassnr's Well Key,m\Key_Standard_01.nif,Morrowind/Bloodmoon
m\Tx_key_standard_01.tga,MiscItem,key_Lleran_tomb,Key to Lleran tomb,m\Key_Standard_01.NIF,Morrowind
m\Tx_key_standard_01.tga,MiscItem,key_Llervu,Key to Llervu tomb,m\Key_Standard_01.NIF,Morrowind
m\Tx_key_standard_01.tga,MiscItem,key_Llethri,Llaro Llethri's Key,m\Key_Standard_01.NIF,Morrowind
m\Tx_key_standard_01.tga,MiscItem,key_Maren_tomb,Key to Maren tomb,m\Key_Standard_01.NIF,Morrowind
m\Tx_key_standard_01.tga,MiscItem,key_Mzahnch_chest,Key to Mzahnch chest,m\Key_Standard_01.NIF,Morrowind
m\Tx_key_standard_01.tga,MiscItem,key_Mzanchend_chest,Key to Mzanchend chest,m\Key_Standard_01.NIF,Morrowind
m\Tx_key_standard_01.tga,MiscItem,key_Mzuleft,Key to Mzuleft,m\Key_Standard_01.NIF,Morrowind
m\Tx_key_standard_01.tga,MiscItem,key_Nchardahrk,Key to Nchardahrk,m\Key_Standard_01.NIF,Morrowind
m\Tx_key_standard_01.tga,MiscItem,key_Nchardahrk_chest,Key to Nchardahrk chest,m\Key_Standard_01.NIF,Morrowind
m\Tx_key_standard_01.tga,MiscItem,key_Nelas_chest,Key to Nelas chest,m\Key_Standard_01.NIF,Morrowind
m\Tx_key_standard_01.tga,MiscItem,key_Nerano_chest,Key to Nerano chest,m\Key_Standard_01.NIF,Morrowind
m\Tx_key_standard_01.tga,MiscItem,key_Norvayn_chest,Key to Norvayn chest,m\Key_Standard_01.NIF,Morrowind
m\Tx_key_standard_01.tga,MiscItem,key_Norvayn_tomb,Key to Norvayn tomb,m\Key_Standard_01.NIF,Morrowind
m\Tx_key_standard_01.tga,MiscItem,key_Odibaal,Odibaal Outlaw's Key,m\Key_Standard_01.NIF,Morrowind
m\Tx_key_standard_01.tga,MiscItem,key_Odirniran,Key to Odirniran,m\Key_Standard_01.NIF,Morrowind
m\Tx_key_standard_01.tga,MiscItem,key_Omalen_tomb,Key to Omalen tomb,m\Key_Standard_01.NIF,Morrowind
m\Tx_key_standard_01.tga,MiscItem,key_Orethi_tomb,Key to Orethi tomb,m\Key_Standard_01.NIF,Morrowind
m\Tx_key_standard_01.tga,MiscItem,key_Othrelas_door,Key to Othrelas tomb door,m\Key_Standard_01.NIF,Morrowind
m\Tx_key_standard_01.tga,MiscItem,key_Palansour,Worn Key,m\Key_Standard_01.NIF,Morrowind
m\Tx_key_standard_01.tga,MiscItem,key_Private Quarters,Milo's Quarters Key,m\Key_Standard_01.NIF,Morrowind
m\Tx_key_standard_01.tga,MiscItem,key_Punsabanit,Large Key,m\Key_Standard_01.NIF,Morrowind
m\Tx_key_standard_01.tga,MiscItem,key_Ravel_chest,Key to Ravel chest,m\Key_Standard_01.NIF,Morrowind
m\Tx_key_standard_01.tga,MiscItem,key_Ravel_tomb,Key to Ravel tomb,m\Key_Standard_01.NIF,Morrowind
m\Tx_key_standard_01.tga,MiscItem,key_Raviro_tomb,Key to Raviro tomb,m\Key_Standard_01.NIF,Morrowind
m\Tx_key_standard_01.tga,MiscItem,key_Rothan_tomb,Key to Rothan tomb,m\Key_Standard_01.NIF,Morrowind
m\Tx_key_standard_01.tga,MiscItem,key_Rufinus_Alleius,Rufinus Alleius' Key,m\Key_Standard_01.NIF,Morrowind
m\Tx_key_standard_01.tga,MiscItem,key_Sadryon_tomb,Key to Sadryon tomb,m\Key_Standard_01.NIF,Morrowind
m\Tx_key_standard_01.tga,MiscItem,key_Salvel_chest,Key to Salvel chest,m\Key_Standard_01.NIF,Morrowind
m\Tx_key_standard_01.tga,MiscItem,key_Salvel_tomb,Key to Salvel tomb,m\Key_Standard_01.NIF,Morrowind
m\Tx_key_standard_01.tga,MiscItem,key_Sandas,Key to Nobleman's chest,m\Key_Standard_01.NIF,Morrowind
m\Tx_key_standard_01.tga,MiscItem,key_Sandas_tomb,Key to Sandas tomb,m\Key_Standard_01.NIF,Morrowind
m\Tx_key_standard_01.tga,MiscItem,key_Sarano_chest,Key to Sarano chest,m\Key_Standard_01.NIF,Morrowind
m\Tx_key_standard_01.tga,MiscItem,key_Sarano_tomb,Key to Sarano tomb,m\Key_Standard_01.NIF,Morrowind
m\Tx_key_standard_01.tga,MiscItem,key_Saren_chest,Key to Saren chest,m\Key_Standard_01.NIF,Morrowind
m\Tx_key_standard_01.tga,MiscItem,key_Saren_tomb,Key to Saren tomb,m\Key_Standard_01.NIF,Morrowind
m\Tx_key_standard_01.tga,MiscItem,key_Sarethi_tomb,Key to Sarethi tomb,m\Key_Standard_01.NIF,Morrowind
m\Tx_key_standard_01.tga,MiscItem,key_Sarys_chest,Sarys chest key,m\Key_Standard_01.nif,Morrowind
m\Tx_key_standard_01.tga,MiscItem,key_Savel_tomb,Key to Savel tomb,m\Key_Standard_01.NIF,Morrowind
m\Tx_key_standard_01.tga,MiscItem,key_Senim_chest,Key to Senim chest,m\Key_Standard_01.NIF,Morrowind
m\Tx_key_standard_01.tga,MiscItem,key_Suran_slave,Holding Cell Key,m\Key_Standard_01.NIF,Morrowind
m\Tx_key_standard_01.tga,MiscItem,key_TV_CT,Key to Imperial Museum Jail,m\Key_Standard_01.NIF,Morrowind
m\Tx_key_standard_01.tga,MiscItem,key_Thalas_tomb,Key to Thalas tomb,m\Key_Standard_01.NIF,Morrowind
m\Tx_key_standard_01.tga,MiscItem,key_Thelas_chest,Thelas chest key,m\Key_Standard_01.NIF,Morrowind
m\Tx_key_standard_01.tga,MiscItem,key_Thiralas_tomb,Key to Thiralas tomb,m\Key_Standard_01.NIF,Morrowind
m\Tx_key_standard_01.tga,MiscItem,key_Vandus_tomb,Key to Vandus tomb,m\Key_Standard_01.NIF,Morrowind
m\Tx_key_standard_01.tga,MiscItem,key_Venim,"Key engraved ""Venim""",m\Key_Standard_01.NIF,Morrowind
m\Tx_key_standard_01.tga,MiscItem,key_Verelnim_tomb,Key to Verelnim tomb,m\Key_Standard_01.NIF,Morrowind
m\Tx_key_standard_01.tga,MiscItem,key_WormLord_tomb,Key to Worm Lord's tomb,m\Key_Standard_01.NIF,Morrowind
m\Tx_key_standard_01.tga,MiscItem,key_abebaalslaves_01,Abebaal Slave Key,m\Key_Standard_01.NIF,Morrowind
m\Tx_key_standard_01.tga,MiscItem,key_addamasartusslaves_01,Addamasartus Slave Key,m\Key_Standard_01.NIF,Morrowind
m\Tx_key_standard_01.tga,MiscItem,key_adibael,Small Key,m\Key_Standard_01.NIF,Morrowind
m\Tx_key_standard_01.tga,MiscItem,key_aharunartusslaves_01,Aharunartus Slave Key,m\Key_Standard_01.NIF,Morrowind
m\Tx_key_standard_01.tga,MiscItem,key_ahnassi,Ahnassi's key,m\Key_Standard_01.NIF,Morrowind
m\Tx_key_standard_01.tga,MiscItem,key_aldruhn_underground,Small Key,m\Key_Standard_01.NIF,Morrowind
m\Tx_key_standard_01.tga,MiscItem,key_aldsotha,Small Key,m\Key_Standard_01.NIF,Morrowind
m\Tx_key_standard_01.tga,MiscItem,key_alvur,Alvur's Key,m\Key_Standard_01.NIF,Morrowind
m\Tx_key_standard_01.tga,MiscItem,key_anja,Anja's Key,m\Key_Standard_01.NIF,Morrowind
m\Tx_key_standard_01.tga,MiscItem,key_armigers_stronghold,Armigers Stronghold dungeon key,m\Key_Standard_01.NIF,Morrowind
m\Tx_key_standard_01.tga,MiscItem,key_arobarmanor_01,Arobar Manor Key,m\Key_Standard_01.NIF,Morrowind
m\Tx_key_standard_01.tga,MiscItem,key_arobarmanorguard_01,Arobar Manor Guard's Key,m\Key_Standard_01.NIF,Morrowind
m\Tx_key_standard_01.tga,MiscItem,key_arrile,Standard Key,m\Key_Standard_01.NIF,Morrowind
m\Tx_key_standard_01.tga,MiscItem,key_arvs-drelen_cell,Arvs-Drelen Cell Key,m\Key_Standard_01.NIF,Morrowind
m\Tx_key_standard_01.tga,MiscItem,key_assarnud,Simple Key,m\Key_Standard_01.NIF,Morrowind
m\Tx_key_standard_01.tga,MiscItem,key_assarnudslaves_01,Assarnud Slave Key,m\Key_Standard_01.NIF,Morrowind
m\Tx_key_standard_01.tga,MiscItem,key_assemanu_01,Rusty Key,m\Key_Standard_01.NIF,Morrowind
m\Tx_key_standard_01.tga,MiscItem,key_assi,Assi's Key,m\Key_Standard_01.NIF,Morrowind
m\Tx_key_standard_01.tga,MiscItem,key_assi_serimilk,Rusty Key,m\Key_Standard_01.NIF,Morrowind
m\Tx_key_standard_01.tga,MiscItem,key_aurane1,Aurane Frernis' Key,m\Key_Standard_01.NIF,Morrowind
m\Tx_key_standard_01.tga,MiscItem,key_balmorag_tong_01,Basement Key,m\Key_Standard_01.NIF,Morrowind
m\Tx_key_standard_01.tga,MiscItem,key_balmorag_tong_02,Storage Room Key,m\Key_Standard_01.NIF,Morrowind
m\Tx_key_standard_01.tga,MiscItem,key_berandas,Stolen Key,m\Key_Standard_01.NIF,Morrowind
m\Tx_key_standard_01.tga,MiscItem,key_bivaleteneran_01,Bivale Teneran's Key,m\Key_Standard_01.NIF,Morrowind
m\Tx_key_standard_01.tga,MiscItem,key_bolayn,Bolayne's chest key,m\Key_Standard_01.NIF,Morrowind
m\Tx_key_standard_01.tga,MiscItem,key_brallion,Brallion's Key,m\Key_Standard_01.NIF,Morrowind
m\Tx_key_standard_01.tga,MiscItem,key_cabin,Cabin Key,m\Key_Standard_01.NIF,Morrowind
m\Tx_key_standard_01.tga,MiscItem,key_calderaslaves_01,Caldera Slave Key,m\Key_Standard_01.NIF,Morrowind
m\Tx_key_standard_01.tga,MiscItem,key_camp,Iron Key,m\Key_Standard_01.NIF,Morrowind
m\Tx_key_standard_01.tga,MiscItem,key_caryarel,Caryarel's Key,m\Key_Standard_01.NIF,Morrowind
m\Tx_key_standard_01.tga,MiscItem,key_cell_buckmoth_01,Buckmoth Prison Cell Key,m\Key_Standard_01.NIF,Morrowind
m\Tx_key_standard_01.tga,MiscItem,key_cell_ebonheart_01,Hawkmoth Prison Cell Key,m\Key_Standard_01.NIF,Morrowind
m\Tx_key_standard_01.tga,MiscItem,key_chest_aryniorethi_01,Aryni Orethi's Key,m\Key_Standard_01.NIF,Morrowind
m\Tx_key_standard_01.tga,MiscItem,key_chest_avonravel_01,Hlormaren - Avon Ravel's Key,m\Key_Standard_01.NIF,Morrowind
m\Tx_key_standard_01.tga,MiscItem,key_chest_brilnosullarys_01,Hlormaren Wizard's Key,m\Key_Standard_01.NIF,Morrowind
m\Tx_key_standard_01.tga,MiscItem,key_chest_coduscallonus_01,Codus Callonus' Key,m\Key_Standard_01.NIF,Morrowind
m\Tx_key_standard_01.tga,MiscItem,key_chest_drinarvaryon_01,Drinar Varyon's Key,m\Key_Standard_01.NIF,Morrowind
m\Tx_key_standard_01.tga,MiscItem,key_ciennesintieve_01,Cienne Sintieve's Key,m\Key_Standard_01.NIF,Morrowind
m\Tx_key_standard_01.tga,MiscItem,key_desele,Bedroom Key,m\Key_Standard_01.NIF,Morrowind
m\Tx_key_standard_01.tga,MiscItem,key_divayth00,Divayth's 637th Key,m\Key_Standard_01.NIF,Morrowind
m\Tx_key_standard_01.tga,MiscItem,key_divayth01,Divayth's 678th Key,m\Key_Standard_01.NIF,Morrowind
m\Tx_key_standard_01.tga,MiscItem,key_divayth02,Divayth's 738th Key,m\Key_Standard_01.NIF,Morrowind
m\Tx_key_standard_01.tga,MiscItem,key_divayth03,Divayth's 802nd Key,m\Key_Standard_01.NIF,Morrowind
m\Tx_key_standard_01.tga,MiscItem,key_divayth04,Divayth's 897th Key,m\Key_Standard_01.NIF,Morrowind
m\Tx_key_standard_01.tga,MiscItem,key_divayth05,Divayth's 1008th Key,m\Key_Standard_01.NIF,Morrowind
m\Tx_key_standard_01.tga,MiscItem,key_divayth06,Divayth's 1092nd Key,m\Key_Standard_01.NIF,Morrowind
m\Tx_key_standard_01.tga,MiscItem,key_divayth07,Divayth's 1155th Key,m\Key_Standard_01.NIF,Morrowind
m\Tx_key_standard_01.tga,MiscItem,key_divayth_fyr,Divayth Fyr's Key,m\Key_Standard_01.NIF,Morrowind
m\Tx_key_standard_01.tga,MiscItem,key_door_Mudan00,Key to Mudan Dwemer Vault,m\Key_Standard_01.NIF,Morrowind
m\Tx_key_standard_01.tga,MiscItem,key_dralor,Guldrise Dralor's Key,m\Key_Standard_01.NIF,Morrowind
m\Tx_key_standard_01.tga,MiscItem,key_draramu,Standard Key,m\Key_Standard_01.NIF,Morrowind
m\Tx_key_standard_01.tga,MiscItem,key_drarayne_thelas,Storage Key,m\Key_Standard_01.nif,Morrowind
m\Tx_key_standard_01.tga,MiscItem,key_dren_manor,Dren's Manor Key,m\Key_Standard_01.NIF,Morrowind
m\Tx_key_standard_01.tga,MiscItem,key_dren_storage,Dren's Storage Sack Key,m\Key_Standard_01.NIF,Morrowind
m\Tx_key_standard_01.tga,MiscItem,key_drenplantationslaves_01,Dren Plantation Slave Key,m\Key_Standard_01.NIF,Morrowind
m\Tx_key_standard_01.tga,MiscItem,key_dreynos,Dreynos Elvul's Key,m\Key_Standard_01.NIF,Morrowind
m\Tx_key_standard_01.tga,MiscItem,key_dulnea_ralaal,Storeroom Key,m\Key_Standard_01.NIF,Morrowind
m\Tx_key_standard_01.tga,MiscItem,key_dumbuk_strongbox,Dumbuk's Strongbox Key,m\Key_Standard_01.NIF,Morrowind
m\Tx_key_standard_01.tga,MiscItem,key_durgok,Durgok's key,m\Key_Standard_01.NIF,Morrowind/Tribunal
m\Tx_key_standard_01.tga,MiscItem,key_dwe_satchel00,Rusty Dwemer Key,m\Key_Standard_01.NIF,Morrowind/Tribunal
m\Tx_key_standard_01.tga,MiscItem,key_ebon_tomb,Shrine Key,m\Key_Standard_01.NIF,Morrowind
m\Tx_key_standard_01.tga,MiscItem,key_eldafire,Small Key,m\Key_Standard_01.NIF,Morrowind
m\Tx_key_standard_01.tga,MiscItem,key_eldrar,Simple Key,m\Key_Standard_01.NIF,Morrowind
m\Tx_key_standard_01.tga,MiscItem,key_elmussadamori,Abebaal Slave Key,m\Key_Standard_01.NIF,Morrowind
m\Tx_key_standard_01.tga,MiscItem,key_erich,Erich the Unworthy's Key,m\Key_Standard_01.nif,Morrowind/Bloodmoon
m\Tx_key_standard_01.tga,MiscItem,key_falas tomb keepers,Preserved Ancient Key,m\Key_Standard_01.NIF,Morrowind
m\Tx_key_standard_01.tga,MiscItem,key_falas tomb keepers_2,Tomb Door Key,m\Key_Standard_01.NIF,Morrowind
m\Tx_key_standard_01.tga,MiscItem,key_fals,Dagoth Fals's Key,m\Key_Standard_01.NIF,Morrowind
m\Tx_key_standard_01.tga,MiscItem,key_farusea_salas,Worn Key,m\Key_Standard_01.NIF,Morrowind
m\Tx_key_standard_01.tga,MiscItem,key_fedar,Worn Key,m\Key_Standard_01.NIF,Morrowind
m\Tx_key_standard_01.tga,MiscItem,key_fetid_dreugh_grotto,Preserved Ancient Key,m\Key_Standard_01.NIF,Morrowind
m\Tx_key_standard_01.tga,MiscItem,key_fg_nchur,Ancient Dwemer Door Key,m\Key_Standard_01.NIF,Morrowind
m\Tx_key_standard_01.tga,MiscItem,key_galmis,Dagoth Galmis's Key,m\Key_Standard_01.NIF,Morrowind
m\Tx_key_standard_01.tga,MiscItem,key_gen_tomb,Tomb Door Key,m\Key_Standard_01.NIF,Morrowind
m\Tx_key_standard_01.tga,MiscItem,key_gindrala,Standard Key,m\Key_Standard_01.NIF,Morrowind
m\Tx_key_standard_01.tga,MiscItem,key_gnisis_eggmine,Gnisis Eggmine Key,m\Key_Standard_01.NIF,Morrowind
m\Tx_key_standard_01.tga,MiscItem,key_gro-bagrat,Basement Key,m\Key_Standard_01.NIF,Morrowind
m\Tx_key_standard_01.tga,MiscItem,key_gshipwreck,A Simple Key,m\Key_Standard_01.NIF,Morrowind
m\Tx_key_standard_01.tga,MiscItem,key_gustav_chest,Key to Gustav's chest,m\Key_Standard_01.nif,Morrowind/Bloodmoon
m\Tx_key_standard_01.tga,MiscItem,key_gyldenhul,Key to Gyldenhul,m\Key_Standard_01.NIF,Morrowind/Bloodmoon
m\Tx_key_standard_01.tga,MiscItem,key_habinbaesslaves_01,Habinbaes Slave Key,m\Key_Standard_01.NIF,Morrowind
m\Tx_key_standard_01.tga,MiscItem,key_hanarai_assutlanipal,Small Key,m\Key_Standard_01.NIF,Morrowind
m\Tx_key_standard_01.tga,MiscItem,key_hasphat_antabolis,Hasphat Antabolis' Key,m\Key_Standard_01.NIF,Morrowind
m\Tx_key_standard_01.tga,MiscItem,key_hasphat_antabolis2,Small Key,m\Key_Standard_01.NIF,Morrowind
m\Tx_key_standard_01.tga,MiscItem,key_helvi,Helvi's Key,m\Key_Standard_01.NIF,Morrowind
m\Tx_key_standard_01.tga,MiscItem,key_hinnabi,Simple Key,m\Key_Standard_01.NIF,Morrowind
m\Tx_key_standard_01.tga,MiscItem,key_hinnabislaves_01,Hinnabi Slave Key,m\Key_Standard_01.NIF,Morrowind
m\Tx_key_standard_01.tga,MiscItem,key_hlaalo_manor,Hlaalo Manor Key,m\Key_Standard_01.NIF,Morrowind
m\Tx_key_standard_01.tga,MiscItem,key_hlormarenslaves_01,Hlormaren Slave Key,m\Key_Standard_01.NIF,Morrowind
m\Tx_key_standard_01.tga,MiscItem,key_hodlismod,Simple Key,m\Key_Standard_01.NIF,Morrowind
m\Tx_key_standard_01.tga,MiscItem,key_huleen's_hut,Key to Huleen's Hut,m\Key_Standard_01.NIF,Morrowind
m\Tx_key_standard_01.tga,MiscItem,key_ienasa,Ienasa Radas's Key,m\Key_Standard_01.NIF,Morrowind
m\Tx_key_standard_01.tga,MiscItem,key_impcomsecrdoor,Worn Imperial Key,m\Key_Standard_01.NIF,Morrowind
m\Tx_key_standard_01.tga,MiscItem,key_irgola,Simple Key,m\Key_Standard_01.NIF,Morrowind
m\Tx_key_standard_01.tga,MiscItem,key_itar,Itar's Key,m\Key_Standard_01.NIF,Morrowind
m\Tx_key_standard_01.tga,MiscItem,key_ivrosa,Ivrosa Verethi's Key,m\Key_Standard_01.NIF,Morrowind
m\Tx_key_standard_01.tga,MiscItem,key_j'zhirr,J'zhirr's Key,m\Key_Standard_01.NIF,Morrowind
m\Tx_key_standard_01.tga,MiscItem,key_jeanne,Jeanne's Key,m\Key_Standard_01.NIF,Morrowind
m\Tx_key_standard_01.tga,MiscItem,key_kagouti_colony,Rusty Key,m\Key_Standard_01.NIF,Morrowind
m\Tx_key_standard_01.tga,MiscItem,key_keelraniur,Small Key,m\Key_Standard_01.NIF,Morrowind
m\Tx_key_standard_01.tga,MiscItem,key_kind,Kind's Key,m\Key_Standard_01.NIF,Morrowind
m\Tx_key_standard_01.tga,MiscItem,key_kogoruhn_sewer,Lower Kogoruhn Key,m\Key_Standard_01.NIF,Morrowind
m\Tx_key_standard_01.tga,MiscItem,key_kudanatslaves_01,Kudanat Slave Key,m\Key_Standard_01.NIF,Morrowind
m\Tx_key_standard_01.tga,MiscItem,key_llethervari_01,Llether Vari's Key,m\Key_Standard_01.NIF,Morrowind
m\Tx_key_standard_01.tga,MiscItem,key_llethrimanor_01,Llethri Manor Key,m\Key_Standard_01.NIF,Morrowind
m\Tx_key_standard_01.tga,MiscItem,key_madach_room,Madach Room Key,m\Key_Standard_01.NIF,Morrowind
m\Tx_key_standard_01.tga,MiscItem,key_malpenixblonia_01,Malpenix Blonia's Key,m\Key_Standard_01.NIF,Morrowind
m\Tx_key_standard_01.tga,MiscItem,key_marvani_tomb,"An old, ashy key",m\Key_Standard_01.NIF,Morrowind
m\Tx_key_standard_01.tga,MiscItem,key_maryn,Maren House Key,m\Key_Standard_01.NIF,Morrowind/Bloodmoon
m\Tx_key_standard_01.tga,MiscItem,key_mebastien,Mebastien's Key,m\Key_Standard_01.NIF,Morrowind
m\Tx_key_standard_01.tga,MiscItem,key_menta_na,Menta Na's Key,m\Key_Standard_01.NIF,Morrowind
m\Tx_key_standard_01.tga,MiscItem,key_mette,Mette's Key,m\Key_Standard_01.NIF,Morrowind
m\Tx_key_standard_01.tga,MiscItem,key_miles,Shiny Key,m\Key_Standard_01.NIF,Morrowind
m\Tx_key_standard_01.tga,MiscItem,key_minabi,Simple Key,m\Key_Standard_01.NIF,Morrowind
m\Tx_key_standard_01.tga,MiscItem,key_minabislaves_01,Minabi Slave Key,m\Key_Standard_01.NIF,Morrowind
m\Tx_key_standard_01.tga,MiscItem,key_ministry_cells,Ministry of Truth Cell Key,m\Key_Standard_01.NIF,Morrowind
m\Tx_key_standard_01.tga,MiscItem,key_ministry_ext,Ministry of Truth Key,m\Key_Standard_01.NIF,Morrowind
m\Tx_key_standard_01.tga,MiscItem,key_ministry_sectors,Ministry of Truth Sector Key,m\Key_Standard_01.NIF,Morrowind
m\Tx_key_standard_01.tga,MiscItem,key_miun_gei,Shiny Key,m\Key_Standard_01.NIF,Morrowind
m\Tx_key_standard_01.tga,MiscItem,key_molagmarslaves_01,Molag Mar Slave Key,m\Key_Standard_01.NIF,Morrowind
m\Tx_key_standard_01.tga,MiscItem,key_morvaynmanor,Morvayn Manor Key,m\Key_Standard_01.NIF,Morrowind
m\Tx_key_standard_01.tga,MiscItem,key_murudius_01,Murudius' Key,m\Key_Standard_01.NIF,Morrowind
m\Tx_key_standard_01.tga,MiscItem,key_nedhelas,Nedhelas' key,m\Key_Standard_01.NIF,Morrowind
m\Tx_key_standard_01.tga,MiscItem,key_nelothtelnaga,Key to Tel Naga,m\Key_Standard_01.NIF,Morrowind
m\Tx_key_standard_01.tga,MiscItem,key_nelothtelnaga2,Key to Tel Naga,m\Key_Standard_01.NIF,Morrowind
m\Tx_key_standard_01.tga,MiscItem,key_nelothtelnaga3,Key to Tel Naga,m\Key_Standard_01.NIF,Morrowind
m\Tx_key_standard_01.tga,MiscItem,key_nelothtelnaga4,Key to Tel Naga,m\Key_Standard_01.NIF,Morrowind
m\Tx_key_standard_01.tga,MiscItem,key_neranomanor,Key to Nerano Manor,m\Key_Standard_01.NIF,Morrowind
m\Tx_key_standard_01.tga,MiscItem,key_nileno_dorvayn,Small Key,m\Key_Standard_01.NIF,Morrowind
m\Tx_key_standard_01.tga,MiscItem,key_nuncius,Nuncius' key,m\Key_Standard_01.NIF,Morrowind/Bloodmoon
m\Tx_key_standard_01.tga,MiscItem,key_nuncius2,Nuncius' key,m\Key_Standard_01.NIF,Morrowind/Bloodmoon
m\Tx_key_standard_01.tga,MiscItem,key_nund,Simple Key,m\Key_Standard_01.NIF,Morrowind
m\Tx_key_standard_01.tga,MiscItem,key_obscure_alit_warren,Worn Key,m\Key_Standard_01.NIF,Morrowind
m\Tx_key_standard_01.tga,MiscItem,key_odral_helvi,Odral Helvi's Key,m\Key_Standard_01.NIF,Morrowind
m\Tx_key_standard_01.tga,MiscItem,key_odros,Dagoth Odros's Key,m\Key_Standard_01.NIF,Morrowind
m\Tx_key_standard_01.tga,MiscItem,key_olms_storage,St. Olms Storage Room Key,m\Key_Standard_01.NIF,Morrowind
m\Tx_key_standard_01.tga,MiscItem,key_oritius,A Small Key,m\Key_Standard_01.NIF,Morrowind
m\Tx_key_standard_01.tga,MiscItem,key_orvas_dren,Orvas Dren's Key,m\Key_Standard_01.NIF,Morrowind
m\Tx_key_standard_01.tga,MiscItem,key_panatslaves_01,Panat Slave Key,m\Key_Standard_01.NIF,Morrowind
m\Tx_key_standard_01.tga,MiscItem,key_pellecia aurrus,Redoran Iron Key,m\Key_Standard_01.NIF,Morrowind
m\Tx_key_standard_01.tga,MiscItem,key_persius mercius,Iron Key,m\Key_Standard_01.NIF,Morrowind
m\Tx_key_standard_01.tga,MiscItem,key_pirate,Pirate Captain's Key,m\Key_Standard_01.NIF,Morrowind/Bloodmoon
m\Tx_key_standard_01.tga,MiscItem,key_ra'zhid,Simple Key,m\Key_Standard_01.NIF,Morrowind
m\Tx_key_standard_01.tga,MiscItem,key_ralen_hlaalo,Small Key,m\Key_Standard_01.NIF,Morrowind
m\Tx_key_standard_01.tga,MiscItem,key_redoran_basic,Redoran Iron Key,m\Key_Standard_01.NIF,Morrowind
m\Tx_key_standard_01.tga,MiscItem,key_redoran_treasury,Dralor Treasury Key,m\Key_Standard_01.NIF,Morrowind
m\Tx_key_standard_01.tga,MiscItem,key_relien_rirne,Small Key,m\Key_Standard_01.NIF,Morrowind
m\Tx_key_standard_01.tga,MiscItem,key_rotheranslaves_01,Rotheran Slave Key,m\Key_Standard_01.NIF,Morrowind
m\Tx_key_standard_01.tga,MiscItem,key_rothran,Slave Cell Key,m\Key_Standard_01.NIF,Morrowind
m\Tx_key_standard_01.tga,MiscItem,key_sadrithmoraslaves_01,Sadrith Mora Slave Key,m\Key_Standard_01.NIF,Morrowind
m\Tx_key_standard_01.tga,MiscItem,key_saetring,Small Key,m\Key_Standard_01.NIF,Morrowind
m\Tx_key_standard_01.tga,MiscItem,key_sarethimanor_01,Llethri Manor Key,m\Key_Standard_01.NIF,Morrowind
m\Tx_key_standard_01.tga,MiscItem,key_saturanslaves_01,Saturan Slave Key,m\Key_Standard_01.NIF,Morrowind
m\Tx_key_standard_01.tga,MiscItem,key_savilecagekey,Savile's Slavepod Key,m\Key_Standard_01.NIF,Morrowind
m\Tx_key_standard_01.tga,MiscItem,key_savilecagekey02,Savile's Slavepod Key,m\Key_Standard_01.NIF,Morrowind
m\Tx_key_standard_01.tga,MiscItem,key_sethan,Llorayna Sethan's Key,m\Key_Standard_01.NIF,Morrowind
m\Tx_key_standard_01.tga,MiscItem,key_shaadnius,Sha-Adnius  Key,m\Key_Standard_01.NIF,Morrowind
m\Tx_key_standard_01.tga,MiscItem,key_shaadniusslaves_01,Sha-Adnius Slave Key,m\Key_Standard_01.NIF,Morrowind
m\Tx_key_standard_01.tga,MiscItem,key_shashev,Shashev's Key,m\Key_Standard_01.NIF,Morrowind
m\Tx_key_standard_01.tga,MiscItem,key_shilipuran,Shilipuran's Key,m\Key_Standard_01.NIF,Morrowind
m\Tx_key_standard_01.tga,MiscItem,key_shipwreck9-11,Rusty Key,m\Key_Standard_01.NIF,Morrowind
m\Tx_key_standard_01.tga,MiscItem,key_shushanslaves_01,Shushan Slave Key,m\Key_Standard_01.NIF,Morrowind
m\Tx_key_standard_01.tga,MiscItem,key_shushishi,Bandit's Key,m\Key_Standard_01.NIF,Morrowind
m\Tx_key_standard_01.tga,MiscItem,key_shushishislaves,Slave key,m\Key_Standard_01.NIF,Morrowind
m\Tx_key_standard_01.tga,MiscItem,key_sinsibadonslaves_01,Sinsibadon Slave Key,m\Key_Standard_01.NIF,Morrowind
m\Tx_key_standard_01.tga,MiscItem,key_sirilonwe,Sirilonwe's Key,m\Key_Standard_01.NIF,Morrowind
m\Tx_key_standard_01.tga,MiscItem,key_skeleton,Rusty Key,m\Key_Standard_01.NIF,Morrowind
m\Tx_key_standard_01.tga,MiscItem,key_slave_addamasartus,Addamasartus Slave Key,m\Key_Standard_01.NIF,Morrowind
m\Tx_key_standard_01.tga,MiscItem,key_standard_01,Standard Key,m\Key_Standard_01.NIF,Morrowind
m\Tx_key_standard_01.tga,MiscItem,key_standard_01_darvam hlaren,Darvam Hlaren's Key,m\Key_Standard_01.NIF,Morrowind
m\Tx_key_standard_01.tga,MiscItem,key_standard_01_hassour zainsub,Standard Key,m\Key_Standard_01.NIF,Morrowind
m\Tx_key_standard_01.tga,MiscItem,key_standard_01_pel_fort_prison,Fort Pelagiad Prison Key,m\Key_Standard_01.NIF,Morrowind
m\Tx_key_standard_01.tga,MiscItem,key_standard_01_pel_guard_tower,Pelagiad Guard Tower Key,m\Key_Standard_01.NIF,Morrowind
m\Tx_key_standard_01.tga,MiscItem,key_standard_darius_chest,Chest Key,m\Key_Standard_01.NIF,Morrowind
m\Tx_key_standard_01.tga,MiscItem,key_suranslaves_01,Suran Slave Key,m\Key_Standard_01.NIF,Morrowind
m\Tx_key_standard_01.tga,MiscItem,key_table_Mudan00,Dwemer key to table in Mudan,m\Key_Standard_01.NIF,Morrowind
m\Tx_key_standard_01.tga,MiscItem,key_telaruhnslaves_01,Tel Aruhn Slave Key,m\Key_Standard_01.NIF,Morrowind
m\Tx_key_standard_01.tga,MiscItem,key_telbranoraslaves_01,Tel Branora Slave Key,m\Key_Standard_01.NIF,Morrowind
m\Tx_key_standard_01.tga,MiscItem,key_telbranoratower,Simple Key,m\Key_Standard_01.NIF,Morrowind
m\Tx_key_standard_01.tga,MiscItem,key_telvosjailslaves_01,Tel Vos Jail Slave Key,m\Key_Standard_01.NIF,Morrowind
m\Tx_key_standard_01.tga,MiscItem,key_tgbt,Nads Tharen's Key,m\Key_Standard_01.NIF,Morrowind
m\Tx_key_standard_01.tga,MiscItem,key_thendas,Thendas key,m\Key_Standard_01.NIF,Morrowind/Tribunal
m\Tx_key_standard_01.tga,MiscItem,key_thorek,Thorek's Key,m\Key_Standard_01.nif,Morrowind
m\Tx_key_standard_01.tga,MiscItem,key_tukushapal_1,Rusty Old Key,m\Key_Standard_01.NIF,Morrowind
m\Tx_key_standard_01.tga,MiscItem,key_tureynul,Dagoth Tureynul's key,m\Key_Standard_01.NIF,Morrowind
m\Tx_key_standard_01.tga,MiscItem,key_tuvesobeleth_01,Tuveso Beleth's Key,m\Key_Standard_01.NIF,Morrowind
m\Tx_key_standard_01.tga,MiscItem,key_ulvil,Ulvil's Key,m\Key_Standard_01.NIF,Morrowind
m\Tx_key_standard_01.tga,MiscItem,key_varoprivate,Private Quarters Key,m\Key_Standard_01.NIF,Morrowind
m\Tx_key_standard_01.tga,MiscItem,key_varostorage,Key to Varo Tradehouse Storage,m\Key_Standard_01.NIF,Morrowind
m\Tx_key_standard_01.tga,MiscItem,key_velas,A worn key,m\Key_Standard_01.NIF,Morrowind/Tribunal
m\Tx_key_standard_01.tga,MiscItem,key_venimmanor,Venim Manor Key,m\Key_Standard_01.NIF,Morrowind
m\Tx_key_standard_01.tga,MiscItem,key_viveclizardheadslave_01,Lizard's Head Slave Key,m\Key_Standard_01.NIF,Morrowind
m\Tx_key_standard_01.tga,MiscItem,key_vivectelvannislaves_01,Telvanni Canalworks Slave Key,m\Key_Standard_01.NIF,Morrowind
m\Tx_key_standard_01.tga,MiscItem,key_volrina_01,Volrina Quarra's Key,m\Key_Standard_01.NIF,Morrowind
m\Tx_key_standard_01.tga,MiscItem,key_vorarhelas,Vorar Helas' Key,m\Key_Standard_01.NIF,Morrowind
m\Tx_key_standard_01.tga,MiscItem,key_widow_vabdas,Widow Vabdas' Key,m\Key_Standard_01.NIF,Morrowind
m\Tx_key_standard_01.tga,MiscItem,key_yagram,Yagrum's Key,m\Key_Standard_01.NIF,Morrowind
m\Tx_key_standard_01.tga,MiscItem,key_yakanalitslaves_01,Yakanalit Slave Key,m\Key_Standard_01.NIF,Morrowind
m\Tx_key_standard_01.tga,MiscItem,key_yinglingbasement,Yngling Manor Basement Key,m\Key_Standard_01.NIF,Morrowind
m\Tx_key_standard_01.tga,MiscItem,key_zainsipiluslaves_01,Zainsipilu Slave Key,m\Key_Standard_01.NIF,Morrowind
m\Tx_key_standard_01.tga,MiscItem,key_zebabislaves_01,Zebabi Slave Key,m\Key_Standard_01.NIF,Morrowind
m\Tx_key_standard_01.tga,MiscItem,mamaea cell key,Crude Bronze Key,m\Key_Standard_01.NIF,Morrowind
m\Tx_key_standard_01.tga,MiscItem,mamaea quarters key,Small Shiny Key,m\Key_Standard_01.NIF,Morrowind
m\Tx_key_temple_01.tga,MiscItem,key_Andalen_chest,Key to Andalen chest,m\Key_Temple_01.NIF,Morrowind
m\Tx_key_temple_01.tga,MiscItem,key_Ashmelech,Key to Asmelech,m\Key_Temple_01.NIF,Morrowind
m\Tx_key_temple_01.tga,MiscItem,key_Ashmelech_chest,Key to Asmelech chest,m\Key_Temple_01.NIF,Morrowind
m\Tx_key_temple_01.tga,MiscItem,key_Dubdilla,Old Key,m\Key_Temple_01.NIF,Morrowind
m\Tx_key_temple_01.tga,MiscItem,key_Forge of Rolamus,Ancient daedric Key,m\Key_Temple_01.NIF,Morrowind
m\Tx_key_temple_01.tga,MiscItem,key_Gimothran_tomb,Key to Gimothran tomb,m\Key_Temple_01.NIF,Morrowind
m\Tx_key_temple_01.tga,MiscItem,key_Mudan_Dragon,Dwemer Guardian Key,m\Key_Temple_01.NIF,Morrowind
m\Tx_key_temple_01.tga,MiscItem,key_Nchuleftingth,Key to Nchuleftingth,m\Key_Temple_01.NIF,Morrowind
m\Tx_key_temple_01.tga,MiscItem,key_Nchuleftingth_chest,Key to Nchuleftingth chest,m\Key_Temple_01.NIF,Morrowind
m\Tx_key_temple_01.tga,MiscItem,key_Omaren_chest,Key to Omaren chest,m\Key_Temple_01.NIF,Morrowind
m\Tx_key_temple_01.tga,MiscItem,key_Rethandus_chest,Key to Rethandus chest,m\Key_Temple_01.NIF,Morrowind
m\Tx_key_temple_01.tga,MiscItem,key_Rethandus_tomb,Key to Rethandus tomb,m\Key_Temple_01.NIF,Morrowind
m\Tx_key_temple_01.tga,MiscItem,key_Senim_tomb,An old tomb key,m\Key_Temple_01.NIF,Morrowind
m\Tx_key_temple_01.tga,MiscItem,key_Tharys_chest,Tharys chest key,m\Key_Temple_01.NIF,Morrowind
m\Tx_key_temple_01.tga,MiscItem,key_ald_redaynia,Chest Key,m\Key_Temple_01.NIF,Morrowind
m\Tx_key_temple_01.tga,MiscItem,key_archcanon_private,Archcanon's Private Key,m\Key_Temple_01.NIF,Morrowind
m\Tx_key_temple_01.tga,MiscItem,key_ashalmawia_prisoncell,Ancient daedric Key,m\Key_Temple_01.NIF,Morrowind
m\Tx_key_temple_01.tga,MiscItem,key_ashurninibi,Ancient daedric Key,m\Key_Temple_01.NIF,Morrowind
m\Tx_key_temple_01.tga,MiscItem,key_ashurninibi_lost,"Ancient, rusted Daedric Key",m\Key_Temple_01.NIF,Morrowind
m\Tx_key_temple_01.tga,MiscItem,key_assemanu_02,Old Key,m\Key_Temple_01.NIF,Morrowind
m\Tx_key_temple_01.tga,MiscItem,key_caius_cosades,Caius Cosades' Key,m\Key_Temple_01.NIF,Morrowind
m\Tx_key_temple_01.tga,MiscItem,key_dawnvault,Tower of Dawn Vault Key,m\Key_Temple_01.nif,Morrowind
m\Tx_key_temple_01.tga,MiscItem,key_duskvault,Tower of Dusk Vault Key,m\Key_Temple_01.nif,Morrowind
m\Tx_key_temple_01.tga,MiscItem,key_falaanamo,Old Key,m\Key_Temple_01.NIF,Morrowind
m\Tx_key_temple_01.tga,MiscItem,key_hvaults1,Hlaalu Vaults Outer Key,m\Key_Temple_01.nif,Morrowind
m\Tx_key_temple_01.tga,MiscItem,key_hvaults2,Hlaalu Vaults Inner Key,m\Key_Temple_01.nif,Morrowind
m\Tx_key_temple_01.tga,MiscItem,key_ibardad_tomb,"Ancient, rusted Daedric Key",m\Key_Temple_01.NIF,Morrowind
m\Tx_key_temple_01.tga,MiscItem,key_omani_01,Omani Manor Key,m\Key_Temple_01.NIF,Morrowind
m\Tx_key_temple_01.tga,MiscItem,key_rvaults1,Upper Redoran Vault Key,m\Key_Temple_01.nif,Morrowind
m\Tx_key_temple_01.tga,MiscItem,key_saryoni,Saryoni's Key,m\Key_Temple_01.NIF,Morrowind
m\Tx_key_temple_01.tga,MiscItem,key_summoning_room,Summoning Room Key,m\Key_Temple_01.NIF,Morrowind
m\Tx_key_temple_01.tga,MiscItem,key_tel_aruhn_slave1,Imayn Slave Cage Key,m\Key_Temple_01.NIF,Morrowind
m\Tx_key_temple_01.tga,MiscItem,key_temple_01,Temple Key,m\Key_Temple_01.NIF,Morrowind
m\Tx_key_temple_01.tga,MiscItem,key_trib_dwe00,Dwemer key,m\Key_Temple_01.nif,Morrowind/Tribunal
m\Tx_key_temple_01.tga,MiscItem,key_trib_dwe01,Dwemer key,m\Key_Temple_01.nif,Morrowind/Tribunal
m\Tx_key_temple_01.tga,MiscItem,key_trib_dwe02,Dwemer key,m\Key_Temple_01.nif,Morrowind/Tribunal
m\Tx_key_temple_01.tga,MiscItem,key_tvault,Telvanni Vault Key,m\Key_Temple_01.nif,Morrowind
m\Tx_key_temple_01.tga,MiscItem,key_vivec_arena_cell,Arena Cell Key,m\Key_Temple_01.NIF,Morrowind
m\Tx_key_temple_01.tga,MiscItem,key_vivec_hlaalu_cell,Hlaalu Compound Cell Key,m\Key_Temple_01.NIF,Morrowind
m\Tx_key_temple_01.tga,MiscItem,key_vivec_redoran_cell,Redoran Compound Cell Key,m\Key_Temple_01.NIF,Morrowind
m\Tx_key_temple_01.tga,MiscItem,key_vivec_secret,Secret Palace Entrance Key,m\Key_Temple_01.NIF,Morrowind
m\Tx_key_temple_01.tga,MiscItem,key_vivec_telvanni_cell,Telvanni Compound Cell Key,m\Key_Temple_01.NIF,Morrowind
m\Tx_key_temple_01.tga,MiscItem,ministry_truth_ext,Ministry of Truth Entrance,m\Key_Temple_01.NIF,Morrowind
m\Tx_muck_shovel_01.tga,MiscItem,misc_de_muck_shovel_01,Muck Shovel,m\Misc_muck_shovel_01.NIF,Morrowind
m\Tx_pot_blue_01.tga,MiscItem,misc_de_pot_blue_01,Blue Glass Pot,m\Misc_pot_blue_01.NIF,Morrowind
m\Tx_pot_blue_01.tga,MiscItem,misc_de_pot_blue_01,Blue Glass Pot,m\Misc_pot_blue_01.NIF,Morrowind/Tribunal
m\Tx_pot_blue_02.tga,MiscItem,misc_de_pot_blue_02,Blue Clay Pot,m\Misc_pot_blue_02.NIF,Morrowind
m\Tx_pot_blue_02.tga,MiscItem,misc_de_pot_blue_02,Blue Clay Pot,m\Misc_pot_blue_02.NIF,Morrowind/Tribunal
m\Tx_pot_glass_peach_01.tga,MiscItem,misc_de_pot_glass_peach_01,Peach Glass Pot,m\Misc_pot_glass_peach_01.NIF,Morrowind
m\Tx_pot_glass_peach_02.tga,MiscItem,misc_de_pot_glass_peach_02,Peach Glass Pot,m\Misc_pot_glass_peach_02.NIF,Morrowind
m\Tx_pot_glass_peach_02.tga,MiscItem,misc_de_pot_glass_peach_02,Peach Glass Pot,m\Misc_pot_glass_peach_02.NIF,Morrowind/Bloodmoon
m\Tx_pot_glass_peach_02.tga,MiscItem,misc_de_pot_glass_peach_02,Peach Glass Pot,m\Misc_pot_glass_peach_02.NIF,Morrowind/Tribunal
m\Tx_pot_green_01.tga,MiscItem,misc_de_pot_green_01,Green Pot,m\Misc_pot_green_01.NIF,Morrowind
m\Tx_pot_mottled_01.tga,MiscItem,misc_de_pot_mottled_01,Clay Pot,m\Misc_pot_mottled_01.NIF,Morrowind
m\Tx_pot_mottled_01.tga,MiscItem,misc_de_pot_mottled_01,Clay Pot,m\Misc_pot_mottled_01.NIF,Morrowind/Bloodmoon
m\Tx_pot_redware_01.tga,MiscItem,misc_de_pot_redware_01,Redware Pot,m\Misc_pot_redware_01.NIF,Morrowind
m\Tx_pot_redware_02.tga,MiscItem,misc_de_pot_redware_02,Redware Pot,m\Misc_pot_redware_02.NIF,Morrowind
m\Tx_pot_redware_03.tga,MiscItem,Misc_DE_pot_redware_03,Redware Pot,m\Misc_pot_redware_03.NIF,Morrowind
m\Tx_pot_redware_04.tga,MiscItem,misc_de_pot_redware_04,Redware Pot,m\Misc_pot_redware_04.NIF,Morrowind
m\Tx_pot_redware_04.tga,MiscItem,misc_de_pot_redware_04_uni,Redware Pot,m\Misc_pot_redware_04.NIF,Morrowind/Tribunal
m\Tx_potion_cheap_01.tga,MiscItem,Misc_flask_grease,Jar of grease,m\Misc_Potion_Cheap_01.nif,Morrowind/Tribunal
m\Tx_rollingpin_01.tga,MiscItem,misc_rollingpin_01,Rolling Pin,m\Misc_rollingpin_01.NIF,Morrowind
m\Tx_shears_01.tga,MiscItem,misc_shears_01,Shears,m\Misc_shears_01.NIF,Morrowind
m\Tx_soulgem_Common.tga,MiscItem,Misc_SoulGem_Common,Common Soul Gem,m\Misc_soulgem_common.NIF,Morrowind
m\Tx_soulgem_Grand.tga,MiscItem,Misc_SoulGem_Grand,Grand Soul Gem,m\Misc_soulgem_grand.NIF,Morrowind
m\Tx_soulgem_Greater.tga,MiscItem,Misc_SoulGem_Greater,Greater Soul Gem,m\Misc_soulgem_greater.NIF,Morrowind
m\Tx_soulgem_Greater.tga,MiscItem,Misc_SoulGem_Greater,Greater Soul Gem,m\Misc_soulgem_greater.NIF,Morrowind/Tribunal
m\Tx_soulgem_Lesser.tga,MiscItem,Misc_SoulGem_Lesser,Lesser Soul Gem,m\Misc_soulgem_lesser.NIF,Morrowind
m\Tx_soulgem_Lesser.tga,MiscItem,Misc_fakesoulgem,Fake Soul Gem,m\Misc_soulgem_lesser.nif,Morrowind
m\Tx_soulgem_Petty.tga,MiscItem,Misc_SoulGem_Petty,Petty Soul Gem,m\Misc_soulgem_petty.NIF,Morrowind
m\Tx_spool_01.tga,MiscItem,misc_spool_01,Spool,m\Misc_spool_01.NIF,Morrowind
m\Tx_vivec_ashmask_01.tga,MiscItem,misc_vivec_ashmask_01,Vivec Ashmask,m\Misc_vivec_ashmask_01.NIF,Morrowind
m\Tx_vivec_ashmask_01.tga,MiscItem,misc_vivec_ashmask_01_fake,Vivec Ashmask,m\Misc_vivec_ashmask_01.NIF,Morrowind
m\misc_Pop_bone00.tga,MiscItem,devote_bone_Pop00,Bone from Pop Je,f\Furn_bone_01.nif,Morrowind
m\misc_Pop_bone00.tga,MiscItem,misc_dwarfbone_unique,Dwarven Bone,f\Furn_bone_01.nif,Morrowind
m\misc_bellows00.tga,MiscItem,misc_de_bellows10,Bellows,m\misc_bellows10.nif,Morrowind
m\misc_bellows00.tga,MiscItem,misc_de_bellows10,Bellows,m\misc_bellows10.nif,Morrowind/Bloodmoon
m\misc_cloth00.tga,MiscItem,misc_de_cloth10,Cloth,m\misc_cloth10.nif,Morrowind
m\misc_cloth00.tga,MiscItem,misc_de_cloth11,Cloth,m\misc_cloth11.nif,Morrowind
m\misc_cloth00.tga,MiscItem,misc_de_foldedcloth00,Folded Cloth,m\misc_foldedcloth00.nif,Morrowind
m\misc_cloth00.tga,MiscItem,misc_de_foldedcloth00,Folded Cloth,m\misc_foldedcloth00.nif,Morrowind/Bloodmoon
m\misc_cloth00.tga,MiscItem,misc_de_foldedcloth00,Folded Cloth,m\misc_foldedcloth00.nif,Morrowind/Tribunal
m\misc_dwe_satchel00.dds,MiscItem,dwemer_satchel00,Dwemer Satchel Pack,m\dwemer_satchel00.NIF,Morrowind/Tribunal
m\misc_dwrv_Ark_cube00.tga,MiscItem,misc_dwrv_ark_cube00,Dwemer puzzle box,m\misc_dwrv_Ark_cube00.nif,Morrowind
m\misc_dwrv_Ark_key00.tga,MiscItem,misc_dwrv_ark_key00,Key to Lower Arkngthand,m\misc_dwrv_Ark_key00.nif,Morrowind
m\misc_dwrv_artifact00.tga,MiscItem,misc_dwrv_artifact00,Dwemer Cylinder,m\misc_dwrv_artifact00.nif,Morrowind
m\misc_dwrv_artifact10.tga,MiscItem,misc_dwrv_artifact10,Dwemer Scarab Plans,m\misc_dwrv_artifact10.nif,Morrowind
m\misc_dwrv_artifact20.tga,MiscItem,misc_dwrv_artifact20,Dwemer Airship Plans,m\misc_dwrv_artifact20.nif,Morrowind
m\misc_dwrv_artifact30.tga,MiscItem,misc_dwrv_artifact30,Anumidium Plans,m\misc_dwrv_artifact30.nif,Morrowind
m\misc_dwrv_artifact40.tga,MiscItem,misc_dwrv_artifact40,Dwemer Scarab Schematics,m\misc_dwrv_artifact40.nif,Morrowind
m\misc_dwrv_artifact50.tga,MiscItem,misc_dwrv_artifact50,Dwemer Coherer,m\misc_dwrv_artifact50.nif,Morrowind
m\misc_dwrv_artifact50.tga,MiscItem,misc_dwrv_weather,Powered Dwemer Coherer,m\misc_dwrv_artifact50.nif,Morrowind/Tribunal
m\misc_dwrv_artifact50.tga,MiscItem,misc_dwrv_weather2,Powered Dwemer Coherer,m\misc_dwrv_artifact50.nif,Morrowind/Tribunal
m\misc_dwrv_artifact60.tga,MiscItem,misc_dwrv_artifact60,Dwemer Tube,m\misc_dwrv_artifact60.nif,Morrowind
m\misc_dwrv_artifact60.tga,MiscItem,misc_dwrv_artifact_ils,Drinar Varyon's Dwemer Tube,m\misc_dwrv_artifact60.nif,Morrowind
m\misc_dwrv_artifact70.tga,MiscItem,misc_dwrv_artifact70,Dwemer Schematic,m\misc_dwrv_artifact70.NIF,Morrowind
m\misc_dwrv_artifact80.tga,MiscItem,misc_dwrv_artifact80,Dwemer Centurion Plans,m\misc_dwrv_artifact80.NIF,Morrowind
m\misc_dwrv_bowl00.tga,MiscItem,misc_dwrv_bowl00,Ornate Dwemer Bowl,m\misc_dwrv_bowl00.nif,Morrowind
m\misc_dwrv_bowl00.tga,MiscItem,misc_dwrv_bowl00_uni,Ornate Dwemer Bowl,m\misc_dwrv_bowl00.nif,Morrowind/Tribunal
m\misc_dwrv_coin00.tga,MiscItem,misc_dwrv_coin00,Dwemer Coin,m\misc_dwrv_coin00.nif,Morrowind
m\misc_dwrv_coin00.tga,MiscItem,misc_dwrv_cursed_coin00,Dwemer Coin,m\misc_dwrv_coin00.nif,Morrowind
m\misc_dwrv_gear00.tga,MiscItem,misc_dwrv_gear00,Rusty Dwemer Cog,m\misc_dwrv_gear00.nif,Morrowind
m\misc_dwrv_goblet00.tga,MiscItem,misc_dwrv_goblet00,Ornate Dwemer Goblet,m\misc_dwrv_goblet00.nif,Morrowind
m\misc_dwrv_goblet00.tga,MiscItem,misc_dwrv_goblet00_uni,Ornate Dwemer Goblet,m\misc_dwrv_goblet00.nif,Morrowind/Tribunal
m\misc_dwrv_goblet10.tga,MiscItem,misc_dwrv_goblet10,Ornate Dwemer Goblet,m\misc_dwrv_goblet10.nif,Morrowind
m\misc_dwrv_goblet10.tga,MiscItem,misc_dwrv_goblet10_tgcp,Large Dewmer Goblet,m\misc_dwrv_goblet10.nif,Morrowind
m\misc_dwrv_goblet10.tga,MiscItem,misc_dwrv_goblet10_uni,Ornate Dwemer Goblet,m\misc_dwrv_goblet10.nif,Morrowind/Tribunal
m\misc_dwrv_mug00.tga,MiscItem,misc_dwrv_mug00,Dwemer Mug,m\misc_dwrv_mug00.nif,Morrowind
m\misc_dwrv_mug00.tga,MiscItem,misc_dwrv_mug00_uni,Dwemer Mug,m\misc_dwrv_mug00.nif,Morrowind/Tribunal
m\misc_dwrv_pitcher00.tga,MiscItem,misc_dwrv_pitcher00,Ornate Dwemer Pitcher,m\misc_dwrv_pitcher00.nif,Morrowind
m\misc_dwrv_pitcher00.tga,MiscItem,misc_dwrv_pitcher00_uni,Ornate Dwemer Pitcher,m\misc_dwrv_pitcher00.nif,Morrowind/Tribunal
m\misc_portal_shard.tga,MiscItem,index_andra,Andasreth Propylon Index,m\misc_portal_shard.NIF,Morrowind
m\misc_portal_shard.tga,MiscItem,index_beran,Berandas Propylon Index,m\misc_portal_shard.NIF,Morrowind
m\misc_portal_shard.tga,MiscItem,index_falas,Falasmaryon Propylon Index,m\misc_portal_shard.NIF,Morrowind
m\misc_portal_shard.tga,MiscItem,index_falen,Falensarano Propylon Index,m\misc_portal_shard.NIF,Morrowind
m\misc_portal_shard.tga,MiscItem,index_hlor,Hlormaren Propylon Index,m\misc_portal_shard.NIF,Morrowind
m\misc_portal_shard.tga,MiscItem,index_indo,Indoranyon Propylon Index,m\misc_portal_shard.NIF,Morrowind
m\misc_portal_shard.tga,MiscItem,index_maran,Marandus Propylon Index,m\misc_portal_shard.NIF,Morrowind
m\misc_portal_shard.tga,MiscItem,index_roth,Rotheran Propylon Index,m\misc_portal_shard.NIF,Morrowind
m\misc_portal_shard.tga,MiscItem,index_telas,Telasero Propylon Index,m\misc_portal_shard.NIF,Morrowind
m\misc_portal_shard.tga,MiscItem,index_valen,Valenvaryon Propylon Index,m\misc_portal_shard.NIF,Morrowind
m\misc_skull00.tga,MiscItem,misc_Skull_Llevule,Skull of Llevule Andrano,m\misc_skull00.nif,Morrowind
m\misc_skull00.tga,MiscItem,misc_skull00,Skull,m\misc_skull00.nif,Morrowind
m\misc_skull00.tga,MiscItem,misc_skull00,Skull,m\misc_skull00.nif,Morrowind/Bloodmoon
m\misc_skull00.tga,MiscItem,misc_skull00,Skull,m\misc_skull00.nif,Morrowind/Tribunal
m\misc_skull00.tga,MiscItem,misc_skull_Skaal,Skull of a Skaal Warrior,m\misc_skull00.nif,Morrowind/Bloodmoon
m\misc_skull00.tga,MiscItem,misc_skull_griss,Skull of Griss the Yellow,m\misc_skull00.nif,Morrowind/Bloodmoon
m\misc_skull00.tga,MiscItem,misc_skull_griss_floor,Skull of Griss the Yellow,m\misc_skull00.nif,Morrowind/Bloodmoon
m\misc_skull00.tga,MiscItem,misc_skull_oddfrid,Oddfrid White-Lip,m\misc_skull00.nif,Morrowind/Bloodmoon
m\misc_skull10.tga,MiscItem,misc_skull10,Servant's Skull,m\misc_skull10.nif,Morrowind
n\Tx_cyro_whiskey_01.tga,MiscItem,BM_waterlife_UNIQUE1,Waters of Life,n\Potion_Cyro_whiskey_01.nif,Morrowind/Bloodmoon
n\Tx_ingred_seeds_01.dds,MiscItem,BM_Seeds_UNIQUE,Strange Seeds,f\Act_BM_seeds_01.NIF,Morrowind/Bloodmoon
n\Tx_skooma_01.tga,MiscItem,misc_skooma_vial,Empty Vial,n\Potion_Skooma_01.nif,Morrowind
n\Tx_vampire_dust_01.tga,MiscItem,ashes_Dwemer,Ash pile,n\Ingred_Vampire_Dust_01.nif,Morrowind/Tribunal
n\Tx_vampire_dust_01.tga,MiscItem,devote_Brinne_Dust_00,Ashes of Lord Brinne,n\Ingred_Vampire_Dust_01.nif,Morrowind
n\Tx_vampire_dust_01.tga,MiscItem,devote_Brinne_Dust_00,Ashes of Lord Brinne,n\Ingred_Vampire_Dust_01.nif,Morrowind/Tribunal
n\Tx_vampire_dust_01.tga,MiscItem,devote_Lyngas_Dust_00,Ashes of G. Lyngas,n\Ingred_Vampire_Dust_01.nif,Morrowind
n\Tx_vampire_dust_01.tga,MiscItem,devote_Nan_Dust_00,Ashes of D. Bryant,n\Ingred_Vampire_Dust_01.nif,Morrowind
w\Tx_W_NerevarBladeLeft.dds,MiscItem,bladepiece_02,Broken Dwemer Blade Piece,w\W_NerevarBladeLeft.NIF,Morrowind/Tribunal
w\Tx_W_NerevarBladeRight.dds,MiscItem,bladepiece_03,Broken Dwemer Blade Piece,w\W_NerevarBladeRight.NIF,Morrowind/Tribunal
w\tx_art_azura_star.tga,MiscItem,Misc_SoulGem_Azura,Azura's Star,w\W_Art_AzuraStar .NIF,Morrowind
m\Tx_probe_A_01.tga,Probe,probe_apprentice_01,Apprentice's Probe,m\Probe_Apprentice_01.NIF,Morrowind
m\Tx_probe_A_01.tga,Probe,probe_bent,Bent Probe,m\Probe_Apprentice_01.NIF,Morrowind
m\Tx_probe_G_01.tga,Probe,probe_grandmaster,Grandmaster's Probe,m\Probe_Grandmaster_01.nif,Morrowind
m\Tx_probe_J_01.tga,Probe,probe_journeyman_01,Journeyman's Probe,m\Probe_Journeyman_01.NIF,Morrowind
m\Tx_probe_M_01.tga,Probe,probe_master,Master's Probe,m\Probe_Master_01.nif,Morrowind
m\Tx_probe_S_01.tga,Probe,probe_secretmaster,Secret Master's Probe,m\Probe_SecretMaster_01.nif,Morrowind
m\Tx_repair_A_01.tga,RepairItem,hammer_repair,Apprentice's Armorer's Hammer,m\misc_hammer10.nif,Morrowind
m\Tx_repair_A_01.tga,RepairItem,hammer_repair,Apprentice's Armorer's Hammer,m\misc_hammer10.nif,Morrowind/Bloodmoon
m\Tx_repair_G_01.tga,RepairItem,repair_grandmaster_01,GrandMaster's Armorer's Hammer,m\Repair_GrandMaster_01.nif,Morrowind
m\Tx_repair_J_01.tga,RepairItem,repair_journeyman_01,Journeyman's Armorer's Hammer,m\Repair_Journeyman_01.NIF,Morrowind
m\Tx_repair_J_01.tga,RepairItem,repair_journeyman_01,Journeyman's Armorer's Hammer,m\Repair_Journeyman_01.NIF,Morrowind/Bloodmoon
m\Tx_repair_M_01.tga,RepairItem,repair_master_01,Master's Armorer's Hammer,m\Repair_Master_01.nif,Morrowind
m\Tx_repair_M_01.tga,RepairItem,repair_master_01,Master's Armorer's Hammer,m\Repair_Master_01.nif,Morrowind/Bloodmoon
m\Tx_repair_S_01.tga,RepairItem,repair_secretmaster_01,Sirollus Saccus' Hammer,m\Repair_SecretMaster_01.nif,Morrowind
m\misc_prongs00.tga,RepairItem,repair_prongs,Repair Prongs,m\misc_prongs00.nif,Morrowind
m\misc_prongs00.tga,RepairItem,repair_prongs,Repair Prongs,m\misc_prongs00.nif,Morrowind/Bloodmoon
w\Huntsman_bolt.dds,Weapon,BM Huntsmanbolt,Huntsman Bolt,w\W_Huntsman_bolt.NIF,Morrowind/Bloodmoon
w\Huntsman_crossbow.dds,Weapon,BM huntsman crossbow,Huntsman Crossbow,w\W_Huntsman_crossbow.NIF,Morrowind/Bloodmoon
w\Huntsman_longsword.dds,Weapon,BM huntsman longsword,Huntsman Longsword,w\W_Huntsman_longsword.NIF,Morrowind/Bloodmoon
w\Huntsman_spear.dds,Weapon,BM Huntsman Spear,Huntsman Spear,w\W_Huntsman_spear.NIF,Morrowind/Bloodmoon
w\Huntsman_waraxe.dds,Weapon,BM huntsman axe,Huntsman Axe,w\W_Huntsman_waraxe.NIF,Morrowind/Bloodmoon
w\Huntsman_waraxeM.dds,Weapon,BM huntsman war axe,Huntsman War Axe,w\W_Huntsman_waraxeM.NIF,Morrowind/Bloodmoon
w\IceM_Spear.dds,Weapon,BM frostgore,Frostgore,w\IceMspear.NIF,Morrowind/Bloodmoon
w\IceM_Spear.dds,Weapon,BM riekling lance,Riekling Lance,w\IceMspear.NIF,Morrowind/Bloodmoon
w\IceM_Spear.dds,Weapon,BM_ice_minion_lance,Riekling Lance,w\IceMspear.NIF,Morrowind/Bloodmoon
w\IceM_Sword.dds,Weapon,BM riekling sword,Riekling Blade,w\W_IceMsword2.NIF,Morrowind/Bloodmoon
w\IceM_Sword.dds,Weapon,BM riekling sword_rusted,Rusted Riekling Blade,w\W_IceMsword2.NIF,Morrowind/Bloodmoon
w\Ice_dagger.dds,Weapon,BM ice dagger,Stalhrim Dagger,w\W_Ice_dagger.NIF,Morrowind/Bloodmoon
w\Ice_longsword.dds,Weapon,BM ice longsword,Stalhrim Longsword,w\W_Ice_longsword.NIF,Morrowind/Bloodmoon
w\Ice_longsword.dds,Weapon,BM ice longsword_FG_Unique,Stalhrim Longsword of Flame,w\W_Ice_longsword.NIF,Morrowind/Bloodmoon
w\Ice_mace.dds,Weapon,BM ice mace,Stalhrim Mace,w\W_Ice_mace.NIF,Morrowind/Bloodmoon
w\Ice_mace.dds,Weapon,BM_Mace_Aevar_UNI,Mace of Aevar Stone-Singer,w\W_art_Ice_mace.NIF,Morrowind/Bloodmoon
w\Ice_waraxe.dds,Weapon,BM ice war axe,Stalhrim War Axe,w\W_Ice_waraxe.NIF,Morrowind/Bloodmoon
w\Nord_battleaxe.dds,Weapon,BM nordic silver battleaxe,Nordic Silver Battleaxe,w\W_Nord_battleaxe.NIF,Morrowind/Bloodmoon
w\Nord_battleaxe.dds,Weapon,BM nordic silver battleaxe_ber,Berserker Silver Battleaxe,w\W_Nord_battleaxe.NIF,Morrowind/Bloodmoon
w\Nord_battleaxe.dds,Weapon,BM_axe_Heartfang_Unique,Nordic Silver Battleaxe,w\W_Nord_battleaxe.NIF,Morrowind/Bloodmoon
w\Nord_claymore.dds,Weapon,BM nordic silver claymore,Nordic Silver Claymore,w\W_Nord_claymore.NIF,Morrowind/Bloodmoon
w\Nord_claymore.dds,Weapon,BM nordic silver claymore_ber,Berserker Silver Claymore,w\W_Nord_claymore.NIF,Morrowind/Bloodmoon
w\Nord_dagger.dds,Weapon,BM Winterwound Dagger,Winterwound Dagger,w\W_Nord_dagger.NIF,Morrowind/Bloodmoon
w\Nord_dagger.dds,Weapon,BM nordic silver dagger,Nordic Silver Dagger,w\W_Nord_dagger.NIF,Morrowind/Bloodmoon
w\Nord_dagger.dds,Weapon,BM silver dagger wolfender,Wolfender Silver Dagger,w\W_Nord_dagger.NIF,Morrowind/Bloodmoon
w\Nord_dagger.dds,Weapon,BM_dagger_wolfgiver,Wolfgiver Silver Dagger,w\W_Nord_dagger.NIF,Morrowind/Bloodmoon
w\Nord_leg.dds,Weapon,BM nord leg,Severed Nord Leg,w\w_nord_leg.NIF,Morrowind/Bloodmoon
w\Nord_longsword.dds,Weapon,BM nordic silver longsword,Nordic Silver Longsword,w\W_Nord_longsword.NIF,Morrowind/Bloodmoon
w\Nord_longsword.dds,Weapon,BM nordic silver longsword_ber,Berserker Silver Longsword,w\W_Nord_longsword.NIF,Morrowind/Bloodmoon
w\Nord_longsword.dds,Weapon,BM nordic silver longsword_cft,Clanbringer,w\W_Nord_longsword.NIF,Morrowind/Bloodmoon
w\Nord_longsword.dds,Weapon,BM nordic_longsword_tracker,Nordic Silver Longsword,w\W_Nord_longsword.NIF,Morrowind/Bloodmoon
w\Nord_longsword.dds,Weapon,BM_nordic_silver_lgswd_bloodska,Bloodskal,w\W_Nord_longsword.NIF,Morrowind/Bloodmoon
w\Nord_mace.dds,Weapon,BM nordic silver mace,Nordic Silver Mace,w\W_Nord_mace.NIF,Morrowind/Bloodmoon
w\Nord_shortsword.dds,Weapon,BM nordic silver shortsword,Nordic Silver Shortsword,w\W_Nord_shortsword.NIF,Morrowind/Bloodmoon
w\Nord_waraxe.dds,Weapon,BM nordic silver axe,Nordic Silver Axe,w\W_Nord_waraxe.NIF,Morrowind/Bloodmoon
w\Nord_waraxe.dds,Weapon,BM nordic silver axe_ber,Berserker Silver Axe,w\W_Nord_waraxe.NIF,Morrowind/Bloodmoon
w\Nord_waraxe.dds,Weapon,BM nordic silver axe_spurius,Nordic Axe of Paralysis,w\W_Nord_waraxe.NIF,Morrowind/Bloodmoon
w\Nord_waraxe.dds,Weapon,BM_hunter_battleaxe_unique,Nordic Silver Battleaxe,w\W_Nord_battleaxe.NIF,Morrowind/Bloodmoon
w\PickAxe.dds,Weapon,BM Nordic Pick,Ancient Nordic Pick Axe,w\W_Pickaxe.NIF,Morrowind/Bloodmoon
w\TX_Staff01.tga,Weapon,ebony_staff_trebonius,Trebonius' Staff,w\W_staff00.nif,Morrowind
w\TX_Staff01.tga,Weapon,steel staff,Steel Staff,w\W_staff00.nif,Morrowind
w\TX_Staff01.tga,Weapon,steel staff of chastening,Steel Staff of Chastening,w\W_staff00.nif,Morrowind
w\TX_Staff01.tga,Weapon,steel staff of divine judgement,Steel Staff of Divine Judgement,w\W_staff00.nif,Morrowind
w\TX_Staff01.tga,Weapon,steel staff of peace,Steel Staff of Peace,w\W_staff00.nif,Morrowind
w\TX_Staff01.tga,Weapon,steel staff of shaming,Steel Staff of Shaming,w\W_staff00.nif,Morrowind
w\TX_Staff01.tga,Weapon,steel staff of the ancestors,Steel Staff of the Ancestors,w\W_staff00.nif,Morrowind
w\TX_Staff01.tga,Weapon,steel staff of war,Steel Staff of War,w\W_staff00.nif,Morrowind
w\TX_Staff01.tga,Weapon,steelstaffancestors_ttsa,Ancestral Wisdom Staff,w\W_staff00.nif,Morrowind
w\Tx_Art_MehrunesRazor.tga,Weapon,ebony_dagger_mehrunes,Ebony Shortsword,w\W_Art_MehrunesRazor.NIF,Morrowind
w\Tx_Art_MehrunesRazor.tga,Weapon,mehrunes'_razor_unique,Mehrunes' Razor,w\W_Art_MehrunesRazor.NIF,Morrowind
w\Tx_Battle_Axe.tga,Weapon,dwarven war axe_redas,Redas War Axe,w\W_steel_battleaxe.nif,Morrowind
w\Tx_Battle_Axe.tga,Weapon,lugrub's axe,Lugrub's Axe,w\W_WarAxe_Steel.nif,Morrowind
w\Tx_Battle_Axe.tga,Weapon,shockbite war axe,Shockbite War Axe,w\W_WarAxe_Steel.nif,Morrowind
w\Tx_Battle_Axe.tga,Weapon,steel axe,Steel Axe,w\W_WarAxe_Steel.nif,Morrowind
w\Tx_Battle_Axe.tga,Weapon,steel flameaxe,Steel Flameaxe,w\W_WarAxe_Steel.nif,Morrowind
w\Tx_Battle_Axe.tga,Weapon,steel shardaxe,Steel Shardaxe,w\W_WarAxe_Steel.nif,Morrowind
w\Tx_Battle_Axe.tga,Weapon,steel sparkaxe,Steel Sparkaxe,w\W_WarAxe_Steel.nif,Morrowind
w\Tx_Battle_Axe.tga,Weapon,steel viperaxe,Steel Viperaxe,w\W_WarAxe_Steel.nif,Morrowind
w\Tx_Battle_Axe.tga,Weapon,steel war axe,Steel War Axe,w\W_WarAxe_Steel.nif,Morrowind
w\Tx_Battle_Axe.tga,Weapon,steel war axe of deep biting,Steel War Axe of Deep Biting,w\W_WarAxe_Steel.nif,Morrowind
w\Tx_Broadsword_Imperial.tga,Weapon,imperial broadsword,Imperial Broadsword,w\W_Broadsword_Imperial.nif,Morrowind
w\Tx_Broadsword_Imperial.tga,Weapon,steel broadsword,Steel Broadsword,w\W_Broadsword_Imperial.nif,Morrowind
w\Tx_Broadsword_Imperial.tga,Weapon,steel broadsword,Steel Broadsword,w\W_Broadsword_Imperial.nif,Morrowind/Tribunal
w\Tx_Broadsword_Nordic.tga,Weapon,nordic broadsword,Nordic Broadsword,w\W_Nordic_Broadsword.nif,Morrowind
w\Tx_Broadsword_Nordic.tga,Weapon,solvistapp,Solvistapp,w\W_Nordic_Broadsword.nif,Morrowind/Bloodmoon
w\Tx_Broadsword_ebony.tga,Weapon,ebony broadsword,Ebony Broadsword,w\W_broadsword_ebony.nif,Morrowind
w\Tx_Broadsword_ebony.tga,Weapon,ebony broadsword_Dae_cursed,Ebony Broadsword,w\W_broadsword_ebony.nif,Morrowind
w\Tx_Broadsword_ebony.tga,Weapon,sword of white woe,Sword of White Woe,w\W_broadsword_ebony.nif,Morrowind
w\Tx_Broadsword_iron.tga,Weapon,iron broadsword,Iron Broadsword,w\W_BROADSWORD_IRON.nif,Morrowind
w\Tx_Broadsword_iron.tga,Weapon,iron broadsword,Iron Broadsword,w\W_BROADSWORD_IRON.nif,Morrowind/Tribunal
w\Tx_Broadsword_leafbladed.tga,Weapon,steel broadsword of hewing,Steel Broadsword of Hewing,w\W_Broadsword_leafblade.nif,Morrowind
w\Tx_Broadsword_leafbladed.tga,Weapon,steel firesword,Steel Firesword,w\W_Broadsword_leafblade.nif,Morrowind
w\Tx_Broadsword_leafbladed.tga,Weapon,steel flamesword,Steel Flamesword,w\W_Broadsword_leafblade.nif,Morrowind
w\Tx_Broadsword_leafbladed.tga,Weapon,steel frostsword,Steel Frostsword,w\W_Broadsword_leafblade.nif,Morrowind
w\Tx_Broadsword_leafbladed.tga,Weapon,steel longsword,Steel Longsword,w\W_Broadsword_leafblade.nif,Morrowind
w\Tx_Broadsword_leafbladed.tga,Weapon,steel poisonsword,Steel Poisonsword,w\W_Broadsword_leafblade.nif,Morrowind
w\Tx_Broadsword_leafbladed.tga,Weapon,steel shardsword,Steel Shardsword,w\W_Broadsword_leafblade.nif,Morrowind
w\Tx_Broadsword_leafbladed.tga,Weapon,steel sparksword,Steel Sparksword,w\W_Broadsword_leafblade.nif,Morrowind
w\Tx_Broadsword_leafbladed.tga,Weapon,steel vipersword,Steel Vipersword,w\W_Broadsword_leafblade.nif,Morrowind
w\Tx_Claymore.tga,Weapon,iron flameslayer,Iron Flameslayer,w\W_Iron_Claymore.nif,Morrowind
w\Tx_Claymore.tga,Weapon,iron shardslayer,Iron Shardslayer,w\W_Iron_Claymore.nif,Morrowind
w\Tx_Claymore.tga,Weapon,iron sparkslayer,Iron Sparkslayer,w\W_Iron_Claymore.nif,Morrowind
w\Tx_Claymore.tga,Weapon,iron viperslayer,Iron Viperslayer,w\W_Iron_Claymore.nif,Morrowind
w\Tx_Claymore.tga,Weapon,steel claymore,Steel Claymore,w\W_claymore.nif,Morrowind
w\Tx_Claymore.tga,Weapon,steel claymore of hewing,Steel Claymore of Hewing,w\W_claymore.nif,Morrowind
w\Tx_Claymore.tga,Weapon,steel flameslayer,Steel Flameslayer,w\W_N_Claymore.nif,Morrowind
w\Tx_Claymore.tga,Weapon,steel shardslayer,Steel Shardslayer,w\W_N_Claymore.nif,Morrowind
w\Tx_Claymore.tga,Weapon,steel sparkslayer,Steel Sparkslayer,w\W_N_Claymore.nif,Morrowind
w\Tx_Claymore.tga,Weapon,steel viperslayer,Steel Viperslayer,w\W_N_Claymore.nif,Morrowind
w\Tx_Claymore_Iron.tga,Weapon,iron claymore,Iron Claymore,w\W_Iron_Claymore.nif,Morrowind
w\Tx_Claymore_Iron.tga,Weapon,we_temreki,"Temreki, Shackler of Souls",w\W_Iron_Claymore.nif,Morrowind
w\Tx_Claymore_Nordic.tga,Weapon,claymore_Agustas,Sword of Agustas,w\W_Nordic_Claymore.nif,Morrowind
w\Tx_Claymore_Nordic.tga,Weapon,nordic claymore,Nordic Claymore,w\W_Nordic_Claymore.nif,Morrowind
w\Tx_Claymore_Nordic.tga,Weapon,nordic claymore_stormfang,Stormfang,w\W_Nordic_Claymore.nif,Morrowind/Bloodmoon
w\Tx_Claymore_Silver.tga,Weapon,Fury,Fury,w\W_Silver_Claymore.nif,Morrowind
w\Tx_Claymore_Silver.tga,Weapon,silver claymore,Silver Claymore,w\W_Silver_Claymore.nif,Morrowind
w\Tx_Claymore_Silver.tga,Weapon,silver claymore,Silver Claymore,w\W_Silver_Claymore.nif,Morrowind/Bloodmoon
w\Tx_Claymore_Silver.tga,Weapon,silver flameslayer,Silver Flameslayer,w\W_Silver_Claymore.nif,Morrowind
w\Tx_Claymore_Silver.tga,Weapon,silver flameslayer,Silver Flameslayer,w\W_Silver_Claymore.nif,Morrowind/Bloodmoon
w\Tx_Claymore_Silver.tga,Weapon,silver shardslayer,Silver Shardslayer,w\W_Silver_Claymore.nif,Morrowind
w\Tx_Claymore_Silver.tga,Weapon,silver shardslayer,Silver Shardslayer,w\W_Silver_Claymore.nif,Morrowind/Bloodmoon
w\Tx_Claymore_Silver.tga,Weapon,silver sparkslayer,Silver Sparkslayer,w\W_Silver_Claymore.nif,Morrowind
w\Tx_Claymore_Silver.tga,Weapon,silver sparkslayer,Silver Sparkslayer,w\W_Silver_Claymore.nif,Morrowind/Bloodmoon
w\Tx_Claymore_Silver.tga,Weapon,silver viperslayer,Silver Viperslayer,w\W_Silver_Claymore.nif,Morrowind
w\Tx_Claymore_Silver.tga,Weapon,silver viperslayer,Silver Viperslayer,w\W_Silver_Claymore.nif,Morrowind/Bloodmoon
w\Tx_Crystal_Claymore.tga,Weapon,glass claymore,Glass Claymore,w\w_claymore_crystal.nif,Morrowind
w\Tx_Crystal_Claymore.tga,Weapon,glass claymore_magebane,Magebane,w\w_claymore_crystal.nif,Morrowind
w\Tx_Crystal_longsword.tga,Weapon,glass firesword,Glass Firesword,w\W_Longsword_crystal.nif,Morrowind
w\Tx_Crystal_longsword.tga,Weapon,glass frostsword,Glass Frostsword,w\W_Longsword_crystal.nif,Morrowind
w\Tx_Crystal_longsword.tga,Weapon,glass longsword,Glass Longsword,w\W_Longsword_crystal.nif,Morrowind
w\Tx_Crystal_longsword.tga,Weapon,glass poisonsword,Glass Poisonsword,w\W_Longsword_crystal.nif,Morrowind
w\Tx_Crystal_longsword.tga,Weapon,glass stormsword,Glass Stormsword,w\W_Longsword_crystal.nif,Morrowind
w\Tx_Daedric_claymore.tga,Weapon,King's_Oath,King's Oath,w\W_Claymore_Daedric.nif,Morrowind/Tribunal
w\Tx_Daedric_claymore.tga,Weapon,King's_Oath_pc,King's Oath,w\W_Claymore_Daedric.nif,Morrowind/Tribunal
w\Tx_Daedric_claymore.tga,Weapon,daedric claymore,Daedric Claymore,w\W_Claymore_Daedric.nif,Morrowind
w\Tx_Daedric_longsword.tga,Weapon,bound_longsword,Bound Longsword,w\W_Longsword_daedric.nif,Morrowind
w\Tx_Daedric_longsword.tga,Weapon,daedric longsword,Daedric Longsword,w\W_Longsword_daedric.nif,Morrowind
w\Tx_Daedric_shortsword.tga,Weapon,daedric shortsword,Daedric Shortsword,w\W_Shortsword_Daedric.nif,Morrowind
w\Tx_Dagger_daedric.tga,Weapon,bound_dagger,Bound Dagger,w\W_Dagger_daedric.nif,Morrowind
w\Tx_Dagger_daedric.tga,Weapon,daedric dagger,Daedric Dagger,w\W_Dagger_daedric.nif,Morrowind
w\Tx_Dagger_daedric.tga,Weapon,daedric dagger,Daedric Dagger,w\W_Dagger_daedric.nif,Morrowind/Bloodmoon
w\Tx_Dagger_daedric.tga,Weapon,daedric dagger_bar,Daedric Dagger,w\W_Dagger_daedric.nif,Morrowind/Tribunal
w\Tx_Dagger_daedric.tga,Weapon,daedric dagger_mtas,Black Hands Dagger,w\W_Dagger_daedric.nif,Morrowind
w\Tx_Dagger_daedric.tga,Weapon,daedric dagger_soultrap,Soul Drinker,w\W_Dagger_daedric.nif,Morrowind
w\Tx_Dwemer_battleaxe.tga,Weapon,battle axe of wounds,Battle Axe of Wounds,w\W_Dwemer_battleaxe.nif,Morrowind
w\Tx_Dwemer_battleaxe.tga,Weapon,dwarven axe_soultrap,Dwemer Pneuma-Trap,w\W_Dwemer_battleaxe.nif,Morrowind
w\Tx_Dwemer_battleaxe.tga,Weapon,dwarven battle axe,Dwarven Battle Axe,w\W_Dwemer_battleaxe.nif,Morrowind
w\Tx_Dwemer_battleaxe.tga,Weapon,last rites,Last Rites,w\W_Dwemer_battleaxe.nif,Morrowind
w\Tx_Dwemer_claymore.tga,Weapon,dwarven claymore,Dwarven Claymore,w\W_Dwemer_claymore.nif,Morrowind
w\Tx_Dwemer_claymore.tga,Weapon,foeburner,Foeburner,w\W_Dwemer_claymore.nif,Morrowind
w\Tx_Dwemer_halberd.tga,Weapon,dwarven halberd,Dwarven Halberd,w\W_Dwemer_halberd.nif,Morrowind
w\Tx_Dwemer_halberd.tga,Weapon,dwarven halberd_soultrap,Bthuangth's Harvester,w\W_Dwemer_halberd.nif,Morrowind
w\Tx_Dwemer_halberd.tga,Weapon,we_stormforge,Stormforge,w\W_Dwemer_halberd.nif,Morrowind
w\Tx_Dwemer_mace.tga,Weapon,ane_teria_mace_unique,Ane Teria's Mace,w\W_Dwemer_mace.nif,Morrowind
w\Tx_Dwemer_mace.tga,Weapon,clutterbane,Clutterbane,w\W_Dwemer_mace.nif,Morrowind
w\Tx_Dwemer_mace.tga,Weapon,dwarven mace,Dwarven Mace,w\W_Dwemer_mace.nif,Morrowind
w\Tx_Dwemer_mace.tga,Weapon,dwarven mace_salandas,Suldreni's Mace,w\W_Dwemer_mace.nif,Morrowind/Tribunal
w\Tx_Dwemer_mace.tga,Weapon,gavel of the ordinator,Gavel of the Ordinator,w\W_Dwemer_mace.nif,Morrowind
w\Tx_Dwemer_mace.tga,Weapon,snowy crown,Snowy Crown,w\W_Dwemer_mace.nif,Morrowind
w\Tx_Dwemer_shortsword.tga,Weapon,dwarven shortsword,Dwarven Shortsword,w\W_Dwemer_shortsword.nif,Morrowind
w\Tx_Dwemer_shortsword.tga,Weapon,dwe_jinksword_curse_Unique,Flawed Dwemer Jinksword,w\W_Dwemer_shortsword.nif,Morrowind
w\Tx_Dwemer_shortsword.tga,Weapon,dwemer jinksword,Dwemer Jinksword,w\W_Dwemer_shortsword.nif,Morrowind
w\Tx_Dwemer_shortsword.tga,Weapon,last wish,Last Wish,w\W_Dwemer_shortsword.nif,Morrowind
w\Tx_Dwemer_shortsword.tga,Weapon,wild flamesword,Wild Flamesword,w\W_Dwemer_shortsword.nif,Morrowind
w\Tx_Dwemer_shortsword.tga,Weapon,wild shardsword,Wild Shardsword,w\W_Dwemer_shortsword.nif,Morrowind
w\Tx_Dwemer_shortsword.tga,Weapon,wild sparksword,Wild Sparksword,w\W_Dwemer_shortsword.nif,Morrowind
w\Tx_Dwemer_shortsword.tga,Weapon,wild vipersword,Wild Vipersword,w\W_Dwemer_shortsword.nif,Morrowind
w\Tx_Dwemer_spear.tga,Weapon,dwarven spear,Dwarven Spear,w\W_Dwemer_spear.nif,Morrowind
w\Tx_Dwemer_spear.tga,Weapon,we_illkurok,Illkurok,w\W_Dwemer_spear.nif,Morrowind
w\Tx_Dwemer_waraxe.tga,Weapon,dwarven war axe,Dwarven War Axe,w\W_Dwemer_waraxe.nif,Morrowind
w\Tx_Dwemer_waraxe.tga,Weapon,war axe of wounds,War Axe of Wounds,w\W_Dwemer_waraxe.nif,Morrowind
w\Tx_Dwemer_warhammer.tga,Weapon,dwarven warhammer,Dwarven Warhammer,w\W_Dwemer_warhammer.nif,Morrowind
w\Tx_Dwemer_warhammer.tga,Weapon,false_sunder,* Sunder *,w\W_Dwemer_warhammer.nif,Morrowind
w\Tx_Dwemer_warhammer.tga,Weapon,warhammer of wounds,Warhammer of Wounds,w\W_Dwemer_warhammer.nif,Morrowind
w\Tx_Iron_longsword.tga,Weapon,iron longsword,Iron Longsword,w\W_Iron_Longsword.nif,Morrowind
w\Tx_Iron_longsword.tga,Weapon,iron sparksword,Iron Sparksword,w\W_Iron_Longsword.nif,Morrowind
w\Tx_Iron_longsword.tga,Weapon,spiderbite,Spiderbite,w\W_Iron_Longsword.nif,Morrowind
w\Tx_Iron_longsword.tga,Weapon,stormblade,Stormblade,w\W_Iron_Longsword.nif,Morrowind
w\Tx_Iron_shortsword.tga,Weapon,iron flameblade,Iron Flameblade,w\W_Iron_shortsword.nif,Morrowind
w\Tx_Iron_shortsword.tga,Weapon,iron shardblade,Iron Shardblade,w\W_Iron_shortsword.nif,Morrowind
w\Tx_Iron_shortsword.tga,Weapon,iron shortsword,Iron Shortsword,w\W_Iron_shortsword.nif,Morrowind
w\Tx_Iron_shortsword.tga,Weapon,iron sparkblade,Iron Sparkblade,w\W_Iron_shortsword.nif,Morrowind
w\Tx_Iron_shortsword.tga,Weapon,iron viperblade,Iron Viperblade,w\W_Iron_shortsword.nif,Morrowind
w\Tx_Katana.tga,Weapon,demon katana,Demon Katana,w\W_N_Katana.nif,Morrowind
w\Tx_Katana.tga,Weapon,devil katana,Devil Katana,w\W_N_Katana.nif,Morrowind
w\Tx_Katana.tga,Weapon,fiend katana,Fiend Katana,w\W_N_Katana.nif,Morrowind
w\Tx_Katana.tga,Weapon,steel katana,Steel Katana,w\W_N_Katana.nif,Morrowind
w\Tx_Knife_glass.tga,Weapon,glass throwing knife,Glass Throwing Knife,w\W_knife_glass.nif,Morrowind
w\Tx_Longsword_Ebony.tga,Weapon,bm_ebonylongsword_s,Shadowsting,w\W_Longsword_ebony.nif,Morrowind/Bloodmoon
w\Tx_Longsword_Ebony.tga,Weapon,ebony longsword,Ebony Longsword,w\W_Longsword_ebony.nif,Morrowind
w\Tx_Longsword_Ebony.tga,Weapon,spirit-eater,Spirit-Eater,w\W_Longsword_ebony.nif,Morrowind
w\Tx_Longsword_Iron.tga,Weapon,iron flamesword,Iron Flamesword,w\W_Iron_Longsword.nif,Morrowind
w\Tx_Longsword_Iron.tga,Weapon,iron shardsword,Iron Shardsword,w\W_Iron_Longsword.nif,Morrowind
w\Tx_Longsword_Iron.tga,Weapon,iron vipersword,Iron Vipersword,w\W_Iron_Longsword.nif,Morrowind
w\Tx_Mace01.tga,Weapon,icebreaker,Icebreaker,w\W_mace.nif,Morrowind
w\Tx_Mace01.tga,Weapon,iron flamemace,Iron Flamemace,w\w_mace_iron.nif,Morrowind
w\Tx_Mace01.tga,Weapon,iron shardmace,Iron Shardmace,w\w_mace_iron.nif,Morrowind
w\Tx_Mace01.tga,Weapon,iron sparkmace,Iron Sparkmace,w\w_mace_iron.nif,Morrowind
w\Tx_Mace01.tga,Weapon,shockbite mace,Shockbite Mace,w\W_mace.nif,Morrowind
w\Tx_Mace01.tga,Weapon,steel flamemace,Steel Flamemace,w\W_mace.nif,Morrowind
w\Tx_Mace01.tga,Weapon,steel mace,Steel Mace,w\W_mace.nif,Morrowind
w\Tx_Mace01.tga,Weapon,steel mace,Steel Mace,w\W_mace.nif,Morrowind/Tribunal
w\Tx_Mace01.tga,Weapon,steel shardmace,Steel Shardmace,w\W_mace.nif,Morrowind
w\Tx_Mace01.tga,Weapon,steel sparkmace,Steel Sparkmace,w\W_mace.nif,Morrowind
w\Tx_Mace01.tga,Weapon,steel vipermace,Steel Vipermace,w\W_mace.nif,Morrowind
w\Tx_Saber.tga,Weapon,steel saber,Steel Saber,w\W_Saber.nif,Morrowind
w\Tx_Saber.tga,Weapon,steel saber_elberoth,Elberoth's Saber,w\W_Saber.nif,Morrowind/Bloodmoon
w\Tx_Saber_iron.tga,Weapon,bm_saber_seasplitter,Seasplitter,w\W_SABER_IRON.nif,Morrowind/Bloodmoon
w\Tx_Saber_iron.tga,Weapon,iron saber,Iron Saber,w\W_SABER_IRON.nif,Morrowind
w\Tx_Shortsword01.tga,Weapon,cruel flamesword,Cruel Flamesword,w\W_shortsword00.nif,Morrowind
w\Tx_Shortsword01.tga,Weapon,cruel shardsword,Cruel Shardsword,w\W_shortsword00.nif,Morrowind
w\Tx_Shortsword01.tga,Weapon,cruel sparksword,Cruel Sparksword,w\W_shortsword00.nif,Morrowind
w\Tx_Shortsword01.tga,Weapon,cruel vipersword,Cruel Vipersword,w\W_shortsword00.nif,Morrowind
w\Tx_Shortsword01.tga,Weapon,dire flamesword,Dire Flamesword,w\W_shortsword00.nif,Morrowind
w\Tx_Shortsword01.tga,Weapon,dire shardsword,Dire Shardsword,w\W_shortsword00.nif,Morrowind
w\Tx_Shortsword01.tga,Weapon,dire sparksword,Dire Sparksword,w\W_shortsword00.nif,Morrowind
w\Tx_Shortsword01.tga,Weapon,dire vipersword,Dire Vipersword,w\W_shortsword00.nif,Morrowind
w\Tx_Shortsword01.tga,Weapon,fireblade,Fireblade,w\W_shortsword00.nif,Morrowind
w\Tx_Shortsword01.tga,Weapon,steel flameblade,Steel Flameblade,w\W_shortsword00.nif,Morrowind
w\Tx_Shortsword01.tga,Weapon,steel jinksword,Steel Jinksword,w\W_shortsword00.nif,Morrowind
w\Tx_Shortsword01.tga,Weapon,steel shardblade,Steel Shardblade,w\W_shortsword00.nif,Morrowind
w\Tx_Shortsword01.tga,Weapon,steel shortsword,Steel Shortsword,w\W_shortsword00.nif,Morrowind
w\Tx_Shortsword01.tga,Weapon,steel sparkblade,Steel Sparkblade,w\W_shortsword00.nif,Morrowind
w\Tx_Shortsword01.tga,Weapon,steel spider blade,Steel Spider Blade,w\W_shortsword00.nif,Morrowind
w\Tx_Shortsword01.tga,Weapon,steel viperblade,Steel Viperblade,w\W_shortsword00.nif,Morrowind
w\Tx_Shortsword_Ebony.tga,Weapon,ebony shortsword,Ebony Shortsword,w\W_Shortsword_Ebony.nif,Morrowind
w\Tx_Shortsword_Ebony.tga,Weapon,ebony shortsword_soscean,Soscean's Shortsword,w\W_Shortsword_Ebony.nif,Morrowind/Tribunal
w\Tx_Shortsword_Ebony.tga,Weapon,saint's black sword,Saint's Black Sword,w\W_Shortsword_Ebony.nif,Morrowind
w\Tx_Shortsword_Ebony.tga,Weapon,we_shimsil,Shimsil,w\W_Shortsword_Ebony.nif,Morrowind
w\Tx_Shortsword_Imperial.tga,Weapon,imperial netch blade,Imperial Netch Blade,w\W_Shortsword_Imperial.nif,Morrowind
w\Tx_Shortsword_Imperial.tga,Weapon,imperial shortsword,Imperial Shortsword,w\W_Shortsword_Imperial.nif,Morrowind
w\Tx_Shortsword_Imperial.tga,Weapon,imperial shortsword,Imperial Shortsword,w\W_Shortsword_Imperial.nif,Morrowind/Tribunal
w\Tx_Shortsword_Imperial.tga,Weapon,imperial shortsword severio,Severia's Imperial Shortsword,w\W_Shortsword_Imperial.nif,Morrowind/Bloodmoon
w\Tx_Shortsword_Silver.tga,Weapon,silver flameblade,Silver Flameblade,w\W_silver_Shortsword.nif,Morrowind
w\Tx_Shortsword_Silver.tga,Weapon,silver flameblade,Silver Flameblade,w\W_silver_Shortsword.nif,Morrowind/Bloodmoon
w\Tx_Shortsword_Silver.tga,Weapon,silver shardblade,Silver Shardblade,w\W_silver_Shortsword.nif,Morrowind
w\Tx_Shortsword_Silver.tga,Weapon,silver shardblade,Silver Shardblade,w\W_silver_Shortsword.nif,Morrowind/Bloodmoon
w\Tx_Shortsword_Silver.tga,Weapon,silver shortsword,Silver Shortsword,w\W_silver_Shortsword.nif,Morrowind
w\Tx_Shortsword_Silver.tga,Weapon,silver shortsword,Silver Shortsword,w\W_silver_Shortsword.nif,Morrowind/Bloodmoon
w\Tx_Shortsword_Silver.tga,Weapon,silver sparkblade,Silver Sparkblade,w\W_silver_Shortsword.nif,Morrowind
w\Tx_Shortsword_Silver.tga,Weapon,silver sparkblade,Silver Sparkblade,w\W_silver_Shortsword.nif,Morrowind/Bloodmoon
w\Tx_Shortsword_Silver.tga,Weapon,silver viperblade,Silver Viperblade,w\W_silver_Shortsword.nif,Morrowind
w\Tx_Shortsword_Silver.tga,Weapon,silver viperblade,Silver Viperblade,w\W_silver_Shortsword.nif,Morrowind/Bloodmoon
w\Tx_Silver_longsword.tga,Weapon,icicle,Icicle,w\W_Longsword_Silver.nif,Morrowind
w\Tx_Silver_longsword.tga,Weapon,silver flamesword,Silver Flamesword,w\W_Longsword_Silver.nif,Morrowind
w\Tx_Silver_longsword.tga,Weapon,silver flamesword,Silver Flamesword,w\W_Longsword_Silver.nif,Morrowind/Bloodmoon
w\Tx_Silver_longsword.tga,Weapon,silver longsword,Silver Longsword,w\W_Longsword_Silver.nif,Morrowind
w\Tx_Silver_longsword.tga,Weapon,silver longsword,Silver Longsword,w\W_Longsword_Silver.nif,Morrowind/Bloodmoon
w\Tx_Silver_longsword.tga,Weapon,silver shardsword,Silver Shardsword,w\W_Longsword_Silver.nif,Morrowind
w\Tx_Silver_longsword.tga,Weapon,silver shardsword,Silver Shardsword,w\W_Longsword_Silver.nif,Morrowind/Bloodmoon
w\Tx_Silver_longsword.tga,Weapon,silver sparksword,Silver Sparksword,w\W_Longsword_Silver.nif,Morrowind
w\Tx_Silver_longsword.tga,Weapon,silver sparksword,Silver Sparksword,w\W_Longsword_Silver.nif,Morrowind/Bloodmoon
w\Tx_Silver_longsword.tga,Weapon,silver sword of paralysis,Silver Sword of Paralysis,w\W_Longsword_Silver.nif,Morrowind/Bloodmoon
w\Tx_Silver_longsword.tga,Weapon,silver vipersword,Silver Vipersword,w\W_Longsword_Silver.nif,Morrowind
w\Tx_Silver_longsword.tga,Weapon,silver vipersword,Silver Vipersword,w\W_Longsword_Silver.nif,Morrowind/Bloodmoon
w\Tx_Silver_longsword.tga,Weapon,steel stormsword,Steel Stormsword,w\W_Longsword_Silver.nif,Morrowind
w\Tx_Spear01.tga,Weapon,Iron Long Spear,Iron Spear,w\w_spear_iron.nif,Morrowind
w\Tx_Spear01.tga,Weapon,devil spear,Devil Spear,w\W_spear.nif,Morrowind
w\Tx_Spear01.tga,Weapon,fiend spear,Fiend Spear,w\W_spear.nif,Morrowind
w\Tx_Spear01.tga,Weapon,fiend spear_Dae_cursed,Fiend Spear,w\W_spear.nif,Morrowind
w\Tx_Spear01.tga,Weapon,iron flameskewer,Iron Flameskewer,w\w_spear_iron.nif,Morrowind
w\Tx_Spear01.tga,Weapon,iron shardskewer,Iron Shardskewer,w\w_spear_iron.nif,Morrowind
w\Tx_Spear01.tga,Weapon,iron sparkskewer,Iron Sparkskewer,w\w_spear_iron.nif,Morrowind
w\Tx_Spear01.tga,Weapon,iron spear,Iron Spear,w\w_spear_iron.nif,Morrowind
w\Tx_Spear01.tga,Weapon,iron viperskewer,Iron Viperskewer,w\w_spear_iron.nif,Morrowind
w\Tx_Spear01.tga,Weapon,spear_of_light,Spear of Light,w\W_spear.nif,Morrowind
w\Tx_Spear01.tga,Weapon,steel flameskewer,Steel Flameskewer,w\W_spear.nif,Morrowind
w\Tx_Spear01.tga,Weapon,steel shardskewer,Steel Shardskewer,w\W_spear.nif,Morrowind
w\Tx_Spear01.tga,Weapon,steel sparkskewer,Steel Sparkskewer,w\W_spear.nif,Morrowind
w\Tx_Spear01.tga,Weapon,steel spear,Steel Spear,w\W_spear.nif,Morrowind
w\Tx_Spear01.tga,Weapon,steel spear of impaling thrust,Steel Spear of Impaling Thrust,w\W_spear.nif,Morrowind
w\Tx_Spear01.tga,Weapon,steel spear snow prince,Spear of the Snow Prince,w\W_spear.nif,Morrowind/Bloodmoon
w\Tx_Spear01.tga,Weapon,steel viperskewer,Steel Viperskewer,w\W_spear.nif,Morrowind
w\Tx_Steel_star.tga,Weapon,flamestar,Flamestar,w\W_Steel_star .NIF,Morrowind
w\Tx_Steel_star.tga,Weapon,shardstar,Shardstar,w\W_Steel_star .NIF,Morrowind
w\Tx_Steel_star.tga,Weapon,sparkstar,Sparkstar,w\W_Steel_star .NIF,Morrowind
w\Tx_Steel_star.tga,Weapon,steel throwing star,Steel Throwing Star,w\W_Steel_star .NIF,Morrowind
w\Tx_Steel_star.tga,Weapon,viperstar,Viperstar,w\W_Steel_star .NIF,Morrowind
w\Tx_Tanto.tga,Weapon,demon tanto,Demon Tanto,w\W_Tanto.nif,Morrowind
w\Tx_Tanto.tga,Weapon,devil tanto,Devil Tanto,w\W_Tanto.nif,Morrowind
w\Tx_Tanto.tga,Weapon,devil_tanto_tgamg,Anarenen's Devil Tanto,w\W_Tanto.nif,Morrowind
w\Tx_Tanto.tga,Weapon,fiend tanto,Fiend Tanto,w\W_Tanto.nif,Morrowind
w\Tx_Tanto.tga,Weapon,steel tanto,Steel Tanto,w\W_Tanto.nif,Morrowind
w\Tx_W_Almalexia_Scimitar.dds,Weapon,Sword of Almalexia,Hopesfire,w\W_Almalexia_Scimitar.NIF,Morrowind/Tribunal
w\Tx_W_DwarvenSphereDart.dds,Weapon,centurion_projectile_dart,Dwarven Dart,w\W_DwarvenSphereDart.NIF,Morrowind/Tribunal
w\Tx_W_DwarvenSphereDart.dds,Weapon,centurion_projectile_dart_shock,Dwarven Shock Dart,w\W_DwarvenSphereDart.NIF,Morrowind/Tribunal
w\Tx_W_NerevarBlade.dds,Weapon,nerevarblade_01,Trueflame,w\W_NerevarBlade_regular.NIF,Morrowind/Tribunal
w\Tx_W_NerevarBladeMiddle.dds,Weapon,bladepiece_01,Odd Dwemer Weapon,w\W_NerevarBladeMiddle.NIF,Morrowind/Tribunal
w\Tx_Wakazashi.tga,Weapon,steel wakizashi,Steel Wakizashi,w\W_Wakizashi.nif,Morrowind
w\Tx_WarAxe_Nordic.tga,Weapon,Stormkiss,Stormkiss,w\W_Nordic_BattleAxe.nif,Morrowind
w\Tx_WarAxe_Nordic.tga,Weapon,bm reaver battle axe,Blood Axe,w\W_Nordic_BattleAxe.nif,Morrowind/Bloodmoon
w\Tx_WarAxe_Nordic.tga,Weapon,nordic battle axe,Nordic Battle Axe,w\W_Nordic_BattleAxe.nif,Morrowind
w\Tx_WarAxe_Nordic.tga,Weapon,widowmaker_unique,Widowmaker,w\W_Nordic_BattleAxe.nif,Morrowind
w\Tx_Warhammer.tga,Weapon,shockbite warhammer,Shockbite Warhammer,w\W_Warhammer.nif,Morrowind
w\Tx_Warhammer.tga,Weapon,steel flamemauler,Steel Flamemauler,w\W_Warhammer.nif,Morrowind
w\Tx_Warhammer.tga,Weapon,steel shardmauler,Steel Shardmauler,w\W_Warhammer.nif,Morrowind
w\Tx_Warhammer.tga,Weapon,steel sparkmauler,Steel Sparkmauler,w\W_Warhammer.nif,Morrowind
w\Tx_Warhammer.tga,Weapon,steel vipermauler,Steel Vipermauler,w\W_Warhammer.nif,Morrowind
w\Tx_Warhammer.tga,Weapon,steel warhammer,Steel Warhammer,w\W_Warhammer.nif,Morrowind
w\Tx_Warhammer.tga,Weapon,steel warhammer,Steel Warhammer,w\W_Warhammer.nif,Morrowind/Tribunal
w\Tx_Warhammer.tga,Weapon,steel warhammer of smiting,Steel Warhammer of Smiting,w\W_Warhammer.nif,Morrowind
w\Tx_Warhammer.tga,Weapon,warhammer_rammekald_unique,Rammekald,w\W_Warhammer.nif,Morrowind/Bloodmoon
w\Tx_chitin_club.tga,Weapon,chitin club,Chitin Club,w\W_chitin_club.nif,Morrowind
w\Tx_chitin_club.tga,Weapon,firebite club,Firebite Club,w\W_chitin_club.nif,Morrowind
w\Tx_chitin_dagger.tga,Weapon,Dagger of Judgement,Dagger of Judgement,w\W_dagger_chitin.nif,Morrowind
w\Tx_chitin_dagger.tga,Weapon,chitin dagger,Chitin Dagger,w\W_dagger_chitin.nif,Morrowind
w\Tx_chitin_dagger.tga,Weapon,dagoth dagger,Dagoth Dagger,w\W_dagger_chitin.nif,Morrowind
w\Tx_chitin_dagger.tga,Weapon,firebite dagger,Firebite Dagger,w\W_dagger_chitin.nif,Morrowind
w\Tx_chitin_shortsword.tga,Weapon,chitin shortsword,Chitin Shortsword,w\W_Shortsword_chitin.nif,Morrowind
w\Tx_chitin_shortsword.tga,Weapon,firebite sword,Firebite Sword,w\W_Shortsword_chitin.nif,Morrowind
w\Tx_chitin_shortsword.tga,Weapon,racerbeak,Racerbeak,w\W_Shortsword_chitin.nif,Morrowind
w\Tx_chitin_spear.tga,Weapon,Airan_Ahhe's_Spirit_Spear_uniq,Airan-Ahhe's Spirit Spear,w\w_chitin_spear.nif,Morrowind
w\Tx_chitin_spear.tga,Weapon,chitin spear,Chitin Spear,w\w_chitin_spear.nif,Morrowind
w\Tx_chitin_spear.tga,Weapon,erur_dan_spear_unique,Erud-Dan's Spear,w\w_chitin_spear.nif,Morrowind
w\Tx_chitin_spear.tga,Weapon,water spear,Water Spear,w\w_chitin_spear.nif,Morrowind
w\Tx_chitin_warAxe.tga,Weapon,Karpal's Friend,Karpal's Friend,w\W_Chitin_Axe.nif,Morrowind
w\Tx_chitin_warAxe.tga,Weapon,Wind of Ahaz,Wind of Ahaz,w\W_Chitin_Axe.nif,Morrowind
w\Tx_chitin_warAxe.tga,Weapon,chitin war axe,Chitin War Axe,w\W_Chitin_Axe.nif,Morrowind
w\Tx_chitin_warAxe.tga,Weapon,firebite war axe,Firebite War Axe,w\W_Chitin_Axe.nif,Morrowind
w\Tx_club01.tga,Weapon,spiked club,Spiked Club,w\W_Club00.nif,Morrowind
w\Tx_club_daedric.tga,Weapon,daedric club,Daedric Club,w\W_club_daedric.nif,Morrowind
w\Tx_club_daedric.tga,Weapon,daedric_club_tgdc,Anora's Club,w\W_club_daedric.nif,Morrowind
w\Tx_club_daedric.tga,Weapon,mephala's teacher,Mephala's Teacher,w\W_club_daedric.nif,Morrowind
w\Tx_club_iron.tga,Weapon,iron club,Iron Club,w\W_CLUB_IRON.nif,Morrowind
w\Tx_dagger_dragon.tga,Weapon,cruel flameblade,Cruel Flameblade,w\W_Dagger_dragon.nif,Morrowind
w\Tx_dagger_dragon.tga,Weapon,cruel shardblade,Cruel Shardblade,w\W_Dagger_dragon.nif,Morrowind
w\Tx_dagger_dragon.tga,Weapon,cruel sparkblade,Cruel Sparkblade,w\W_Dagger_dragon.nif,Morrowind
w\Tx_dagger_dragon.tga,Weapon,cruel viperblade,Cruel Viperblade,w\W_Dagger_dragon.nif,Morrowind
w\Tx_dagger_dragon.tga,Weapon,dire flameblade,Dire Flameblade,w\W_Dagger_dragon.nif,Morrowind
w\Tx_dagger_dragon.tga,Weapon,dire shardblade,Dire Shardblade,w\W_Dagger_dragon.nif,Morrowind
w\Tx_dagger_dragon.tga,Weapon,dire sparkblade,Dire Sparkblade,w\W_Dagger_dragon.nif,Morrowind
w\Tx_dagger_dragon.tga,Weapon,dire viperblade,Dire Viperblade,w\W_Dagger_dragon.nif,Morrowind
w\Tx_dagger_dragon.tga,Weapon,glass_dagger_enamor,Enamor,w\W_Dagger_dragon.nif,Morrowind
w\Tx_dagger_dragon.tga,Weapon,steel blade of heaven,Steel Blade of Heaven,w\W_Dagger_dragon.nif,Morrowind
w\Tx_dagger_dragon.tga,Weapon,steel dagger,Steel Dagger,w\W_Dagger_dragon.nif,Morrowind
w\Tx_dagger_dragon.tga,Weapon,steel dagger of swiftblade,Steel Dagger of Swiftblade,w\W_Dagger_dragon.nif,Morrowind
w\Tx_dagger_dragon.tga,Weapon,steel jinkblade,Steel Jinkblade,w\W_Dagger_dragon.nif,Morrowind
w\Tx_dagger_dragon.tga,Weapon,steel jinkblade of the aegis,Steel Jinkblade of the Aegis,w\W_Dagger_dragon.nif,Morrowind
w\Tx_dagger_dragon.tga,Weapon,steel throwing knife,Steel Throwing Knife,w\W_Dagger_dragon.nif,Morrowind
w\Tx_dagger_dragon.tga,Weapon,throwing knife of sureflight,Throwing Knife of Sureflight,w\W_Dagger_dragon.nif,Morrowind
w\Tx_dagger_iron.tga,Weapon,Rusty_Dagger_UNIQUE,A Rusty Dagger,w\W_iron_dagger.nif,Morrowind
w\Tx_dagger_iron.tga,Weapon,chargen dagger,Iron Dagger,w\W_iron_dagger.nif,Morrowind
w\Tx_dagger_iron.tga,Weapon,iron dagger,Iron Dagger,w\W_iron_dagger.nif,Morrowind
w\Tx_dagger_iron.tga,Weapon,iron dagger_telasero_unique,Iron Dagger,w\W_iron_dagger.nif,Morrowind
w\Tx_dagger_iron.tga,Weapon,iron spider dagger,Iron Spider Dagger,w\W_iron_dagger.nif,Morrowind
w\Tx_dai-katana_daedric.tga,Weapon,Gravedigger,Gravedigger,w\W_Dai-katana_daedric.nif,Morrowind/Tribunal
w\Tx_dai-katana_daedric.tga,Weapon,daedric dai-katana,Daedric Dai-katana,w\W_Dai-katana_daedric.nif,Morrowind
w\Tx_daikatana.tga,Weapon,steel dai-katana,Steel Dai-katana,w\W_Daikatana.nif,Morrowind
w\Tx_daikatana.tga,Weapon,steel flamescythe,Steel Flamescythe,w\W_Daikatana.nif,Morrowind
w\Tx_daikatana.tga,Weapon,steel shardscythe,Steel Shardscythe,w\W_Daikatana.nif,Morrowind
w\Tx_daikatana.tga,Weapon,steel sparkscythe,Steel Sparkscythe,w\W_Daikatana.nif,Morrowind
w\Tx_daikatana.tga,Weapon,steel viperscythe,Steel Viperscythe,w\W_Daikatana.nif,Morrowind
w\Tx_halberd_glass.tga,Weapon,glass halberd,Glass Halberd,w\W_halberd_glass.nif,Morrowind
w\Tx_halberd_iron.tga,Weapon,iron flamecleaver,Iron Flamecleaver,w\W_halberd_iron.nif,Morrowind
w\Tx_halberd_iron.tga,Weapon,iron halberd,Iron Halberd,w\W_halberd_iron.nif,Morrowind
w\Tx_halberd_iron.tga,Weapon,iron shardcleaver,Iron Shardcleaver,w\W_halberd_iron.nif,Morrowind
w\Tx_halberd_iron.tga,Weapon,iron sparkcleaver,Iron Sparkcleaver,w\W_halberd_iron.nif,Morrowind
w\Tx_halberd_iron.tga,Weapon,iron vipercleaver,Iron Vipercleaver,w\W_halberd_iron.nif,Morrowind
w\Tx_halberd_steel.tga,Weapon,shockbite halberd,Shockbite Halberd,w\W_HALBERD_STEEL.nif,Morrowind
w\Tx_halberd_steel.tga,Weapon,steel flamecleaver,Steel Flamecleaver,w\W_HALBERD_STEEL.nif,Morrowind
w\Tx_halberd_steel.tga,Weapon,steel halberd,Steel Halberd,w\W_HALBERD_STEEL.nif,Morrowind
w\Tx_halberd_steel.tga,Weapon,steel shardcleaver,Steel Shardcleaver,w\W_HALBERD_STEEL.nif,Morrowind
w\Tx_halberd_steel.tga,Weapon,steel sparkcleaver,Steel Sparkcleaver,w\W_HALBERD_STEEL.nif,Morrowind
w\Tx_halberd_steel.tga,Weapon,steel vipercleaver,Steel Vipercleaver,w\W_HALBERD_STEEL.nif,Morrowind
w\Tx_katana_daedric.tga,Weapon,daedric katana,Daedric Katana,w\W_katana_daedric.nif,Morrowind
w\Tx_knife_iron.tga,Weapon,flying viper,Flying Viper,w\W_KNIFE_IRON.nif,Morrowind
w\Tx_knife_iron.tga,Weapon,iron throwing knife,Iron Throwing Knife,w\W_KNIFE_IRON.nif,Morrowind
w\Tx_longspear_ebony.tga,Weapon,ebony spear,Ebony Spear,w\W_longspear_ebony.nif,Morrowind
w\Tx_longspear_ebony.tga,Weapon,ebony spear_blessed_unique,Blessed Spear,w\W_longspear_ebony.nif,Morrowind/Tribunal
w\Tx_longspear_ebony.tga,Weapon,ebony spear_hrce_unique,Ebony Spear,w\W_longspear_ebony.nif,Morrowind
w\Tx_mace_daedric.tga,Weapon,bound_mace,Bound Mace,w\W_mace_daedric.nif,Morrowind
w\Tx_mace_daedric.tga,Weapon,daedric mace,Daedric Mace,w\W_mace_daedric.nif,Morrowind
w\Tx_mace_daedric.tga,Weapon,daedric mace,Daedric Mace,w\W_mace_daedric.nif,Morrowind/Bloodmoon
w\Tx_mace_ebony.tga,Weapon,daunting mace,Daunting Mace,w\W_mace_ebony.nif,Morrowind
w\Tx_mace_ebony.tga,Weapon,demon mace,Demon Mace,w\W_mace_ebony.nif,Morrowind
w\Tx_mace_ebony.tga,Weapon,ebony mace,Ebony Mace,w\W_mace_ebony.nif,Morrowind
w\Tx_orcish_waraxe.tga,Weapon,orcish battle axe,Orcish Battle Axe,w\W_Orcish_battleaxe.nif,Morrowind
w\Tx_orcish_warhammer.tga,Weapon,orcish warhammer,Orc Warhammer,w\W_Orcish_warhammer.NIF,Morrowind
w\Tx_silver_dagger.tga,Weapon,Silver Dagger_Hanin Cursed,Ancient Silver Dagger,w\W_silver_dagger.nif,Morrowind
w\Tx_silver_dagger.tga,Weapon,Silver Dagger_Hanin Cursed,Ancient Silver Dagger,w\W_silver_dagger.nif,Morrowind/Bloodmoon
w\Tx_silver_dagger.tga,Weapon,silver dagger,Silver Dagger,w\W_silver_dagger.nif,Morrowind
w\Tx_silver_dagger.tga,Weapon,silver dagger,Silver Dagger,w\W_silver_dagger.nif,Morrowind/Bloodmoon
w\Tx_silver_dagger.tga,Weapon,silver dagger_droth_unique,Droth Dagger,w\W_silver_dagger.nif,Morrowind/Tribunal
w\Tx_silver_dagger.tga,Weapon,silver dagger_droth_unique_a,Droth Dagger,w\W_silver_dagger.nif,Morrowind/Tribunal
w\Tx_silver_dagger.tga,Weapon,silver dagger_iryon_unique,Iryon Dagger,w\W_silver_dagger.nif,Morrowind/Tribunal
w\Tx_silver_dagger.tga,Weapon,silver dagger_othril_unique,Othril Dagger,w\W_silver_dagger.nif,Morrowind/Tribunal
w\Tx_silver_dagger.tga,Weapon,silver dagger_rathalas_unique,Rathalas Dagger,w\W_silver_dagger.nif,Morrowind/Tribunal
w\Tx_silver_spear.tga,Weapon,Greed,Greed,w\W_silver_spear.nif,Morrowind
w\Tx_silver_spear.tga,Weapon,silver flameskewer,Silver Flameskewer,w\W_silver_spear.nif,Morrowind
w\Tx_silver_spear.tga,Weapon,silver flameskewer,Silver Flameskewer,w\W_silver_spear.nif,Morrowind/Bloodmoon
w\Tx_silver_spear.tga,Weapon,silver shardskewer,Silver Flameskewer,w\W_silver_spear.nif,Morrowind
w\Tx_silver_spear.tga,Weapon,silver shardskewer,Silver Flameskewer,w\W_silver_spear.nif,Morrowind/Bloodmoon
w\Tx_silver_spear.tga,Weapon,silver sparkskewer,Silver Sparkskewer,w\W_silver_spear.nif,Morrowind
w\Tx_silver_spear.tga,Weapon,silver sparkskewer,Silver Sparkskewer,w\W_silver_spear.nif,Morrowind/Bloodmoon
w\Tx_silver_spear.tga,Weapon,silver spear,Silver Spear,w\W_silver_spear.nif,Morrowind
w\Tx_silver_spear.tga,Weapon,silver spear,Silver Spear,w\W_silver_spear.nif,Morrowind/Bloodmoon
w\Tx_silver_spear.tga,Weapon,silver spear_uvenim,Silver Spear,w\W_silver_spear.nif,Morrowind/Tribunal
w\Tx_silver_spear.tga,Weapon,silver viperskewer,Silver Viperskewer,w\W_silver_spear.nif,Morrowind
w\Tx_silver_spear.tga,Weapon,silver viperskewer,Silver Viperskewer,w\W_silver_spear.nif,Morrowind/Bloodmoon
w\Tx_silver_staff.tga,Weapon,Lucky_Break,Haakon's Lucky Break,w\W_silver_staff.nif,Morrowind/Bloodmoon
w\Tx_silver_staff.tga,Weapon,divine judgement silver staff,Divine Judgement Silver Staff,w\W_silver_staff.nif,Morrowind
w\Tx_silver_staff.tga,Weapon,herder_crook,Herder's Crook,w\W_silver_staff.nif,Morrowind
w\Tx_silver_staff.tga,Weapon,peacemaker,Peacemaker,w\W_silver_staff.nif,Morrowind
w\Tx_silver_staff.tga,Weapon,silver staff,Silver Staff,w\W_silver_staff.nif,Morrowind
w\Tx_silver_staff.tga,Weapon,silver staff,Silver Staff,w\W_silver_staff.nif,Morrowind/Bloodmoon
w\Tx_silver_staff.tga,Weapon,silver staff,Silver Staff,w\W_silver_staff.nif,Morrowind/Tribunal
w\Tx_silver_staff.tga,Weapon,silver staff of chastening,Silver Staff of Chastening,w\W_silver_staff.nif,Morrowind
w\Tx_silver_staff.tga,Weapon,silver staff of chastening,Silver Staff of Chastening,w\W_silver_staff.nif,Morrowind/Bloodmoon
w\Tx_silver_staff.tga,Weapon,silver staff of hunger,Silver Staff of Hunger,w\W_silver_staff.nif,Morrowind
w\Tx_silver_staff.tga,Weapon,silver staff of hunger,Silver Staff of Hunger,w\W_silver_staff.nif,Morrowind/Bloodmoon
w\Tx_silver_staff.tga,Weapon,silver staff of paralysis,Silver Staff of Paralysis,w\W_silver_staff.nif,Morrowind/Bloodmoon
w\Tx_silver_staff.tga,Weapon,silver staff of peace,Silver Staff of Peace,w\W_silver_staff.nif,Morrowind
w\Tx_silver_staff.tga,Weapon,silver staff of peace,Silver Staff of Peace,w\W_silver_staff.nif,Morrowind/Bloodmoon
w\Tx_silver_staff.tga,Weapon,silver staff of reckoning,Silver Staff of Reckoning,w\W_silver_staff.nif,Morrowind
w\Tx_silver_staff.tga,Weapon,silver staff of reckoning,Silver Staff of Reckoning,w\W_silver_staff.nif,Morrowind/Bloodmoon
w\Tx_silver_staff.tga,Weapon,silver staff of shaming,Silver Staff of Shaming,w\W_silver_staff.nif,Morrowind
w\Tx_silver_staff.tga,Weapon,silver staff of shaming,Silver Staff of Shaming,w\W_silver_staff.nif,Morrowind/Bloodmoon
w\Tx_silver_staff.tga,Weapon,silver staff of war,Silver Staff of War,w\W_silver_staff.nif,Morrowind
w\Tx_silver_staff.tga,Weapon,silver staff of war,Silver Staff of War,w\W_silver_staff.nif,Morrowind/Bloodmoon
w\Tx_silver_staff.tga,Weapon,silver_staff_dawn_uniq,Silver Staff,w\W_silver_staff.nif,Morrowind
w\Tx_silver_staff.tga,Weapon,silver_staff_dawn_uniq,Silver Staff,w\W_silver_staff.nif,Morrowind/Bloodmoon
w\Tx_silver_waraxe.tga,Weapon,silver axe of paralysis,Silver Axe of Paralysis,w\W_silver_waraxe.nif,Morrowind/Bloodmoon
w\Tx_silver_waraxe.tga,Weapon,silver flameaxe,Silver Flameaxe,w\W_silver_waraxe.nif,Morrowind
w\Tx_silver_waraxe.tga,Weapon,silver flameaxe,Silver Flameaxe,w\W_silver_waraxe.nif,Morrowind/Bloodmoon
w\Tx_silver_waraxe.tga,Weapon,silver shardaxe,Silver Shardaxe,w\W_silver_waraxe.nif,Morrowind
w\Tx_silver_waraxe.tga,Weapon,silver shardaxe,Silver Shardaxe,w\W_silver_waraxe.nif,Morrowind/Bloodmoon
w\Tx_silver_waraxe.tga,Weapon,silver sparkaxe,Silver Sparkaxe,w\W_silver_waraxe.nif,Morrowind
w\Tx_silver_waraxe.tga,Weapon,silver sparkaxe,Silver Sparkaxe,w\W_silver_waraxe.nif,Morrowind/Bloodmoon
w\Tx_silver_waraxe.tga,Weapon,silver viperaxe,Silver Viperaxe,w\W_silver_waraxe.nif,Morrowind
w\Tx_silver_waraxe.tga,Weapon,silver viperaxe,Silver Viperaxe,w\W_silver_waraxe.nif,Morrowind/Bloodmoon
w\Tx_silver_waraxe.tga,Weapon,silver war axe,Silver War Axe,w\W_silver_waraxe.nif,Morrowind
w\Tx_silver_waraxe.tga,Weapon,silver war axe,Silver War Axe,w\W_silver_waraxe.nif,Morrowind/Bloodmoon
w\Tx_silver_waraxe.tga,Weapon,silver war axe,Silver War Axe,w\W_silver_waraxe.nif,Morrowind/Tribunal
w\Tx_spear_daedric.tga,Weapon,bound_spear,Bound Spear,w\W_spear_daedric.nif,Morrowind
w\Tx_spear_daedric.tga,Weapon,daedric spear,Daedric Spear,w\W_spear_daedric.nif,Morrowind
w\Tx_staff_daedric.tga,Weapon,boethiah's walking stick,Boethiah's Walking Stick,w\W_staff_daedric.nif,Morrowind
w\Tx_staff_daedric.tga,Weapon,daedric staff,Daedric Staff,w\W_staff_daedric.nif,Morrowind
w\Tx_staff_ebony.tga,Weapon,bm_ebony_staff_necro,Staff of Carnal Channeling,w\W_staff_ebony.nif,Morrowind/Bloodmoon
w\Tx_staff_ebony.tga,Weapon,ebony staff,Ebony Staff,w\W_staff_ebony.nif,Morrowind
w\Tx_staff_ebony.tga,Weapon,ebony staff caper,Felen's Ebony Staff,w\W_staff_ebony.nif,Morrowind
w\Tx_staff_ebony.tga,Weapon,ebony wizard's staff,Wizard's Staff,w\W_staff_ebony.nif,Morrowind
w\Tx_staff_ebony.tga,Weapon,ebony_staff_tges,Maryon's Staff,w\W_staff_ebony.nif,Morrowind
w\Tx_staff_ebony.tga,Weapon,staff of the forefathers,Staff of the Forefathers,w\W_staff_ebony.nif,Morrowind
w\Tx_staff_ebony.tga,Weapon,we_hellfirestaff,Hellfire Staff,w\W_staff_ebony.nif,Morrowind
w\Tx_staff_glass.tga,Weapon,glass staff,Glass Staff,w\W_staff_glass.nif,Morrowind
w\Tx_steel_battleaxe.tga,Weapon,cloudcleaver_unique,Cloudcleaver,w\W_steel_battleaxe.nif,Morrowind
w\Tx_steel_battleaxe.tga,Weapon,fiend battle axe,Fiend Battle Axe,w\W_steel_battleaxe.nif,Morrowind
w\Tx_steel_battleaxe.tga,Weapon,shockbite battle axe,Shockbite Battle Axe,w\W_steel_battleaxe.nif,Morrowind
w\Tx_steel_battleaxe.tga,Weapon,steel battle axe,Steel Battle Axe,w\W_steel_battleaxe.nif,Morrowind
w\Tx_steel_battleaxe.tga,Weapon,steel battle axe,Steel Battle Axe,w\W_steel_battleaxe.nif,Morrowind/Tribunal
w\Tx_tanto_daedric.tga,Weapon,daedric tanto,Daedric Tanto,w\W_tanto_daedric.nif,Morrowind
w\Tx_tanto_iron.tga,Weapon,iron tanto,Iron Tanto,w\W_Tanto.nif,Morrowind
w\Tx_w_Adtium_Axe.dds,Weapon,adamantium_axe,Admantium Axe,w\W_Adamantium_Axe.NIF,Morrowind/Tribunal
w\Tx_w_Adtium_Claymore.dds,Weapon,adamantium_claymore,Adamantium Claymore,w\W_Adamantium_Claymore.NIF,Morrowind/Tribunal
w\Tx_w_Adtium_Mace.dds,Weapon,adamantium_mace,Adamantium Mace,w\W_Adamantium_Mace.NIF,Morrowind/Tribunal
w\Tx_w_Adtium_Shortsword.dds,Weapon,adamantium_shortsword,Adamantium Shortsword,w\W_Adamantium_ShortSword.NIF,Morrowind/Tribunal
w\Tx_w_Adtium_Shortsword.dds,Weapon,adamantium_shortsword_db,Adamantium Jinkblade of Wounds,w\W_Adamantium_ShortSword.NIF,Morrowind/Tribunal
w\Tx_w_Adtium_Spear.dds,Weapon,adamantium_spear,Adamantium Spear,w\W_Adamantium_Spear.NIF,Morrowind/Tribunal
w\Tx_w_Goblin_Club.dds,Weapon,goblin_club,Goblin Club,w\W_Goblin_Club.NIF,Morrowind/Tribunal
w\Tx_w_Goblin_Sword.dds,Weapon,goblin_sword,Goblin Sword,w\W_Goblin_Sword.NIF,Morrowind/Tribunal
w\Tx_wakazashi_daedric.tga,Weapon,daedric wakizashi,Daedric Wakizashi,w\W_wakazashi_daedric.nif,Morrowind
w\Tx_wakazashi_daedric.tga,Weapon,daedric wakizashi_hhst,Daedric Wakizashi,w\W_wakazashi_daedric.nif,Morrowind
w\Tx_wakazashi_iron.tga,Weapon,iron wakizashi,Iron Wakizashi,w\W_wakizashi_iron.nif,Morrowind
w\Tx_waraxe_daedric.tga,Weapon,daedric war axe,Daedric War Axe,w\W_waraxe_daedric.nif,Morrowind
w\Tx_waraxe_ebony.tga,Weapon,ebony war axe,Ebony War Axe,w\W_waraxe_ebony.nif,Morrowind
w\Tx_waraxe_ebony.tga,Weapon,ebony war axe_elanande,Elanande's War Axe,w\W_waraxe_ebony.nif,Morrowind/Tribunal
w\Tx_waraxe_glass.tga,Weapon,conoon_chodala_axe_unique,Conoon Chodala's Axe,w\W_waraxe_glass.nif,Morrowind
w\Tx_waraxe_glass.tga,Weapon,glass war axe,Glass War Axe,w\W_waraxe_glass.nif,Morrowind
w\Tx_waraxe_glass.tga,Weapon,war_axe_airan_ammu,War Axe of Airan Ammu,w\W_waraxe_glass.nif,Morrowind
w\Tx_waraxe_iron.tga,Weapon,iron sparkaxe,Iron Sparkaxe,w\W_WARAXE_IRON.nif,Morrowind
w\Tx_waraxe_iron.tga,Weapon,iron viperaxe,Iron Viperaxe,w\W_WARAXE_IRON.nif,Morrowind
w\Tx_waraxe_iron.tga,Weapon,iron war axe,Iron War Axe,w\W_WARAXE_IRON.nif,Morrowind
w\Tx_warhammer_daedric.tga,Weapon,daedric warhammer,Daedric Warhammer,w\W_warhammer_daedric.nif,Morrowind
w\Tx_warhammer_daedric.tga,Weapon,daedric warhammer_ttgd,Veloth's Judgement,w\W_warhammer_daedric.nif,Morrowind
w\Tx_warhammer_daedric.tga,Weapon,daedric warhammer_ttgd_x,Veloth's Judgement,w\W_warhammer_daedric.nif,Morrowind/Tribunal
w\Tx_warhammer_iron.tga,Weapon,banhammer_unique,BanHammer,w\w_warhammer_iron.nif,Morrowind
w\Tx_warhammer_iron.tga,Weapon,iron flamemauler,Iron Flamemauler,w\w_warhammer_iron.nif,Morrowind
w\Tx_warhammer_iron.tga,Weapon,iron shardmauler,Iron Shardmauler,w\w_warhammer_iron.nif,Morrowind
w\Tx_warhammer_iron.tga,Weapon,iron sparkmauler,Iron Sparkmauler,w\w_warhammer_iron.nif,Morrowind
w\Tx_warhammer_iron.tga,Weapon,iron vipermauler,Iron Vipermauler,w\w_warhammer_iron.nif,Morrowind
w\Tx_warhammer_iron.tga,Weapon,iron warhammer,Iron Warhammer,w\w_warhammer_iron.nif,Morrowind
w\Tx_wooden_staff.tga,Weapon,staff_of_llevule,Staff of Llevule,w\W_wooden_staff.nif,Morrowind
w\Tx_wooden_staff.tga,Weapon,wooden staff,Wooden Staff,w\W_wooden_staff.nif,Morrowind
w\Tx_wooden_staff.tga,Weapon,wooden staff of chastening,Wooden Staff of Chastening,w\W_wooden_staff.nif,Morrowind
w\Tx_wooden_staff.tga,Weapon,wooden staff of divine,Wooden Staff of Judgement,w\W_wooden_staff.nif,Morrowind
w\Tx_wooden_staff.tga,Weapon,wooden staff of peace,Wooden Staff of Peace,w\W_wooden_staff.nif,Morrowind
w\Tx_wooden_staff.tga,Weapon,wooden staff of shaming,Wooden Staff of Shaming,w\W_wooden_staff.nif,Morrowind
w\Tx_wooden_staff.tga,Weapon,wooden staff of war,Wooden Staff of War,w\W_wooden_staff.nif,Morrowind
w\W_6th_Hammer.tga,Weapon,6th bell hammer,Sixth House Bell Hammer,w\W_6th_Hammer.NIF,Morrowind
w\W_De_Fork.tga,Weapon,fork_horripilation_unique,Fork of Horripilation,w\W_De_Fork.NIF,Morrowind
w\W_De_Fork.tga,Weapon,iron fork,Iron Fork,w\W_De_Fork.NIF,Morrowind
w\W_Nerevar_Blade_Fire.dds,Weapon,nerevarblade_01_flame,Trueflame,w\W_NerevarBlade_flame.NIF,Morrowind/Tribunal
w\W_claymore_chrys.tga,Weapon,claymore_chrysamere_unique,Chrysamere,w\W_art_claymore_chrys.NIF,Morrowind
w\W_claymore_chrys.tga,Weapon,claymore_chrysamere_unique_x,Chrysamere,w\W_art_claymore_chrys.NIF,Morrowind/Tribunal
w\W_claymore_iceblade.tga,Weapon,claymore_iceblade_unique,Ice Blade of the Monarch,w\W_art_claymore_iceblade.NIF,Morrowind
w\W_claymore_iceblade.tga,Weapon,claymore_iceblade_unique_x,Ice Blade of the Monarch,w\W_art_claymore_iceblade.NIF,Morrowind/Tribunal
w\W_dagger_fang.tga,Weapon,dagger_fang_unique,Fang of Haynekhtnamet,w\W_art_dagger_fang.NIF,Morrowind
w\W_dagger_fang.tga,Weapon,dagger_fang_unique_x,Fang of Haynekhtnamet,w\W_art_dagger_fang.NIF,Morrowind/Tribunal
w\W_katana_goldbrand.tga,Weapon,katana_bluebrand_unique,Eltonbrand,w\W_art_katana_goldbrand.NIF,Morrowind
w\W_katana_goldbrand.tga,Weapon,katana_goldbrand_unique,Goldbrand,w\W_art_katana_goldbrand.NIF,Morrowind
w\W_katana_goldbrand.tga,Weapon,katana_goldbrand_unique_x,Goldbrand,w\W_art_katana_goldbrand.NIF,Morrowind/Tribunal
w\W_longbow_shadows.tga,Weapon,longbow_shadows_unique,Bow of Shadows,w\w_art_longbow_shade.NIF,Morrowind
w\W_longbow_shadows.tga,Weapon,longbow_shadows_unique_x,Bow of Shadows,w\w_art_longbow_shade.NIF,Morrowind/Tribunal
w\W_longsword_umbra.tga,Weapon,longsword_umbra_unique,Umbra Sword,w\W_art_claymore_umbra.NIF,Morrowind
w\W_longsword_umbra.tga,Weapon,longsword_umbra_unique,Umbra Sword,w\W_art_claymore_umbra.NIF,Morrowind/Tribunal
w\W_longsword_umbra.tga,Weapon,longsword_umbra_unique_x,Umbra Sword,w\W_art_claymore_umbra.NIF,Morrowind/Tribunal
w\W_mace_scourge.tga,Weapon,daedric_scourge_unique,Scourge,w\W_art_mace_scourge.NIF,Morrowind
w\W_spear_mercy.tga,Weapon,spear_mercy_unique,Spear of Bitter Mercy,w\W_art_spear_mercy.NIF,Morrowind
w\W_spear_mercy.tga,Weapon,spear_mercy_unique_x,Spear of Bitter Mercy,w\W_art_spear_mercy.NIF,Morrowind/Tribunal
w\W_staff_hasedoki.tga,Weapon,staff_hasedoki_unique,Staff of Hasedoki,w\W_art_staff_hasedoki.NIF,Morrowind
w\W_staff_hasedoki.tga,Weapon,staff_hasedoki_unique_x,Staff of Hasedoki,w\W_art_staff_hasedoki.NIF,Morrowind/Tribunal
w\W_staff_magnus.tga,Weapon,staff_magnus_unique,Staff of Magnus,w\W_art_staff_magnus.NIF,Morrowind
w\W_staff_magnus.tga,Weapon,staff_magnus_unique_x,Staff of Magnus,w\W_art_staff_magnus.NIF,Morrowind/Tribunal
w\W_warhammer_crusher.tga,Weapon,warhammer_crusher_unique,Skull Crusher,w\W_art_warhammer_crusher.NIF,Morrowind
w\W_warhammer_crusher.tga,Weapon,warhammer_crusher_unique_x,Skull Crusher,w\W_art_warhammer_crusher.NIF,Morrowind/Tribunal
w\hircine_spear.dds,Weapon,BM_hunterspear_unique,Spear of the Hunter,w\w_hircine_spear.NIF,Morrowind/Bloodmoon
w\tx_Art_MolagBal_mace.tga,Weapon,mace of molag bal_unique,Mace of Molag Bal,w\W_Art_MolagBal_Mace.NIF,Morrowind
w\tx_Art_MolagBal_mace.tga,Weapon,mace of molag bal_unique_x,Mace of Molag Bal,w\W_Art_MolagBal_Mace.NIF,Morrowind/Tribunal
w\tx_Art_QueenofBats.tga,Weapon,axe_queen_of_bats_unique,Wings of the Queen of Bats,w\W_Art_QueenofBats.NIF,Morrowind
w\tx_arrow_bonemold.tga,Weapon,bonemold arrow,Bonemold Arrow,w\W_Bonemold_arrow.NIF,Morrowind
w\tx_arrow_bonemold.tga,Weapon,dire flamearrow,Dire Flamearrow,w\W_Bonemold_arrow.NIF,Morrowind
w\tx_arrow_bonemold.tga,Weapon,dire frostarrow,Dire Frostarrow,w\W_Bonemold_arrow.NIF,Morrowind
w\tx_arrow_bonemold.tga,Weapon,dire shardarrow,Dire Shardarrow,w\W_Bonemold_arrow.NIF,Morrowind
w\tx_arrow_bonemold.tga,Weapon,dire sparkarrow,Dire Sparkarrow,w\W_Bonemold_arrow.NIF,Morrowind
w\tx_arrow_bonemold.tga,Weapon,dire viperarrow,Dire Viperarrow,w\W_Bonemold_arrow.NIF,Morrowind
w\tx_arrow_bonemold.tga,Weapon,dire viperarrow,Dire Viperarrow,w\W_Bonemold_arrow.NIF,Morrowind/Tribunal
w\tx_arrow_chitin.tga,Weapon,BM_arrow_riekling_uni,Chitin Arrow,w\W_Chitin_arrow.NIF,Morrowind/Bloodmoon
w\tx_arrow_chitin.tga,Weapon,chitin arrow,Chitin Arrow,w\W_Chitin_arrow.NIF,Morrowind
w\tx_arrow_corkbulb.tga,Weapon,corkbulb arrow,Corkbulb Arrow,w\W_CorkBulb_arrow.NIF,Morrowind
w\tx_arrow_daedric.tga,Weapon,daedric arrow,Daedric Arrow,w\W_daedric_Arrow.NIF,Morrowind
w\tx_arrow_ebony.tga,Weapon,bm_ebonyarrow_s,Ebony Arrow of Slaying,w\W_Ebony_arrow.NIF,Morrowind/Bloodmoon
w\tx_arrow_ebony.tga,Weapon,ebony arrow,Ebony Arrow,w\W_Ebony_arrow.NIF,Morrowind
w\tx_arrow_ebony.tga,Weapon,ebony arrow_sadri,PoisonGrip Arrow,w\W_Ebony_arrow.NIF,Morrowind/Tribunal
w\tx_arrow_glass.tga,Weapon,glass arrow,Glass Arrow,w\W_Glass_arrow.NIF,Morrowind
w\tx_arrow_iron.tga,Weapon,iron arrow,Iron Arrow,w\W_Iron_arrow.NIF,Morrowind
w\tx_arrow_iron.tga,Weapon,iron_arrow_uniq_judgement,Dart of Judgment,w\W_Iron_arrow.NIF,Morrowind
w\tx_arrow_silver.tga,Weapon,cruel flamearrow,Cruel Flamearrow,w\W_Silver_arrow.NIF,Morrowind
w\tx_arrow_silver.tga,Weapon,cruel frostarrow,Cruel Frostarrow,w\W_Silver_arrow.NIF,Morrowind
w\tx_arrow_silver.tga,Weapon,cruel shardarrow,Cruel Shardarrow,w\W_Silver_arrow.NIF,Morrowind
w\tx_arrow_silver.tga,Weapon,cruel sparkarrow,Cruel Sparkarrow,w\W_Silver_arrow.NIF,Morrowind
w\tx_arrow_silver.tga,Weapon,cruel viperarrow,Cruel Viperarrow,w\W_Silver_arrow.NIF,Morrowind
w\tx_arrow_silver.tga,Weapon,silver arrow,Silver Arrow,w\W_Silver_arrow.NIF,Morrowind
w\tx_arrow_silver.tga,Weapon,silver arrow,Silver Arrow,w\W_Silver_arrow.NIF,Morrowind/Bloodmoon
w\tx_arrow_silver.tga,Weapon,silver arrow_thirsk_0,Silver Arrow,w\W_Silver_arrow.NIF,Morrowind/Bloodmoon
w\tx_arrow_silver.tga,Weapon,silver arrow_thirsk_1,Silver Arrow,w\W_Silver_arrow.NIF,Morrowind/Bloodmoon
w\tx_arrow_silver.tga,Weapon,silver arrow_thirsk_2,Silver Arrow,w\W_Silver_arrow.NIF,Morrowind/Bloodmoon
w\tx_arrow_silver.tga,Weapon,silver arrow_thirsk_3,Silver Arrow,w\W_Silver_arrow.NIF,Morrowind/Bloodmoon
w\tx_arrow_silver.tga,Weapon,silver arrow_thirsk_4,Silver Arrow,w\W_Silver_arrow.NIF,Morrowind/Bloodmoon
w\tx_arrow_silver.tga,Weapon,silver arrow_thirsk_5,Silver Arrow,w\W_Silver_arrow.NIF,Morrowind/Bloodmoon
w\tx_arrow_silver.tga,Weapon,silver arrow_thirsk_6,Silver Arrow,w\W_Silver_arrow.NIF,Morrowind/Bloodmoon
w\tx_arrow_silver.tga,Weapon,silver arrow_thirsk_7,Silver Arrow,w\W_Silver_arrow.NIF,Morrowind/Bloodmoon
w\tx_arrow_silver.tga,Weapon,silver arrow_thirsk_8,Silver Arrow,w\W_Silver_arrow.NIF,Morrowind/Bloodmoon
w\tx_arrow_silver.tga,Weapon,silver arrow_thirsk_9,Silver Arrow,w\W_Silver_arrow.NIF,Morrowind/Bloodmoon
w\tx_arrow_steel.tga,Weapon,arrow of wasting flame,Arrow of Wasting Flame,w\W_Steel_Arrow.NIF,Morrowind
w\tx_arrow_steel.tga,Weapon,arrow of wasting shard,Arrow of Wasting Shard,w\W_Steel_Arrow.NIF,Morrowind
w\tx_arrow_steel.tga,Weapon,arrow of wasting spark,Arrow of Wasting Spark,w\W_Steel_Arrow.NIF,Morrowind
w\tx_arrow_steel.tga,Weapon,arrow of wasting viper,Arrow of Wasting Viper,w\W_Steel_Arrow.NIF,Morrowind
w\tx_arrow_steel.tga,Weapon,flame arrow,Flame Arrow,w\W_Steel_Arrow.NIF,Morrowind
w\tx_arrow_steel.tga,Weapon,grey shaft of holding,Grey Shaft of Holding,w\W_Steel_Arrow.NIF,Morrowind
w\tx_arrow_steel.tga,Weapon,grey shaft of nonsense,Grey Shaft of Nonsense,w\W_Steel_Arrow.NIF,Morrowind
w\tx_arrow_steel.tga,Weapon,grey shaft of unraveling,Grey Shaft of Unraveling,w\W_Steel_Arrow.NIF,Morrowind
w\tx_arrow_steel.tga,Weapon,shard arrow,Shard Arrow,w\W_Steel_Arrow.NIF,Morrowind
w\tx_arrow_steel.tga,Weapon,spark arrow,Spark Arrow,w\W_Steel_Arrow.NIF,Morrowind
w\tx_arrow_steel.tga,Weapon,steel arrow,Steel Arrow,w\W_Steel_Arrow.NIF,Morrowind
w\tx_arrow_steel.tga,Weapon,steel arrow_Carnius,Poisoned Arrow,w\W_Steel_Arrow.NIF,Morrowind/Bloodmoon
w\tx_arrow_steel.tga,Weapon,viper arrow,Viper Arrow,w\W_Steel_Arrow.NIF,Morrowind
w\tx_art_CleaverStFelms.tga,Weapon,cleaverstfelms,Cleaver of St. Felms,w\W_Art_CleaverStFelms.NIF,Morrowind
w\tx_art_Volendrung.tga,Weapon,dwarven_hammer_volendrung,Volendrung,w\W_Art_Volendrung.NIF,Morrowind
w\tx_art_azura_star.tga,Weapon,azura_star_unique,Azura's Star,w\W_Art_AzuraStar .NIF,Morrowind
w\tx_art_crescent.tga,Weapon,daedric_crescent_unique,Daedric Crescent,w\W_art_blade_crescent.NIF,Morrowind
w\tx_art_crosierStLlothis.tga,Weapon,crosierstllothis,Crosier of St. Llothis,w\W_Art_CrosierStLloth.NIF,Morrowind
w\tx_art_keening.tga,Weapon,keening,Keening,w\W_Art_keening.NIF,Morrowind
w\tx_art_sunder.tga,Weapon,sunder,Sunder,w\W_Art_sunder.NIF,Morrowind
w\tx_art_sunder.tga,Weapon,sunder_fake,* Sunder *,w\W_Art_sunder.NIF,Morrowind
w\tx_battleaxe_daedric.tga,Weapon,bound_battle_axe,Bound Battle Axe,w\W_battleaxe_daedric.NIF,Morrowind
w\tx_battleaxe_daedric.tga,Weapon,daedric battle axe,Daedric Battle Axe,w\W_battleaxe_daedric.NIF,Morrowind
w\tx_battleaxe_iron.tga,Weapon,iron battle axe,Iron Battle Axe,w\W_BATTLEAXE_IRON.nif,Morrowind
w\tx_battleaxe_iron.tga,Weapon,iron shardaxe,Iron Shardaxe,w\W_BATTLEAXE_IRON.nif,Morrowind
w\tx_bipolar_blade.tga,Weapon,Bipolar Blade,BiPolar Blade,w\W_Art_Bipolar_Blade.NIF,Morrowind/Tribunal
w\tx_bipolar_blade.tga,Weapon,Bipolar Blade_x,BiPolar Blade,w\W_Art_Bipolar_Blade.NIF,Morrowind/Tribunal
w\tx_bolt_bonemold.tga,Weapon,bonemold bolt,Bonemold Bolt,w\W_Bolt_bonemold.NIF,Morrowind
w\tx_bolt_bonemold.tga,Weapon,dire flame bolt,Dire Flamebolt,w\W_Bolt_bonemold.NIF,Morrowind
w\tx_bolt_bonemold.tga,Weapon,dire shard bolt,Dire Shardbolt,w\W_Bolt_bonemold.NIF,Morrowind
w\tx_bolt_bonemold.tga,Weapon,dire spark bolt,Dire Sparkbolt,w\W_Bolt_bonemold.NIF,Morrowind
w\tx_bolt_bonemold.tga,Weapon,dire viper bolt,Dire Viperbolt,w\W_Bolt_bonemold.NIF,Morrowind
w\tx_bolt_corkbulb.tga,Weapon,corkbulb bolt,Corkbulb Bolt,w\W_bolt_corkbulb.NIF,Morrowind
w\tx_bolt_iron.tga,Weapon,iron bolt,Iron Bolt,w\W_Bolt_iron.NIF,Morrowind
w\tx_bolt_orcish.tga,Weapon,orcish bolt,Orcish Bolt,w\W_Bolt_orcish.NIF,Morrowind
w\tx_bolt_silver.tga,Weapon,cruel flame bolt,Cruel Flame Bolt,w\W_Bolt_silver.NIF,Morrowind
w\tx_bolt_silver.tga,Weapon,cruel shard bolt,Cruel Shard Bolt,w\W_Bolt_silver.NIF,Morrowind
w\tx_bolt_silver.tga,Weapon,cruel spark bolt,Cruel Spark Bolt,w\W_Bolt_silver.NIF,Morrowind
w\tx_bolt_silver.tga,Weapon,cruel viper bolt,Cruel Viper Bolt,w\W_Bolt_silver.NIF,Morrowind
w\tx_bolt_silver.tga,Weapon,silver bolt,Silver Bolt,w\W_Bolt_silver.NIF,Morrowind
w\tx_bolt_silver.tga,Weapon,silver bolt,Silver Bolt,w\W_Bolt_silver.NIF,Morrowind/Bloodmoon
w\tx_bolt_steel.tga,Weapon,flame_bolt,Flamebolt,w\W_Bolt_steel.NIF,Morrowind
w\tx_bolt_steel.tga,Weapon,shard_bolt,Shardbolt,w\W_Bolt_steel.NIF,Morrowind
w\tx_bolt_steel.tga,Weapon,spark_bolt,Sparkbolt,w\W_Bolt_steel.NIF,Morrowind
w\tx_bolt_steel.tga,Weapon,steel bolt,Steel Bolt,w\W_Bolt_steel.NIF,Morrowind
w\tx_bolt_steel.tga,Weapon,viper_bolt,Viperbolt,w\W_Bolt_steel.NIF,Morrowind
w\tx_chitin_star.tga,Weapon,chitin throwing star,Chitin Throwing Star,w\W_Chitin_star.NIF,Morrowind
w\tx_chitin_star.tga,Weapon,firebite star,Firebite Star,w\W_Chitin_star.NIF,Morrowind
w\tx_crossbow_dwemer.tga,Weapon,dwarven crossbow,Dwarven Crossbow,w\W_Crossbow_Dwemer.NIF,Morrowind
w\tx_crossbow_steell.tga,Weapon,steel crossbow,Steel Crossbow,w\W_Crossbow_Steel.NIF,Morrowind
w\tx_dagger_glass.tga,Weapon,glass dagger,Glass Dagger,w\W_dagger_glass.nif,Morrowind
w\tx_dagger_glass.tga,Weapon,glass dagger_Dae_cursed,Glass Dagger,w\W_dagger_glass.nif,Morrowind
w\tx_dagger_glass.tga,Weapon,glass dagger_symmachus_unique,Dagger of Symmachus,w\W_dagger_glass.nif,Morrowind/Tribunal
w\tx_dagger_glass.tga,Weapon,glass dagger_symmachus_unique_x,Dagger of Symmachus,w\W_dagger_glass.nif,Morrowind/Tribunal
w\tx_dagger_glass.tga,Weapon,glass jinkblade,Glass Jinkblade,w\W_dagger_glass.nif,Morrowind
w\tx_dagger_glass.tga,Weapon,glass netch dagger,Glass Netch Dagger,w\W_dagger_glass.nif,Morrowind
w\tx_dagger_glass.tga,Weapon,glass stormblade,Glass Stormblade,w\W_dagger_glass.nif,Morrowind
w\tx_dagger_glass.tga,Weapon,wild flameblade,Wild Flameblade,w\W_dagger_glass.nif,Morrowind
w\tx_dagger_glass.tga,Weapon,wild shardblade,Wild Shardblade,w\W_dagger_glass.nif,Morrowind
w\tx_dagger_glass.tga,Weapon,wild sparkblade,Wild Sparkblade,w\W_dagger_glass.nif,Morrowind
w\tx_dagger_glass.tga,Weapon,wild viperblade,Wild Viperblade,w\W_dagger_glass.nif,Morrowind
w\tx_dart_daedric.tga,Weapon,daedric dart,Daedric Dart,w\W_dart_daedric.NIF,Morrowind
w\tx_dart_daedric.tga,Weapon,dart_uniq_judgement,Dart of Judgment,w\W_dart_daedric.NIF,Morrowind
w\tx_dart_ebony.tga,Weapon,ebony dart,Ebony Dart,w\W_Dart_ebony.NIF,Morrowind
w\tx_dart_ebony.tga,Weapon,ebony dart_db_unique,A Carved Ebony Dart,w\W_Dart_ebony.NIF,Morrowind/Tribunal
w\tx_dart_silver.tga,Weapon,her dart,Her Dart,w\W_Dart_silver.NIF,Morrowind/Tribunal
w\tx_dart_silver.tga,Weapon,silver dart,Silver Dart,w\W_Dart_silver.NIF,Morrowind
w\tx_dart_silver.tga,Weapon,silver dart,Silver Dart,w\W_Dart_silver.NIF,Morrowind/Bloodmoon
w\tx_dart_silver.tga,Weapon,spite_dart,Spite Dart,w\W_Dart_silver.NIF,Morrowind/Tribunal
w\tx_dreugh_club.tga,Weapon,dreugh club,Dreugh Club,w\W_Dreugh_club.NIF,Morrowind
w\tx_dreugh_club.tga,Weapon,merisan club,Merisan Club,w\W_Dreugh_club.NIF,Morrowind
w\tx_dreugh_staff.tga,Weapon,dreugh staff,Dreugh Staff,w\W_Dreugh_staff.NIF,Morrowind
w\tx_dreugh_staff.tga,Weapon,light staff,Light Staff,w\W_Dreugh_staff.NIF,Morrowind
w\tx_ebony_scimitar.dds,Weapon,Ebony Scimitar_her,Her Ebony Scimitar,w\W_Ebony_Scimitar.NIF,Morrowind/Tribunal
w\tx_ebony_scimitar.tga,Weapon,Ebony Scimitar,Ebony Scimitar,w\W_Ebony_Scimitar.NIF,Morrowind/Tribunal
w\tx_longbow.tga,Weapon,long bow,Long Bow,w\w_longbow.NIF,Morrowind
w\tx_longbow_Ariel.tga,Weapon,ebony_bow_auriel,Auriel's Bow,w\W_longbow_Ariel.NIF,Morrowind
w\tx_longbow_Ariel.tga,Weapon,ebony_bow_auriel_X,Auriel's Bow,w\W_longbow_Ariel.NIF,Morrowind/Tribunal
w\tx_longbow_Steel.tga,Weapon,demon longbow,Demon Longbow,w\W_longbow_steel.NIF,Morrowind
w\tx_longbow_Steel.tga,Weapon,devil longbow,Devil Longbow,w\W_longbow_steel.NIF,Morrowind
w\tx_longbow_Steel.tga,Weapon,fiend longbow,Fiend Longbow,w\W_longbow_steel.NIF,Morrowind
w\tx_longbow_Steel.tga,Weapon,steel longbow,Steel Longbow,w\W_longbow_steel.NIF,Morrowind
w\tx_longbow_Steel.tga,Weapon,steel longbow_carnius,Steel Longbow,w\W_longbow_steel.NIF,Morrowind/Bloodmoon
w\tx_longbow_bonemold.tga,Weapon,bonemold long bow,Bonemold Long Bow,w\W_longbow_bonemold.NIF,Morrowind
w\tx_longbow_daedric.tga,Weapon,bound_longbow,Bound Longbow,w\W_longbow_daedric.NIF,Morrowind
w\tx_longbow_daedric.tga,Weapon,daedric long bow,Daedric Long Bow,w\W_longbow_daedric.NIF,Morrowind
w\tx_mace_iron.tga,Weapon,iron mace,Iron Mace,w\w_mace_iron.nif,Morrowind
w\tx_mace_iron.tga,Weapon,iron mace,Iron Mace,w\w_mace_iron.nif,Morrowind/Tribunal
w\tx_mace_iron.tga,Weapon,lightofday_unique,Light of Day,w\w_mace_iron.nif,Morrowind
w\tx_maceofslurring.tga,Weapon,Mace of Slurring,Mace of Slurring,w\W_Art_MaceofSlurring.NIF,Morrowind/Tribunal
w\tx_maceofslurring.tga,Weapon,Mace of Slurring_x,Mace of Slurring,w\W_Art_MaceofSlurring.NIF,Morrowind/Tribunal
w\tx_miner_pick.tga,Weapon,miner's pick,Miner's Pick,w\W_miner_pick.nif,Morrowind
w\tx_miner_pick.tga,Weapon,miner's pick,Miner's Pick,w\W_miner_pick.nif,Morrowind/Bloodmoon
w\tx_shortbow_chitin.tga,Weapon,bonebiter_bow_unique,Bonebiter Bow of Sul-Senipul,w\W_shortbow_chitin.NIF,Morrowind
w\tx_shortbow_chitin.tga,Weapon,chitin short bow,Chitin Short Bow,w\W_shortbow_chitin.NIF,Morrowind
w\tx_shortbow_steel.tga,Weapon,short bow,Short Bow,w\W_shortbow_steel.NIF,Morrowind
w\tx_shortbow_steel.tga,Weapon,shortbow of sanguine sureflight,Shortbow of Sanguine Sureflight,w\W_shortbow_steel.NIF,Morrowind
w\tx_silver_star.tga,Weapon,cruel flamestar,Cruel Flamestar,w\W_silver_star.NIF,Morrowind
w\tx_silver_star.tga,Weapon,cruel shardstar,Cruel Shardstar,w\W_silver_star.NIF,Morrowind
w\tx_silver_star.tga,Weapon,cruel sparkstar,Cruel Sparkstar,w\W_silver_star.NIF,Morrowind
w\tx_silver_star.tga,Weapon,cruel viperstar,Cruel Viperstar,w\W_silver_star.NIF,Morrowind
w\tx_silver_star.tga,Weapon,silver throwing star,Silver Throwing Star,w\W_silver_star.NIF,Morrowind
w\tx_silver_star.tga,Weapon,silver throwing star,Silver Throwing Star,w\W_silver_star.NIF,Morrowind/Bloodmoon
w\tx_spikedClub.tga,Weapon,steel club,Steel Club,w\W_spikedClub.NIF,Morrowind
w\tx_star_ebony.tga,Weapon,ebony throwing star,Ebony Throwing Star,w\W_Star_Ebony.NIF,Morrowind
w\tx_star_glass.tga,Weapon,glass throwing star,Glass Throwing Star,w\W_Star_Glass.NIF,Morrowind
w\tx_w_StendarsHammer.dds,Weapon,stendar_hammer_unique,Stendarr's Hammer,w\W_StendarsHammer.NIF,Morrowind/Tribunal
w\tx_w_StendarsHammer.dds,Weapon,stendar_hammer_unique_x,Stendarr's Hammer,w\W_StendarsHammer.NIF,Morrowind/Tribunal
w\tx_w_dart_steel.tga,Weapon,black dart,Black Dart,w\W_dart_steel.NIF,Morrowind/Tribunal
w\tx_w_dart_steel.tga,Weapon,bleeder dart,Bleeder Dart,w\W_dart_steel.NIF,Morrowind/Tribunal
w\tx_w_dart_steel.tga,Weapon,carmine dart,Carmine Dart,w\W_dart_steel.NIF,Morrowind/Tribunal
w\tx_w_dart_steel.tga,Weapon,fine black dart,Fine Black Dart,w\W_dart_steel.NIF,Morrowind/Tribunal
w\tx_w_dart_steel.tga,Weapon,fine bleeder dart,Fine Bleeder Dart,w\W_dart_steel.NIF,Morrowind/Tribunal
w\tx_w_dart_steel.tga,Weapon,fine carmine dart,Fine Carmine Dart,w\W_dart_steel.NIF,Morrowind/Tribunal
w\tx_w_dart_steel.tga,Weapon,fine spring dart,Fine Spring Dart,w\W_dart_steel.NIF,Morrowind/Tribunal
w\tx_w_dart_steel.tga,Weapon,spring dart,Spring Dart,w\W_dart_steel.NIF,Morrowind/Tribunal
w\tx_w_dart_steel.tga,Weapon,steel dart,Steel Dart,w\W_dart_steel.NIF,Morrowind
